                                  MODFLOW-2005     
      U.S. GEOLOGICAL SURVEY MODULAR FINITE-DIFFERENCE GROUND-WATER FLOW MODEL
                            VERSION 1.12.00 2/3/2017

 LIST FILE: my_river_model.list
                         UNIT    2

 OPENING my_river_model.dis
 FILE TYPE:DIS   UNIT   11   STATUS:OLD    
 FORMAT:FORMATTED              ACCESS:SEQUENTIAL          

 OPENING my_river_model.bas
 FILE TYPE:BAS6   UNIT   13   STATUS:OLD    
 FORMAT:FORMATTED              ACCESS:SEQUENTIAL          

 OPENING my_river_model.lpf
 FILE TYPE:LPF   UNIT   15   STATUS:OLD    
 FORMAT:FORMATTED              ACCESS:SEQUENTIAL          

 OPENING my_river_model.chd
 FILE TYPE:CHD   UNIT   24   STATUS:OLD    
 FORMAT:FORMATTED              ACCESS:SEQUENTIAL          

 OPENING my_river_model.riv
 FILE TYPE:RIV   UNIT   18   STATUS:OLD    
 FORMAT:FORMATTED              ACCESS:SEQUENTIAL          

 OPENING my_river_model.oc
 FILE TYPE:OC   UNIT   14   STATUS:OLD    
 FORMAT:FORMATTED              ACCESS:SEQUENTIAL          

 OPENING my_river_model.pcg
 FILE TYPE:PCG   UNIT   27   STATUS:OLD    
 FORMAT:FORMATTED              ACCESS:SEQUENTIAL          

 OPENING my_river_model.cbc
 FILE TYPE:DATA(BINARY)   UNIT   53   STATUS:REPLACE
 FORMAT:UNFORMATTED            ACCESS:STREAM              

 OPENING my_river_model.hds
 FILE TYPE:DATA(BINARY)   UNIT   51   STATUS:REPLACE
 FORMAT:UNFORMATTED            ACCESS:STREAM              

 OPENING my_river_model.ddn
 FILE TYPE:DATA(BINARY)   UNIT   52   STATUS:REPLACE
 FORMAT:UNFORMATTED            ACCESS:STREAM              

 BAS -- BASIC PACKAGE, VERSION 7, 5/2/2005 INPUT READ FROM UNIT   13
 
 MODFLOW was compiled using mixed precision
 Precision of REAL variables:           6
 Precision of DOUBLE PRECISION variables:          15

 DISCRETIZATION INPUT DATA READ FROM UNIT   11
 # DIS package for MODFLOW-2005 generated by Flopy 3.9.5
    1 LAYERS        50 ROWS        50 COLUMNS
    3 STRESS PERIOD(S) IN SIMULATION
 MODEL TIME UNIT IS DAYS
 MODEL LENGTH UNIT IS METERS
  Confining bed flag for each layer:
   0

                     DELR =   20.0000    

                     DELC =   20.0000    

 TOP ELEVATION OF LAYER 1 =   0.00000    

   MODEL LAYER BOTTOM EL. =  -50.0000     FOR LAYER   1


 STRESS PERIOD     LENGTH       TIME STEPS     MULTIPLIER FOR DELT    SS FLAG
 ----------------------------------------------------------------------------
        1         1.000000          1                    1.000         SS
        2         5.000000         10                    1.000         TR
        3         5.000000         10                    1.000         TR

 COMBINED STEADY-STATE AND TRANSIENT SIMULATION



 
 # BAS6 package for MODFLOW-2005 generated by Flopy 3.9.5                        
 THE FREE FORMAT OPTION HAS BEEN SELECTED



                     BOUNDARY ARRAY FOR LAYER   1
 READING ON UNIT   13 WITH FORMAT: (50I10)             

 AQUIFER HEAD WILL BE SET TO  -999.99     AT ALL NO-FLOW NODES (IBOUND=0).



                       INITIAL HEAD FOR LAYER   1
 READING ON UNIT   13 WITH FORMAT: (50E15.6)           
 # OC package for MODFLOW-2005 generated by Flopy 3.9.5

 OUTPUT CONTROL IS SPECIFIED ONLY AT TIME STEPS FOR WHICH OUTPUT IS DESIRED
 COMPACT CELL-BY-CELL BUDGET FILES WILL BE WRITTEN
 AUXILIARY DATA WILL BE SAVED IN CELL-BY-CELL BUDGET FILES
 HEAD PRINT FORMAT CODE IS   0    DRAWDOWN PRINT FORMAT CODE IS   0
 HEADS WILL BE SAVED ON UNIT   51    DRAWDOWNS WILL BE SAVED ON UNIT   52

 LPF -- LAYER-PROPERTY FLOW PACKAGE, VERSION 7, 5/2/2005
         INPUT READ FROM UNIT   15
 # LPF package for MODFLOW-2005 generated by Flopy 3.9.5
 CELL-BY-CELL FLOWS WILL BE SAVED ON UNIT   53
 HEAD AT CELLS THAT CONVERT TO DRY= -1.00000E+30
 No named parameters

   LAYER FLAGS:
 LAYER       LAYTYP        LAYAVG         CHANI        LAYVKA        LAYWET
 ---------------------------------------------------------------------------
    1             1             0     1.000E+00             0             0

   INTERPRETATION OF LAYER FLAGS:
                        INTERBLOCK     HORIZONTAL    DATA IN
         LAYER TYPE   TRANSMISSIVITY   ANISOTROPY   ARRAY VKA   WETTABILITY
 LAYER      (LAYTYP)      (LAYAVG)       (CHANI)      (LAYVKA)      (LAYWET)
 ---------------------------------------------------------------------------
    1   CONVERTIBLE      HARMONIC     1.000E+00    VERTICAL K  NON-WETTABLE

 WETTING CAPABILITY IS NOT ACTIVE IN ANY LAYER

    HYD. COND. ALONG ROWS =   1.00000     FOR LAYER   1

      VERTICAL HYD. COND. =  0.100000     FOR LAYER   1

         SPECIFIC STORAGE =  1.000000E-04 FOR LAYER   1

           SPECIFIC YIELD =  0.100000     FOR LAYER   1

 RIV -- RIVER PACKAGE, VERSION 7, 5/2/2005 INPUT READ FROM UNIT   18
 # RIV package for MODFLOW-2005 generated by Flopy 3.9.5
 No named parameters
 MAXIMUM OF     50 ACTIVE RIVER REACHES AT ONE TIME
 CELL-BY-CELL FLOWS WILL BE SAVED ON UNIT   53


     0 River parameters

 CHD -- TIME-VARIANT SPECIFIED-HEAD OPTION, VERSION 7, 5/2/2005
 INPUT READ FROM UNIT   24
 # CHD package for MODFLOW-2005 generated by Flopy 3.9.5
 No named parameters
 MAXIMUM OF    100 TIME-VARIANT SPECIFIED-HEAD CELLS AT ONE TIME


     0 TIME-VARIANT SPECIFIED-HEAD PARAMETERS

 PCG -- CONJUGATE-GRADIENT SOLUTION PACKAGE, VERSION 7, 5/2/2005
 # PCG package for MODFLOW-2005 generated by Flopy 3.9.5
 MAXIMUM OF     50 CALLS OF SOLUTION ROUTINE
 MAXIMUM OF     30 INTERNAL ITERATIONS PER CALL TO SOLUTION ROUTINE
 MATRIX PRECONDITIONING TYPE :    1



                                    SOLUTION BY THE CONJUGATE-GRADIENT METHOD
                                   -------------------------------------------
                    MAXIMUM NUMBER OF CALLS TO PCG ROUTINE =       50
                        MAXIMUM ITERATIONS PER CALL TO PCG =       30
                               MATRIX PRECONDITIONING TYPE =        1
        RELAXATION FACTOR (ONLY USED WITH PRECOND. TYPE 1) =    0.10000E+01
 PARAMETER OF POLYNOMIAL PRECOND. = 2 (2) OR IS CALCULATED :        0
                         HEAD CHANGE CRITERION FOR CLOSURE =    0.10000E-04
                     RESIDUAL CHANGE CRITERION FOR CLOSURE =    0.10000E-04
            PCG HEAD AND RESIDUAL CHANGE PRINTOUT INTERVAL =      999
     PRINTING FROM SOLVER IS LIMITED(1) OR SUPPRESSED (>1) =        3
                            STEADY-STATE DAMPING PARAMETER =    0.10000E+01
                               TRANSIENT DAMPING PARAMETER =    0.10000E+01
1
                            STRESS PERIOD NO.    1, LENGTH =   1.000000    
                            -----------------------------------------------

                              NUMBER OF TIME STEPS =     1

                               MULTIPLIER FOR DELT =     1.000

                            INITIAL TIME STEP SIZE =   1.000000    

 REACH NO.  LAYER   ROW   COL     STAGE      CONDUCTANCE     BOTTOM EL.         
 -------------------------------------------------------------------------------
      1      1      1     26       1.000           8000.           0.000    
      2      1      2     26       1.000           8000.           0.000    
      3      1      3     26       1.000           8000.           0.000    
      4      1      4     26       1.000           8000.           0.000    
      5      1      5     26       1.000           8000.           0.000    
      6      1      6     26       1.000           8000.           0.000    
      7      1      7     26       1.000           8000.           0.000    
      8      1      8     26       1.000           8000.           0.000    
      9      1      9     26       1.000           8000.           0.000    
     10      1     10     26       1.000           8000.           0.000    
     11      1     11     26       1.000           8000.           0.000    
     12      1     12     26       1.000           8000.           0.000    
     13      1     13     26       1.000           8000.           0.000    
     14      1     14     26       1.000           8000.           0.000    
     15      1     15     26       1.000           8000.           0.000    
     16      1     16     26       1.000           8000.           0.000    
     17      1     17     26       1.000           8000.           0.000    
     18      1     18     26       1.000           8000.           0.000    
     19      1     19     26       1.000           8000.           0.000    
     20      1     20     26       1.000           8000.           0.000    
     21      1     21     26       1.000           8000.           0.000    
     22      1     22     26       1.000           8000.           0.000    
     23      1     23     26       1.000           8000.           0.000    
     24      1     24     26       1.000           8000.           0.000    
     25      1     25     26       1.000           8000.           0.000    
     26      1     26     26       1.000           8000.           0.000    
     27      1     27     26       1.000           8000.           0.000    
     28      1     28     26       1.000           8000.           0.000    
     29      1     29     26       1.000           8000.           0.000    
     30      1     30     26       1.000           8000.           0.000    
     31      1     31     26       1.000           8000.           0.000    
     32      1     32     26       1.000           8000.           0.000    
     33      1     33     26       1.000           8000.           0.000    
     34      1     34     26       1.000           8000.           0.000    
     35      1     35     26       1.000           8000.           0.000    
     36      1     36     26       1.000           8000.           0.000    
     37      1     37     26       1.000           8000.           0.000    
     38      1     38     26       1.000           8000.           0.000    
     39      1     39     26       1.000           8000.           0.000    
     40      1     40     26       1.000           8000.           0.000    
     41      1     41     26       1.000           8000.           0.000    
     42      1     42     26       1.000           8000.           0.000    
     43      1     43     26       1.000           8000.           0.000    
     44      1     44     26       1.000           8000.           0.000    
     45      1     45     26       1.000           8000.           0.000    
     46      1     46     26       1.000           8000.           0.000    
     47      1     47     26       1.000           8000.           0.000    
     48      1     48     26       1.000           8000.           0.000    
     49      1     49     26       1.000           8000.           0.000    
     50      1     50     26       1.000           8000.           0.000    

     50 RIVER REACHES

 CHD NO.   LAYER   ROW   COL    START HEAD        END HEAD         
 ------------------------------------------------------------------
      1      1      1      1       2.000           2.000    
      2      1      1     50       2.000           2.000    
      3      1      2      1       2.000           2.000    
      4      1      2     50       2.000           2.000    
      5      1      3      1       2.000           2.000    
      6      1      3     50       2.000           2.000    
      7      1      4      1       2.000           2.000    
      8      1      4     50       2.000           2.000    
      9      1      5      1       2.000           2.000    
     10      1      5     50       2.000           2.000    
     11      1      6      1       2.000           2.000    
     12      1      6     50       2.000           2.000    
     13      1      7      1       2.000           2.000    
     14      1      7     50       2.000           2.000    
     15      1      8      1       2.000           2.000    
     16      1      8     50       2.000           2.000    
     17      1      9      1       2.000           2.000    
     18      1      9     50       2.000           2.000    
     19      1     10      1       2.000           2.000    
     20      1     10     50       2.000           2.000    
     21      1     11      1       2.000           2.000    
     22      1     11     50       2.000           2.000    
     23      1     12      1       2.000           2.000    
     24      1     12     50       2.000           2.000    
     25      1     13      1       2.000           2.000    
     26      1     13     50       2.000           2.000    
     27      1     14      1       2.000           2.000    
     28      1     14     50       2.000           2.000    
     29      1     15      1       2.000           2.000    
     30      1     15     50       2.000           2.000    
     31      1     16      1       2.000           2.000    
     32      1     16     50       2.000           2.000    
     33      1     17      1       2.000           2.000    
     34      1     17     50       2.000           2.000    
     35      1     18      1       2.000           2.000    
     36      1     18     50       2.000           2.000    
     37      1     19      1       2.000           2.000    
     38      1     19     50       2.000           2.000    
     39      1     20      1       2.000           2.000    
     40      1     20     50       2.000           2.000    
     41      1     21      1       2.000           2.000    
     42      1     21     50       2.000           2.000    
     43      1     22      1       2.000           2.000    
     44      1     22     50       2.000           2.000    
     45      1     23      1       2.000           2.000    
     46      1     23     50       2.000           2.000    
     47      1     24      1       2.000           2.000    
     48      1     24     50       2.000           2.000    
     49      1     25      1       2.000           2.000    
     50      1     25     50       2.000           2.000    
     51      1     26      1       2.000           2.000    
     52      1     26     50       2.000           2.000    
     53      1     27      1       2.000           2.000    
     54      1     27     50       2.000           2.000    
     55      1     28      1       2.000           2.000    
     56      1     28     50       2.000           2.000    
     57      1     29      1       2.000           2.000    
     58      1     29     50       2.000           2.000    
     59      1     30      1       2.000           2.000    
     60      1     30     50       2.000           2.000    
     61      1     31      1       2.000           2.000    
     62      1     31     50       2.000           2.000    
     63      1     32      1       2.000           2.000    
     64      1     32     50       2.000           2.000    
     65      1     33      1       2.000           2.000    
     66      1     33     50       2.000           2.000    
     67      1     34      1       2.000           2.000    
     68      1     34     50       2.000           2.000    
     69      1     35      1       2.000           2.000    
     70      1     35     50       2.000           2.000    
     71      1     36      1       2.000           2.000    
     72      1     36     50       2.000           2.000    
     73      1     37      1       2.000           2.000    
     74      1     37     50       2.000           2.000    
     75      1     38      1       2.000           2.000    
     76      1     38     50       2.000           2.000    
     77      1     39      1       2.000           2.000    
     78      1     39     50       2.000           2.000    
     79      1     40      1       2.000           2.000    
     80      1     40     50       2.000           2.000    
     81      1     41      1       2.000           2.000    
     82      1     41     50       2.000           2.000    
     83      1     42      1       2.000           2.000    
     84      1     42     50       2.000           2.000    
     85      1     43      1       2.000           2.000    
     86      1     43     50       2.000           2.000    
     87      1     44      1       2.000           2.000    
     88      1     44     50       2.000           2.000    
     89      1     45      1       2.000           2.000    
     90      1     45     50       2.000           2.000    
     91      1     46      1       2.000           2.000    
     92      1     46     50       2.000           2.000    
     93      1     47      1       2.000           2.000    
     94      1     47     50       2.000           2.000    
     95      1     48      1       2.000           2.000    
     96      1     48     50       2.000           2.000    
     97      1     49      1       2.000           2.000    
     98      1     49     50       2.000           2.000    
     99      1     50      1       2.000           2.000    
    100      1     50     50       2.000           2.000    


    100 TIME-VARIANT SPECIFIED-HEAD CELLS
 
 SOLVING FOR HEAD 

 OUTPUT CONTROL FOR STRESS PERIOD    1   TIME STEP    1
    SAVE HEAD FOR ALL LAYERS
    SAVE DRAWDOWN FOR ALL LAYERS
    SAVE BUDGET
    PRINT HEAD FOR ALL LAYERS
    PRINT BUDGET
 UBDSV2 SAVING "   CONSTANT HEAD" ON UNIT  53 AT TIME STEP  1, STRESS PERIOD   1
 UBDSV1 SAVING "FLOW RIGHT FACE " ON UNIT  53 AT TIME STEP  1, STRESS PERIOD   1
 UBDSV1 SAVING "FLOW FRONT FACE " ON UNIT  53 AT TIME STEP  1, STRESS PERIOD   1
 UBDSV4 SAVING "   RIVER LEAKAGE" ON UNIT  53 AT TIME STEP  1, STRESS PERIOD   1
1
              HEAD IN LAYER   1 AT END OF TIME STEP   1 IN STRESS PERIOD    1
  ---------------------------------------------------------------------------

            1           2           3           4           5           6           7           8           9          10
           11          12          13          14          15          16          17          18          19          20
           21          22          23          24          25          26          27          28          29          30
           31          32          33          34          35          36          37          38          39          40
           41          42          43          44          45          46          47          48          49          50
 ........................................................................................................................
   1    2.000       1.960       1.920       1.880       1.840       1.800       1.760       1.720       1.680       1.640    
        1.600       1.560       1.520       1.480       1.440       1.400       1.360       1.320       1.280       1.240    
        1.200       1.160       1.120       1.080       1.040       1.001       1.042       1.084       1.125       1.167    
        1.209       1.250       1.292       1.334       1.375       1.417       1.459       1.500       1.542       1.584    
        1.625       1.667       1.708       1.750       1.792       1.833       1.875       1.917       1.958       2.000    
   2    2.000       1.960       1.920       1.880       1.840       1.800       1.760       1.720       1.680       1.640    
        1.600       1.560       1.520       1.480       1.440       1.400       1.360       1.320       1.280       1.240    
        1.200       1.160       1.120       1.080       1.040       1.001       1.042       1.084       1.125       1.167    
        1.209       1.250       1.292       1.334       1.375       1.417       1.459       1.500       1.542       1.584    
        1.625       1.667       1.708       1.750       1.792       1.833       1.875       1.917       1.958       2.000    
   3    2.000       1.960       1.920       1.880       1.840       1.800       1.760       1.720       1.680       1.640    
        1.600       1.560       1.520       1.480       1.440       1.400       1.360       1.320       1.280       1.240    
        1.200       1.160       1.120       1.080       1.040       1.001       1.042       1.084       1.125       1.167    
        1.209       1.250       1.292       1.334       1.375       1.417       1.459       1.500       1.542       1.584    
        1.625       1.667       1.708       1.750       1.792       1.833       1.875       1.917       1.958       2.000    
   4    2.000       1.960       1.920       1.880       1.840       1.800       1.760       1.720       1.680       1.640    
        1.600       1.560       1.520       1.480       1.440       1.400       1.360       1.320       1.280       1.240    
        1.200       1.160       1.120       1.080       1.040       1.001       1.042       1.084       1.125       1.167    
        1.209       1.250       1.292       1.334       1.375       1.417       1.459       1.500       1.542       1.584    
        1.625       1.667       1.708       1.750       1.792       1.833       1.875       1.917       1.958       2.000    
   5    2.000       1.960       1.920       1.880       1.840       1.800       1.760       1.720       1.680       1.640    
        1.600       1.560       1.520       1.480       1.440       1.400       1.360       1.320       1.280       1.240    
        1.200       1.160       1.120       1.080       1.040       1.001       1.042       1.084       1.125       1.167    
        1.209       1.250       1.292       1.334       1.375       1.417       1.459       1.500       1.542       1.584    
        1.625       1.667       1.708       1.750       1.792       1.833       1.875       1.917       1.958       2.000    
   6    2.000       1.960       1.920       1.880       1.840       1.800       1.760       1.720       1.680       1.640    
        1.600       1.560       1.520       1.480       1.440       1.400       1.360       1.320       1.280       1.240    
        1.200       1.160       1.120       1.080       1.040       1.001       1.042       1.084       1.125       1.167    
        1.209       1.250       1.292       1.334       1.375       1.417       1.459       1.500       1.542       1.584    
        1.625       1.667       1.708       1.750       1.792       1.833       1.875       1.917       1.958       2.000    
   7    2.000       1.960       1.920       1.880       1.840       1.800       1.760       1.720       1.680       1.640    
        1.600       1.560       1.520       1.480       1.440       1.400       1.360       1.320       1.280       1.240    
        1.200       1.160       1.120       1.080       1.040       1.001       1.042       1.084       1.125       1.167    
        1.209       1.250       1.292       1.334       1.375       1.417       1.459       1.500       1.542       1.584    
        1.625       1.667       1.708       1.750       1.792       1.833       1.875       1.917       1.958       2.000    
   8    2.000       1.960       1.920       1.880       1.840       1.800       1.760       1.720       1.680       1.640    
        1.600       1.560       1.520       1.480       1.440       1.400       1.360       1.320       1.280       1.240    
        1.200       1.160       1.120       1.080       1.040       1.001       1.042       1.084       1.125       1.167    
        1.209       1.250       1.292       1.334       1.375       1.417       1.459       1.500       1.542       1.584    
        1.625       1.667       1.708       1.750       1.792       1.833       1.875       1.917       1.958       2.000    
   9    2.000       1.960       1.920       1.880       1.840       1.800       1.760       1.720       1.680       1.640    
        1.600       1.560       1.520       1.480       1.440       1.400       1.360       1.320       1.280       1.240    
        1.200       1.160       1.120       1.080       1.040       1.001       1.042       1.084       1.125       1.167    
        1.209       1.250       1.292       1.334       1.375       1.417       1.459       1.500       1.542       1.584    
        1.625       1.667       1.708       1.750       1.792       1.833       1.875       1.917       1.958       2.000    
  10    2.000       1.960       1.920       1.880       1.840       1.800       1.760       1.720       1.680       1.640    
        1.600       1.560       1.520       1.480       1.440       1.400       1.360       1.320       1.280       1.240    
        1.200       1.160       1.120       1.080       1.040       1.001       1.042       1.084       1.125       1.167    
        1.209       1.250       1.292       1.334       1.375       1.417       1.459       1.500       1.542       1.584    
        1.625       1.667       1.708       1.750       1.792       1.833       1.875       1.917       1.958       2.000    
  11    2.000       1.960       1.920       1.880       1.840       1.800       1.760       1.720       1.680       1.640    
        1.600       1.560       1.520       1.480       1.440       1.400       1.360       1.320       1.280       1.240    
        1.200       1.160       1.120       1.080       1.040       1.001       1.042       1.084       1.125       1.167    
        1.209       1.250       1.292       1.334       1.375       1.417       1.459       1.500       1.542       1.584    
        1.625       1.667       1.708       1.750       1.792       1.833       1.875       1.917       1.958       2.000    
  12    2.000       1.960       1.920       1.880       1.840       1.800       1.760       1.720       1.680       1.640    
        1.600       1.560       1.520       1.480       1.440       1.400       1.360       1.320       1.280       1.240    
        1.200       1.160       1.120       1.080       1.040       1.001       1.042       1.084       1.125       1.167    
        1.209       1.250       1.292       1.334       1.375       1.417       1.459       1.500       1.542       1.584    
        1.625       1.667       1.708       1.750       1.792       1.833       1.875       1.917       1.958       2.000    
  13    2.000       1.960       1.920       1.880       1.840       1.800       1.760       1.720       1.680       1.640    
        1.600       1.560       1.520       1.480       1.440       1.400       1.360       1.320       1.280       1.240    
        1.200       1.160       1.120       1.080       1.040       1.001       1.042       1.084       1.125       1.167    
        1.209       1.250       1.292       1.334       1.375       1.417       1.459       1.500       1.542       1.584    
        1.625       1.667       1.708       1.750       1.792       1.833       1.875       1.917       1.958       2.000    
  14    2.000       1.960       1.920       1.880       1.840       1.800       1.760       1.720       1.680       1.640    
        1.600       1.560       1.520       1.480       1.440       1.400       1.360       1.320       1.280       1.240    
        1.200       1.160       1.120       1.080       1.040       1.001       1.042       1.084       1.125       1.167    
        1.209       1.250       1.292       1.334       1.375       1.417       1.459       1.500       1.542       1.584    
        1.625       1.667       1.708       1.750       1.792       1.833       1.875       1.917       1.958       2.000    
  15    2.000       1.960       1.920       1.880       1.840       1.800       1.760       1.720       1.680       1.640    
        1.600       1.560       1.520       1.480       1.440       1.400       1.360       1.320       1.280       1.240    
        1.200       1.160       1.120       1.080       1.040       1.001       1.042       1.084       1.125       1.167    
        1.209       1.250       1.292       1.334       1.375       1.417       1.459       1.500       1.542       1.584    
        1.625       1.667       1.708       1.750       1.792       1.833       1.875       1.917       1.958       2.000    
  16    2.000       1.960       1.920       1.880       1.840       1.800       1.760       1.720       1.680       1.640    
        1.600       1.560       1.520       1.480       1.440       1.400       1.360       1.320       1.280       1.240    
        1.200       1.160       1.120       1.080       1.040       1.001       1.042       1.084       1.125       1.167    
        1.209       1.250       1.292       1.334       1.375       1.417       1.459       1.500       1.542       1.584    
        1.625       1.667       1.708       1.750       1.792       1.833       1.875       1.917       1.958       2.000    
  17    2.000       1.960       1.920       1.880       1.840       1.800       1.760       1.720       1.680       1.640    
        1.600       1.560       1.520       1.480       1.440       1.400       1.360       1.320       1.280       1.240    
        1.200       1.160       1.120       1.080       1.040       1.001       1.042       1.084       1.125       1.167    
        1.209       1.250       1.292       1.334       1.375       1.417       1.459       1.500       1.542       1.584    
        1.625       1.667       1.708       1.750       1.792       1.833       1.875       1.917       1.958       2.000    
  18    2.000       1.960       1.920       1.880       1.840       1.800       1.760       1.720       1.680       1.640    
        1.600       1.560       1.520       1.480       1.440       1.400       1.360       1.320       1.280       1.240    
        1.200       1.160       1.120       1.080       1.040       1.001       1.042       1.084       1.125       1.167    
        1.209       1.250       1.292       1.334       1.375       1.417       1.459       1.500       1.542       1.584    
        1.625       1.667       1.708       1.750       1.792       1.833       1.875       1.917       1.958       2.000    
  19    2.000       1.960       1.920       1.880       1.840       1.800       1.760       1.720       1.680       1.640    
        1.600       1.560       1.520       1.480       1.440       1.400       1.360       1.320       1.280       1.240    
        1.200       1.160       1.120       1.080       1.040       1.001       1.042       1.084       1.125       1.167    
        1.209       1.250       1.292       1.334       1.375       1.417       1.459       1.500       1.542       1.584    
        1.625       1.667       1.708       1.750       1.792       1.833       1.875       1.917       1.958       2.000    
  20    2.000       1.960       1.920       1.880       1.840       1.800       1.760       1.720       1.680       1.640    
        1.600       1.560       1.520       1.480       1.440       1.400       1.360       1.320       1.280       1.240    
        1.200       1.160       1.120       1.080       1.040       1.001       1.042       1.084       1.125       1.167    
        1.209       1.250       1.292       1.334       1.375       1.417       1.459       1.500       1.542       1.584    
        1.625       1.667       1.708       1.750       1.792       1.833       1.875       1.917       1.958       2.000    
  21    2.000       1.960       1.920       1.880       1.840       1.800       1.760       1.720       1.680       1.640    
        1.600       1.560       1.520       1.480       1.440       1.400       1.360       1.320       1.280       1.240    
        1.200       1.160       1.120       1.080       1.040       1.001       1.042       1.084       1.125       1.167    
        1.209       1.250       1.292       1.334       1.375       1.417       1.459       1.500       1.542       1.584    
        1.625       1.667       1.708       1.750       1.792       1.833       1.875       1.917       1.958       2.000    
  22    2.000       1.960       1.920       1.880       1.840       1.800       1.760       1.720       1.680       1.640    
        1.600       1.560       1.520       1.480       1.440       1.400       1.360       1.320       1.280       1.240    
        1.200       1.160       1.120       1.080       1.040       1.001       1.042       1.084       1.125       1.167    
        1.209       1.250       1.292       1.334       1.375       1.417       1.459       1.500       1.542       1.584    
        1.625       1.667       1.708       1.750       1.792       1.833       1.875       1.917       1.958       2.000    
  23    2.000       1.960       1.920       1.880       1.840       1.800       1.760       1.720       1.680       1.640    
        1.600       1.560       1.520       1.480       1.440       1.400       1.360       1.320       1.280       1.240    
        1.200       1.160       1.120       1.080       1.040       1.001       1.042       1.084       1.125       1.167    
        1.209       1.250       1.292       1.334       1.375       1.417       1.459       1.500       1.542       1.584    
        1.625       1.667       1.708       1.750       1.792       1.833       1.875       1.917       1.958       2.000    
  24    2.000       1.960       1.920       1.880       1.840       1.800       1.760       1.720       1.680       1.640    
        1.600       1.560       1.520       1.480       1.440       1.400       1.360       1.320       1.280       1.240    
        1.200       1.160       1.120       1.080       1.040       1.001       1.042       1.084       1.125       1.167    
        1.209       1.250       1.292       1.334       1.375       1.417       1.459       1.500       1.542       1.584    
        1.625       1.667       1.708       1.750       1.792       1.833       1.875       1.917       1.958       2.000    
  25    2.000       1.960       1.920       1.880       1.840       1.800       1.760       1.720       1.680       1.640    
        1.600       1.560       1.520       1.480       1.440       1.400       1.360       1.320       1.280       1.240    
        1.200       1.160       1.120       1.080       1.040       1.001       1.042       1.084       1.125       1.167    
        1.209       1.250       1.292       1.334       1.375       1.417       1.459       1.500       1.542       1.584    
        1.625       1.667       1.708       1.750       1.792       1.833       1.875       1.917       1.958       2.000    
  26    2.000       1.960       1.920       1.880       1.840       1.800       1.760       1.720       1.680       1.640    
        1.600       1.560       1.520       1.480       1.440       1.400       1.360       1.320       1.280       1.240    
        1.200       1.160       1.120       1.080       1.040       1.001       1.042       1.084       1.125       1.167    
        1.209       1.250       1.292       1.334       1.375       1.417       1.459       1.500       1.542       1.584    
        1.625       1.667       1.708       1.750       1.792       1.833       1.875       1.917       1.958       2.000    
  27    2.000       1.960       1.920       1.880       1.840       1.800       1.760       1.720       1.680       1.640    
        1.600       1.560       1.520       1.480       1.440       1.400       1.360       1.320       1.280       1.240    
        1.200       1.160       1.120       1.080       1.040       1.001       1.042       1.084       1.125       1.167    
        1.209       1.250       1.292       1.334       1.375       1.417       1.459       1.500       1.542       1.584    
        1.625       1.667       1.708       1.750       1.792       1.833       1.875       1.917       1.958       2.000    
  28    2.000       1.960       1.920       1.880       1.840       1.800       1.760       1.720       1.680       1.640    
        1.600       1.560       1.520       1.480       1.440       1.400       1.360       1.320       1.280       1.240    
        1.200       1.160       1.120       1.080       1.040       1.001       1.042       1.084       1.125       1.167    
        1.209       1.250       1.292       1.334       1.375       1.417       1.459       1.500       1.542       1.584    
        1.625       1.667       1.708       1.750       1.792       1.833       1.875       1.917       1.958       2.000    
  29    2.000       1.960       1.920       1.880       1.840       1.800       1.760       1.720       1.680       1.640    
        1.600       1.560       1.520       1.480       1.440       1.400       1.360       1.320       1.280       1.240    
        1.200       1.160       1.120       1.080       1.040       1.001       1.042       1.084       1.125       1.167    
        1.209       1.250       1.292       1.334       1.375       1.417       1.459       1.500       1.542       1.584    
        1.625       1.667       1.708       1.750       1.792       1.833       1.875       1.917       1.958       2.000    
  30    2.000       1.960       1.920       1.880       1.840       1.800       1.760       1.720       1.680       1.640    
        1.600       1.560       1.520       1.480       1.440       1.400       1.360       1.320       1.280       1.240    
        1.200       1.160       1.120       1.080       1.040       1.001       1.042       1.084       1.125       1.167    
        1.209       1.250       1.292       1.334       1.375       1.417       1.459       1.500       1.542       1.584    
        1.625       1.667       1.708       1.750       1.792       1.833       1.875       1.917       1.958       2.000    
  31    2.000       1.960       1.920       1.880       1.840       1.800       1.760       1.720       1.680       1.640    
        1.600       1.560       1.520       1.480       1.440       1.400       1.360       1.320       1.280       1.240    
        1.200       1.160       1.120       1.080       1.040       1.001       1.042       1.084       1.125       1.167    
        1.209       1.250       1.292       1.334       1.375       1.417       1.459       1.500       1.542       1.584    
        1.625       1.667       1.708       1.750       1.792       1.833       1.875       1.917       1.958       2.000    
  32    2.000       1.960       1.920       1.880       1.840       1.800       1.760       1.720       1.680       1.640    
        1.600       1.560       1.520       1.480       1.440       1.400       1.360       1.320       1.280       1.240    
        1.200       1.160       1.120       1.080       1.040       1.001       1.042       1.084       1.125       1.167    
        1.209       1.250       1.292       1.334       1.375       1.417       1.459       1.500       1.542       1.584    
        1.625       1.667       1.708       1.750       1.792       1.833       1.875       1.917       1.958       2.000    
  33    2.000       1.960       1.920       1.880       1.840       1.800       1.760       1.720       1.680       1.640    
        1.600       1.560       1.520       1.480       1.440       1.400       1.360       1.320       1.280       1.240    
        1.200       1.160       1.120       1.080       1.040       1.001       1.042       1.084       1.125       1.167    
        1.209       1.250       1.292       1.334       1.375       1.417       1.459       1.500       1.542       1.584    
        1.625       1.667       1.708       1.750       1.792       1.833       1.875       1.917       1.958       2.000    
  34    2.000       1.960       1.920       1.880       1.840       1.800       1.760       1.720       1.680       1.640    
        1.600       1.560       1.520       1.480       1.440       1.400       1.360       1.320       1.280       1.240    
        1.200       1.160       1.120       1.080       1.040       1.001       1.042       1.084       1.125       1.167    
        1.209       1.250       1.292       1.334       1.375       1.417       1.459       1.500       1.542       1.584    
        1.625       1.667       1.708       1.750       1.792       1.833       1.875       1.917       1.958       2.000    
  35    2.000       1.960       1.920       1.880       1.840       1.800       1.760       1.720       1.680       1.640    
        1.600       1.560       1.520       1.480       1.440       1.400       1.360       1.320       1.280       1.240    
        1.200       1.160       1.120       1.080       1.040       1.001       1.042       1.084       1.125       1.167    
        1.209       1.250       1.292       1.334       1.375       1.417       1.459       1.500       1.542       1.584    
        1.625       1.667       1.708       1.750       1.792       1.833       1.875       1.917       1.958       2.000    
  36    2.000       1.960       1.920       1.880       1.840       1.800       1.760       1.720       1.680       1.640    
        1.600       1.560       1.520       1.480       1.440       1.400       1.360       1.320       1.280       1.240    
        1.200       1.160       1.120       1.080       1.040       1.001       1.042       1.084       1.125       1.167    
        1.209       1.250       1.292       1.334       1.375       1.417       1.459       1.500       1.542       1.584    
        1.625       1.667       1.708       1.750       1.792       1.833       1.875       1.917       1.958       2.000    
  37    2.000       1.960       1.920       1.880       1.840       1.800       1.760       1.720       1.680       1.640    
        1.600       1.560       1.520       1.480       1.440       1.400       1.360       1.320       1.280       1.240    
        1.200       1.160       1.120       1.080       1.040       1.001       1.042       1.084       1.125       1.167    
        1.209       1.250       1.292       1.334       1.375       1.417       1.459       1.500       1.542       1.584    
        1.625       1.667       1.708       1.750       1.792       1.833       1.875       1.917       1.958       2.000    
  38    2.000       1.960       1.920       1.880       1.840       1.800       1.760       1.720       1.680       1.640    
        1.600       1.560       1.520       1.480       1.440       1.400       1.360       1.320       1.280       1.240    
        1.200       1.160       1.120       1.080       1.040       1.001       1.042       1.084       1.125       1.167    
        1.209       1.250       1.292       1.334       1.375       1.417       1.459       1.500       1.542       1.584    
        1.625       1.667       1.708       1.750       1.792       1.833       1.875       1.917       1.958       2.000    
  39    2.000       1.960       1.920       1.880       1.840       1.800       1.760       1.720       1.680       1.640    
        1.600       1.560       1.520       1.480       1.440       1.400       1.360       1.320       1.280       1.240    
        1.200       1.160       1.120       1.080       1.040       1.001       1.042       1.084       1.125       1.167    
        1.209       1.250       1.292       1.334       1.375       1.417       1.459       1.500       1.542       1.584    
        1.625       1.667       1.708       1.750       1.792       1.833       1.875       1.917       1.958       2.000    
  40    2.000       1.960       1.920       1.880       1.840       1.800       1.760       1.720       1.680       1.640    
        1.600       1.560       1.520       1.480       1.440       1.400       1.360       1.320       1.280       1.240    
        1.200       1.160       1.120       1.080       1.040       1.001       1.042       1.084       1.125       1.167    
        1.209       1.250       1.292       1.334       1.375       1.417       1.459       1.500       1.542       1.584    
        1.625       1.667       1.708       1.750       1.792       1.833       1.875       1.917       1.958       2.000    
  41    2.000       1.960       1.920       1.880       1.840       1.800       1.760       1.720       1.680       1.640    
        1.600       1.560       1.520       1.480       1.440       1.400       1.360       1.320       1.280       1.240    
        1.200       1.160       1.120       1.080       1.040       1.001       1.042       1.084       1.125       1.167    
        1.209       1.250       1.292       1.334       1.375       1.417       1.459       1.500       1.542       1.584    
        1.625       1.667       1.708       1.750       1.792       1.833       1.875       1.917       1.958       2.000    
  42    2.000       1.960       1.920       1.880       1.840       1.800       1.760       1.720       1.680       1.640    
        1.600       1.560       1.520       1.480       1.440       1.400       1.360       1.320       1.280       1.240    
        1.200       1.160       1.120       1.080       1.040       1.001       1.042       1.084       1.125       1.167    
        1.209       1.250       1.292       1.334       1.375       1.417       1.459       1.500       1.542       1.584    
        1.625       1.667       1.708       1.750       1.792       1.833       1.875       1.917       1.958       2.000    
  43    2.000       1.960       1.920       1.880       1.840       1.800       1.760       1.720       1.680       1.640    
        1.600       1.560       1.520       1.480       1.440       1.400       1.360       1.320       1.280       1.240    
        1.200       1.160       1.120       1.080       1.040       1.001       1.042       1.084       1.125       1.167    
        1.209       1.250       1.292       1.334       1.375       1.417       1.459       1.500       1.542       1.584    
        1.625       1.667       1.708       1.750       1.792       1.833       1.875       1.917       1.958       2.000    
  44    2.000       1.960       1.920       1.880       1.840       1.800       1.760       1.720       1.680       1.640    
        1.600       1.560       1.520       1.480       1.440       1.400       1.360       1.320       1.280       1.240    
        1.200       1.160       1.120       1.080       1.040       1.001       1.042       1.084       1.125       1.167    
        1.209       1.250       1.292       1.334       1.375       1.417       1.459       1.500       1.542       1.584    
        1.625       1.667       1.708       1.750       1.792       1.833       1.875       1.917       1.958       2.000    
  45    2.000       1.960       1.920       1.880       1.840       1.800       1.760       1.720       1.680       1.640    
        1.600       1.560       1.520       1.480       1.440       1.400       1.360       1.320       1.280       1.240    
        1.200       1.160       1.120       1.080       1.040       1.001       1.042       1.084       1.125       1.167    
        1.209       1.250       1.292       1.334       1.375       1.417       1.459       1.500       1.542       1.584    
        1.625       1.667       1.708       1.750       1.792       1.833       1.875       1.917       1.958       2.000    
  46    2.000       1.960       1.920       1.880       1.840       1.800       1.760       1.720       1.680       1.640    
        1.600       1.560       1.520       1.480       1.440       1.400       1.360       1.320       1.280       1.240    
        1.200       1.160       1.120       1.080       1.040       1.001       1.042       1.084       1.125       1.167    
        1.209       1.250       1.292       1.334       1.375       1.417       1.459       1.500       1.542       1.584    
        1.625       1.667       1.708       1.750       1.792       1.833       1.875       1.917       1.958       2.000    
  47    2.000       1.960       1.920       1.880       1.840       1.800       1.760       1.720       1.680       1.640    
        1.600       1.560       1.520       1.480       1.440       1.400       1.360       1.320       1.280       1.240    
        1.200       1.160       1.120       1.080       1.040       1.001       1.042       1.084       1.125       1.167    
        1.209       1.250       1.292       1.334       1.375       1.417       1.459       1.500       1.542       1.584    
        1.625       1.667       1.708       1.750       1.792       1.833       1.875       1.917       1.958       2.000    
  48    2.000       1.960       1.920       1.880       1.840       1.800       1.760       1.720       1.680       1.640    
        1.600       1.560       1.520       1.480       1.440       1.400       1.360       1.320       1.280       1.240    
        1.200       1.160       1.120       1.080       1.040       1.001       1.042       1.084       1.125       1.167    
        1.209       1.250       1.292       1.334       1.375       1.417       1.459       1.500       1.542       1.584    
        1.625       1.667       1.708       1.750       1.792       1.833       1.875       1.917       1.958       2.000    
  49    2.000       1.960       1.920       1.880       1.840       1.800       1.760       1.720       1.680       1.640    
        1.600       1.560       1.520       1.480       1.440       1.400       1.360       1.320       1.280       1.240    
        1.200       1.160       1.120       1.080       1.040       1.001       1.042       1.084       1.125       1.167    
        1.209       1.250       1.292       1.334       1.375       1.417       1.459       1.500       1.542       1.584    
        1.625       1.667       1.708       1.750       1.792       1.833       1.875       1.917       1.958       2.000    
  50    2.000       1.960       1.920       1.880       1.840       1.800       1.760       1.720       1.680       1.640    
        1.600       1.560       1.520       1.480       1.440       1.400       1.360       1.320       1.280       1.240    
        1.200       1.160       1.120       1.080       1.040       1.001       1.042       1.084       1.125       1.167    
        1.209       1.250       1.292       1.334       1.375       1.417       1.459       1.500       1.542       1.584    
        1.625       1.667       1.708       1.750       1.792       1.833       1.875       1.917       1.958       2.000    

 HEAD WILL BE SAVED ON UNIT   51 AT END OF TIME STEP    1, STRESS PERIOD    1

 DRAWDOWN WILL BE SAVED ON UNIT   52 AT END OF TIME STEP    1, STRESS PERIOD    1
1
  VOLUMETRIC BUDGET FOR ENTIRE MODEL AT END OF TIME STEP    1, STRESS PERIOD   1
  ------------------------------------------------------------------------------

     CUMULATIVE VOLUMES      L**3       RATES FOR THIS TIME STEP      L**3/T
     ------------------                 ------------------------

           IN:                                      IN:
           ---                                      ---
             STORAGE =           0.0000               STORAGE =           0.0000
       CONSTANT HEAD =         204.0625         CONSTANT HEAD =         204.0625
       RIVER LEAKAGE =           0.0000         RIVER LEAKAGE =           0.0000

            TOTAL IN =         204.0625              TOTAL IN =         204.0625

          OUT:                                     OUT:
          ----                                     ----
             STORAGE =           0.0000               STORAGE =           0.0000
       CONSTANT HEAD =           0.0000         CONSTANT HEAD =           0.0000
       RIVER LEAKAGE =         204.0625         RIVER LEAKAGE =         204.0625

           TOTAL OUT =         204.0625             TOTAL OUT =         204.0625

            IN - OUT =       3.0518E-05              IN - OUT =       3.0518E-05

 PERCENT DISCREPANCY =           0.00     PERCENT DISCREPANCY =           0.00






         TIME SUMMARY AT END OF TIME STEP    1 IN STRESS PERIOD    1
                    SECONDS     MINUTES      HOURS       DAYS        YEARS
                    -----------------------------------------------------------
   TIME STEP LENGTH  86400.      1440.0      24.000      1.0000     2.73785E-03
 STRESS PERIOD TIME  86400.      1440.0      24.000      1.0000     2.73785E-03
         TOTAL TIME  86400.      1440.0      24.000      1.0000     2.73785E-03
1
1
                            STRESS PERIOD NO.    2, LENGTH =   5.000000    
                            -----------------------------------------------

                              NUMBER OF TIME STEPS =    10

                               MULTIPLIER FOR DELT =     1.000

                            INITIAL TIME STEP SIZE =  0.5000000    

 REACH NO.  LAYER   ROW   COL     STAGE      CONDUCTANCE     BOTTOM EL.         
 -------------------------------------------------------------------------------
      1      1      1     26       5.000           8000.           0.000    
      2      1      2     26       5.000           8000.           0.000    
      3      1      3     26       5.000           8000.           0.000    
      4      1      4     26       5.000           8000.           0.000    
      5      1      5     26       5.000           8000.           0.000    
      6      1      6     26       5.000           8000.           0.000    
      7      1      7     26       5.000           8000.           0.000    
      8      1      8     26       5.000           8000.           0.000    
      9      1      9     26       5.000           8000.           0.000    
     10      1     10     26       5.000           8000.           0.000    
     11      1     11     26       5.000           8000.           0.000    
     12      1     12     26       5.000           8000.           0.000    
     13      1     13     26       5.000           8000.           0.000    
     14      1     14     26       5.000           8000.           0.000    
     15      1     15     26       5.000           8000.           0.000    
     16      1     16     26       5.000           8000.           0.000    
     17      1     17     26       5.000           8000.           0.000    
     18      1     18     26       5.000           8000.           0.000    
     19      1     19     26       5.000           8000.           0.000    
     20      1     20     26       5.000           8000.           0.000    
     21      1     21     26       5.000           8000.           0.000    
     22      1     22     26       5.000           8000.           0.000    
     23      1     23     26       5.000           8000.           0.000    
     24      1     24     26       5.000           8000.           0.000    
     25      1     25     26       5.000           8000.           0.000    
     26      1     26     26       5.000           8000.           0.000    
     27      1     27     26       5.000           8000.           0.000    
     28      1     28     26       5.000           8000.           0.000    
     29      1     29     26       5.000           8000.           0.000    
     30      1     30     26       5.000           8000.           0.000    
     31      1     31     26       5.000           8000.           0.000    
     32      1     32     26       5.000           8000.           0.000    
     33      1     33     26       5.000           8000.           0.000    
     34      1     34     26       5.000           8000.           0.000    
     35      1     35     26       5.000           8000.           0.000    
     36      1     36     26       5.000           8000.           0.000    
     37      1     37     26       5.000           8000.           0.000    
     38      1     38     26       5.000           8000.           0.000    
     39      1     39     26       5.000           8000.           0.000    
     40      1     40     26       5.000           8000.           0.000    
     41      1     41     26       5.000           8000.           0.000    
     42      1     42     26       5.000           8000.           0.000    
     43      1     43     26       5.000           8000.           0.000    
     44      1     44     26       5.000           8000.           0.000    
     45      1     45     26       5.000           8000.           0.000    
     46      1     46     26       5.000           8000.           0.000    
     47      1     47     26       5.000           8000.           0.000    
     48      1     48     26       5.000           8000.           0.000    
     49      1     49     26       5.000           8000.           0.000    
     50      1     50     26       5.000           8000.           0.000    

     50 RIVER REACHES

 REUSING NON-PARAMETER SPECIFIED-HEAD DATA FROM LAST STRESS PERIOD


    100 TIME-VARIANT SPECIFIED-HEAD CELLS
 
 SOLVING FOR HEAD 

 OUTPUT CONTROL FOR STRESS PERIOD    2   TIME STEP    1
    SAVE HEAD FOR ALL LAYERS
    SAVE DRAWDOWN FOR ALL LAYERS
    SAVE BUDGET
    PRINT HEAD FOR ALL LAYERS
    PRINT BUDGET
 UBDSV1 SAVING "         STORAGE" ON UNIT  53 AT TIME STEP  1, STRESS PERIOD   2
 UBDSV2 SAVING "   CONSTANT HEAD" ON UNIT  53 AT TIME STEP  1, STRESS PERIOD   2
 UBDSV1 SAVING "FLOW RIGHT FACE " ON UNIT  53 AT TIME STEP  1, STRESS PERIOD   2
 UBDSV1 SAVING "FLOW FRONT FACE " ON UNIT  53 AT TIME STEP  1, STRESS PERIOD   2
 UBDSV4 SAVING "   RIVER LEAKAGE" ON UNIT  53 AT TIME STEP  1, STRESS PERIOD   2
1
              HEAD IN LAYER   1 AT END OF TIME STEP   1 IN STRESS PERIOD    2
  ---------------------------------------------------------------------------

            1           2           3           4           5           6           7           8           9          10
           11          12          13          14          15          16          17          18          19          20
           21          22          23          24          25          26          27          28          29          30
           31          32          33          34          35          36          37          38          39          40
           41          42          43          44          45          46          47          48          49          50
 ........................................................................................................................
   1    2.000       1.962       1.924       1.887       1.850       1.813       1.778       1.745       1.713       1.684    
        1.658       1.637       1.622       1.615       1.620       1.638       1.676       1.738       1.834       1.975    
        2.174       2.451       2.831       3.349       4.047       4.986       4.049       3.352       2.836       2.458    
        2.182       1.985       1.846       1.752       1.690       1.655       1.638       1.635       1.644       1.660    
        1.683       1.710       1.741       1.774       1.809       1.846       1.884       1.922       1.961       2.000    
   2    2.000       1.962       1.924       1.887       1.850       1.813       1.778       1.745       1.713       1.684    
        1.658       1.637       1.622       1.615       1.620       1.638       1.676       1.738       1.834       1.975    
        2.174       2.451       2.831       3.349       4.047       4.986       4.049       3.352       2.836       2.458    
        2.182       1.985       1.846       1.752       1.690       1.655       1.638       1.635       1.644       1.660    
        1.683       1.710       1.741       1.774       1.809       1.846       1.884       1.922       1.961       2.000    
   3    2.000       1.962       1.924       1.887       1.850       1.813       1.778       1.745       1.713       1.684    
        1.658       1.637       1.622       1.615       1.620       1.638       1.676       1.738       1.834       1.975    
        2.174       2.451       2.831       3.349       4.047       4.986       4.049       3.352       2.836       2.458    
        2.182       1.985       1.846       1.752       1.690       1.655       1.638       1.635       1.644       1.660    
        1.683       1.710       1.741       1.774       1.809       1.846       1.884       1.922       1.961       2.000    
   4    2.000       1.962       1.924       1.887       1.850       1.813       1.778       1.745       1.713       1.684    
        1.658       1.637       1.622       1.615       1.620       1.638       1.676       1.738       1.834       1.975    
        2.174       2.451       2.831       3.349       4.047       4.986       4.049       3.352       2.836       2.458    
        2.182       1.985       1.846       1.752       1.690       1.655       1.638       1.635       1.644       1.660    
        1.683       1.710       1.741       1.774       1.809       1.846       1.884       1.922       1.961       2.000    
   5    2.000       1.962       1.924       1.887       1.850       1.813       1.778       1.745       1.713       1.684    
        1.658       1.637       1.622       1.615       1.620       1.638       1.676       1.738       1.834       1.975    
        2.174       2.451       2.831       3.349       4.047       4.986       4.049       3.352       2.836       2.458    
        2.182       1.985       1.846       1.752       1.690       1.655       1.638       1.635       1.644       1.660    
        1.683       1.710       1.741       1.774       1.809       1.846       1.884       1.922       1.961       2.000    
   6    2.000       1.962       1.924       1.887       1.850       1.813       1.778       1.745       1.713       1.684    
        1.658       1.637       1.622       1.615       1.620       1.638       1.676       1.738       1.834       1.975    
        2.174       2.451       2.831       3.349       4.047       4.986       4.049       3.352       2.836       2.458    
        2.182       1.985       1.846       1.752       1.690       1.655       1.638       1.635       1.644       1.660    
        1.683       1.710       1.741       1.774       1.809       1.846       1.884       1.922       1.961       2.000    
   7    2.000       1.962       1.924       1.887       1.850       1.813       1.778       1.745       1.713       1.684    
        1.658       1.637       1.622       1.615       1.620       1.638       1.676       1.738       1.834       1.975    
        2.174       2.451       2.831       3.349       4.047       4.986       4.049       3.352       2.836       2.458    
        2.182       1.985       1.846       1.752       1.690       1.655       1.638       1.635       1.644       1.660    
        1.683       1.710       1.741       1.774       1.809       1.846       1.884       1.922       1.961       2.000    
   8    2.000       1.962       1.924       1.887       1.850       1.813       1.778       1.745       1.713       1.684    
        1.658       1.637       1.622       1.615       1.620       1.638       1.676       1.738       1.834       1.975    
        2.174       2.451       2.831       3.349       4.047       4.986       4.049       3.352       2.836       2.458    
        2.182       1.985       1.846       1.752       1.690       1.655       1.638       1.635       1.644       1.660    
        1.683       1.710       1.741       1.774       1.809       1.846       1.884       1.922       1.961       2.000    
   9    2.000       1.962       1.924       1.887       1.850       1.813       1.778       1.745       1.713       1.684    
        1.658       1.637       1.622       1.615       1.620       1.638       1.676       1.738       1.834       1.975    
        2.174       2.451       2.831       3.349       4.047       4.986       4.049       3.352       2.836       2.458    
        2.182       1.985       1.846       1.752       1.690       1.655       1.638       1.635       1.644       1.660    
        1.683       1.710       1.741       1.774       1.809       1.846       1.884       1.922       1.961       2.000    
  10    2.000       1.962       1.924       1.887       1.850       1.813       1.778       1.745       1.713       1.684    
        1.658       1.637       1.622       1.615       1.620       1.638       1.676       1.738       1.834       1.975    
        2.174       2.451       2.831       3.349       4.047       4.986       4.049       3.352       2.836       2.458    
        2.182       1.985       1.846       1.752       1.690       1.655       1.638       1.635       1.644       1.660    
        1.683       1.710       1.741       1.774       1.809       1.846       1.884       1.922       1.961       2.000    
  11    2.000       1.962       1.924       1.887       1.850       1.813       1.778       1.745       1.713       1.684    
        1.658       1.637       1.622       1.615       1.620       1.638       1.676       1.738       1.834       1.975    
        2.174       2.451       2.831       3.349       4.047       4.986       4.049       3.352       2.836       2.458    
        2.182       1.985       1.846       1.752       1.690       1.655       1.638       1.635       1.644       1.660    
        1.683       1.710       1.741       1.774       1.809       1.846       1.884       1.922       1.961       2.000    
  12    2.000       1.962       1.924       1.887       1.850       1.813       1.778       1.745       1.713       1.684    
        1.658       1.637       1.622       1.615       1.620       1.638       1.676       1.738       1.834       1.975    
        2.174       2.451       2.831       3.349       4.047       4.986       4.049       3.352       2.836       2.458    
        2.182       1.985       1.846       1.752       1.690       1.655       1.638       1.635       1.644       1.660    
        1.683       1.710       1.741       1.774       1.809       1.846       1.884       1.922       1.961       2.000    
  13    2.000       1.962       1.924       1.887       1.850       1.813       1.778       1.745       1.713       1.684    
        1.658       1.637       1.622       1.615       1.620       1.638       1.676       1.738       1.834       1.975    
        2.174       2.451       2.831       3.349       4.047       4.986       4.049       3.352       2.836       2.458    
        2.182       1.985       1.846       1.752       1.690       1.655       1.638       1.635       1.644       1.660    
        1.683       1.710       1.741       1.774       1.809       1.846       1.884       1.922       1.961       2.000    
  14    2.000       1.962       1.924       1.887       1.850       1.813       1.778       1.745       1.713       1.684    
        1.658       1.637       1.622       1.615       1.620       1.638       1.676       1.738       1.834       1.975    
        2.174       2.451       2.831       3.349       4.047       4.986       4.049       3.352       2.836       2.458    
        2.182       1.985       1.846       1.752       1.690       1.655       1.638       1.635       1.644       1.660    
        1.683       1.710       1.741       1.774       1.809       1.846       1.884       1.922       1.961       2.000    
  15    2.000       1.962       1.924       1.887       1.850       1.813       1.778       1.745       1.713       1.684    
        1.658       1.637       1.622       1.615       1.620       1.638       1.676       1.738       1.834       1.975    
        2.174       2.451       2.831       3.349       4.047       4.986       4.049       3.352       2.836       2.458    
        2.182       1.985       1.846       1.752       1.690       1.655       1.638       1.635       1.644       1.660    
        1.683       1.710       1.741       1.774       1.809       1.846       1.884       1.922       1.961       2.000    
  16    2.000       1.962       1.924       1.887       1.850       1.813       1.778       1.745       1.713       1.684    
        1.658       1.637       1.622       1.615       1.620       1.638       1.676       1.738       1.834       1.975    
        2.174       2.451       2.831       3.349       4.047       4.986       4.049       3.352       2.836       2.458    
        2.182       1.985       1.846       1.752       1.690       1.655       1.638       1.635       1.644       1.660    
        1.683       1.710       1.741       1.774       1.809       1.846       1.884       1.922       1.961       2.000    
  17    2.000       1.962       1.924       1.887       1.850       1.813       1.778       1.745       1.713       1.684    
        1.658       1.637       1.622       1.615       1.620       1.638       1.676       1.738       1.834       1.975    
        2.174       2.451       2.831       3.349       4.047       4.986       4.049       3.352       2.836       2.458    
        2.182       1.985       1.846       1.752       1.690       1.655       1.638       1.635       1.644       1.660    
        1.683       1.710       1.741       1.774       1.809       1.846       1.884       1.922       1.961       2.000    
  18    2.000       1.962       1.924       1.887       1.850       1.813       1.778       1.745       1.713       1.684    
        1.658       1.637       1.622       1.615       1.620       1.638       1.676       1.738       1.834       1.975    
        2.174       2.451       2.831       3.349       4.047       4.986       4.049       3.352       2.836       2.458    
        2.182       1.985       1.846       1.752       1.690       1.655       1.638       1.635       1.644       1.660    
        1.683       1.710       1.741       1.774       1.809       1.846       1.884       1.922       1.961       2.000    
  19    2.000       1.962       1.924       1.887       1.850       1.813       1.778       1.745       1.713       1.684    
        1.658       1.637       1.622       1.615       1.620       1.638       1.676       1.738       1.834       1.975    
        2.174       2.451       2.831       3.349       4.047       4.986       4.049       3.352       2.836       2.458    
        2.182       1.985       1.846       1.752       1.690       1.655       1.638       1.635       1.644       1.660    
        1.683       1.710       1.741       1.774       1.809       1.846       1.884       1.922       1.961       2.000    
  20    2.000       1.962       1.924       1.887       1.850       1.813       1.778       1.745       1.713       1.684    
        1.658       1.637       1.622       1.615       1.620       1.638       1.676       1.738       1.834       1.975    
        2.174       2.451       2.831       3.349       4.047       4.986       4.049       3.352       2.836       2.458    
        2.182       1.985       1.846       1.752       1.690       1.655       1.638       1.635       1.644       1.660    
        1.683       1.710       1.741       1.774       1.809       1.846       1.884       1.922       1.961       2.000    
  21    2.000       1.962       1.924       1.887       1.850       1.813       1.778       1.745       1.713       1.684    
        1.658       1.637       1.622       1.615       1.620       1.638       1.676       1.738       1.834       1.975    
        2.174       2.451       2.831       3.349       4.047       4.986       4.049       3.352       2.836       2.458    
        2.182       1.985       1.846       1.752       1.690       1.655       1.638       1.635       1.644       1.660    
        1.683       1.710       1.741       1.774       1.809       1.846       1.884       1.922       1.961       2.000    
  22    2.000       1.962       1.924       1.887       1.850       1.813       1.778       1.745       1.713       1.684    
        1.658       1.637       1.622       1.615       1.620       1.638       1.676       1.738       1.834       1.975    
        2.174       2.451       2.831       3.349       4.047       4.986       4.049       3.352       2.836       2.458    
        2.182       1.985       1.846       1.752       1.690       1.655       1.638       1.635       1.644       1.660    
        1.683       1.710       1.741       1.774       1.809       1.846       1.884       1.922       1.961       2.000    
  23    2.000       1.962       1.924       1.887       1.850       1.813       1.778       1.745       1.713       1.684    
        1.658       1.637       1.622       1.615       1.620       1.638       1.676       1.738       1.834       1.975    
        2.174       2.451       2.831       3.349       4.047       4.986       4.049       3.352       2.836       2.458    
        2.182       1.985       1.846       1.752       1.690       1.655       1.638       1.635       1.644       1.660    
        1.683       1.710       1.741       1.774       1.809       1.846       1.884       1.922       1.961       2.000    
  24    2.000       1.962       1.924       1.887       1.850       1.813       1.778       1.745       1.713       1.684    
        1.658       1.637       1.622       1.615       1.620       1.638       1.676       1.738       1.834       1.975    
        2.174       2.451       2.831       3.349       4.047       4.986       4.049       3.352       2.836       2.458    
        2.182       1.985       1.846       1.752       1.690       1.655       1.638       1.635       1.644       1.660    
        1.683       1.710       1.741       1.774       1.809       1.846       1.884       1.922       1.961       2.000    
  25    2.000       1.962       1.924       1.887       1.850       1.813       1.778       1.745       1.713       1.684    
        1.658       1.637       1.622       1.615       1.620       1.638       1.676       1.738       1.834       1.975    
        2.174       2.451       2.831       3.349       4.047       4.986       4.049       3.352       2.836       2.458    
        2.182       1.985       1.846       1.752       1.690       1.655       1.638       1.635       1.644       1.660    
        1.683       1.710       1.741       1.774       1.809       1.846       1.884       1.922       1.961       2.000    
  26    2.000       1.962       1.924       1.887       1.850       1.813       1.778       1.745       1.713       1.684    
        1.658       1.637       1.622       1.615       1.620       1.638       1.676       1.738       1.834       1.975    
        2.174       2.451       2.831       3.349       4.047       4.986       4.049       3.352       2.836       2.458    
        2.182       1.985       1.846       1.752       1.690       1.655       1.638       1.635       1.644       1.660    
        1.683       1.710       1.741       1.774       1.809       1.846       1.884       1.922       1.961       2.000    
  27    2.000       1.962       1.924       1.887       1.850       1.813       1.778       1.745       1.713       1.684    
        1.658       1.637       1.622       1.615       1.620       1.638       1.676       1.738       1.834       1.975    
        2.174       2.451       2.831       3.349       4.047       4.986       4.049       3.352       2.836       2.458    
        2.182       1.985       1.846       1.752       1.690       1.655       1.638       1.635       1.644       1.660    
        1.683       1.710       1.741       1.774       1.809       1.846       1.884       1.922       1.961       2.000    
  28    2.000       1.962       1.924       1.887       1.850       1.813       1.778       1.745       1.713       1.684    
        1.658       1.637       1.622       1.615       1.620       1.638       1.676       1.738       1.834       1.975    
        2.174       2.451       2.831       3.349       4.047       4.986       4.049       3.352       2.836       2.458    
        2.182       1.985       1.846       1.752       1.690       1.655       1.638       1.635       1.644       1.660    
        1.683       1.710       1.741       1.774       1.809       1.846       1.884       1.922       1.961       2.000    
  29    2.000       1.962       1.924       1.887       1.850       1.813       1.778       1.745       1.713       1.684    
        1.658       1.637       1.622       1.615       1.620       1.638       1.676       1.738       1.834       1.975    
        2.174       2.451       2.831       3.349       4.047       4.986       4.049       3.352       2.836       2.458    
        2.182       1.985       1.846       1.752       1.690       1.655       1.638       1.635       1.644       1.660    
        1.683       1.710       1.741       1.774       1.809       1.846       1.884       1.922       1.961       2.000    
  30    2.000       1.962       1.924       1.887       1.850       1.813       1.778       1.745       1.713       1.684    
        1.658       1.637       1.622       1.615       1.620       1.638       1.676       1.738       1.834       1.975    
        2.174       2.451       2.831       3.349       4.047       4.986       4.049       3.352       2.836       2.458    
        2.182       1.985       1.846       1.752       1.690       1.655       1.638       1.635       1.644       1.660    
        1.683       1.710       1.741       1.774       1.809       1.846       1.884       1.922       1.961       2.000    
  31    2.000       1.962       1.924       1.887       1.850       1.813       1.778       1.745       1.713       1.684    
        1.658       1.637       1.622       1.615       1.620       1.638       1.676       1.738       1.834       1.975    
        2.174       2.451       2.831       3.349       4.047       4.986       4.049       3.352       2.836       2.458    
        2.182       1.985       1.846       1.752       1.690       1.655       1.638       1.635       1.644       1.660    
        1.683       1.710       1.741       1.774       1.809       1.846       1.884       1.922       1.961       2.000    
  32    2.000       1.962       1.924       1.887       1.850       1.813       1.778       1.745       1.713       1.684    
        1.658       1.637       1.622       1.615       1.620       1.638       1.676       1.738       1.834       1.975    
        2.174       2.451       2.831       3.349       4.047       4.986       4.049       3.352       2.836       2.458    
        2.182       1.985       1.846       1.752       1.690       1.655       1.638       1.635       1.644       1.660    
        1.683       1.710       1.741       1.774       1.809       1.846       1.884       1.922       1.961       2.000    
  33    2.000       1.962       1.924       1.887       1.850       1.813       1.778       1.745       1.713       1.684    
        1.658       1.637       1.622       1.615       1.620       1.638       1.676       1.738       1.834       1.975    
        2.174       2.451       2.831       3.349       4.047       4.986       4.049       3.352       2.836       2.458    
        2.182       1.985       1.846       1.752       1.690       1.655       1.638       1.635       1.644       1.660    
        1.683       1.710       1.741       1.774       1.809       1.846       1.884       1.922       1.961       2.000    
  34    2.000       1.962       1.924       1.887       1.850       1.813       1.778       1.745       1.713       1.684    
        1.658       1.637       1.622       1.615       1.620       1.638       1.676       1.738       1.834       1.975    
        2.174       2.451       2.831       3.349       4.047       4.986       4.049       3.352       2.836       2.458    
        2.182       1.985       1.846       1.752       1.690       1.655       1.638       1.635       1.644       1.660    
        1.683       1.710       1.741       1.774       1.809       1.846       1.884       1.922       1.961       2.000    
  35    2.000       1.962       1.924       1.887       1.850       1.813       1.778       1.745       1.713       1.684    
        1.658       1.637       1.622       1.615       1.620       1.638       1.676       1.738       1.834       1.975    
        2.174       2.451       2.831       3.349       4.047       4.986       4.049       3.352       2.836       2.458    
        2.182       1.985       1.846       1.752       1.690       1.655       1.638       1.635       1.644       1.660    
        1.683       1.710       1.741       1.774       1.809       1.846       1.884       1.922       1.961       2.000    
  36    2.000       1.962       1.924       1.887       1.850       1.813       1.778       1.745       1.713       1.684    
        1.658       1.637       1.622       1.615       1.620       1.638       1.676       1.738       1.834       1.975    
        2.174       2.451       2.831       3.349       4.047       4.986       4.049       3.352       2.836       2.458    
        2.182       1.985       1.846       1.752       1.690       1.655       1.638       1.635       1.644       1.660    
        1.683       1.710       1.741       1.774       1.809       1.846       1.884       1.922       1.961       2.000    
  37    2.000       1.962       1.924       1.887       1.850       1.813       1.778       1.745       1.713       1.684    
        1.658       1.637       1.622       1.615       1.620       1.638       1.676       1.738       1.834       1.975    
        2.174       2.451       2.831       3.349       4.047       4.986       4.049       3.352       2.836       2.458    
        2.182       1.985       1.846       1.752       1.690       1.655       1.638       1.635       1.644       1.660    
        1.683       1.710       1.741       1.774       1.809       1.846       1.884       1.922       1.961       2.000    
  38    2.000       1.962       1.924       1.887       1.850       1.813       1.778       1.745       1.713       1.684    
        1.658       1.637       1.622       1.615       1.620       1.638       1.676       1.738       1.834       1.975    
        2.174       2.451       2.831       3.349       4.047       4.986       4.049       3.352       2.836       2.458    
        2.182       1.985       1.846       1.752       1.690       1.655       1.638       1.635       1.644       1.660    
        1.683       1.710       1.741       1.774       1.809       1.846       1.884       1.922       1.961       2.000    
  39    2.000       1.962       1.924       1.887       1.850       1.813       1.778       1.745       1.713       1.684    
        1.658       1.637       1.622       1.615       1.620       1.638       1.676       1.738       1.834       1.975    
        2.174       2.451       2.831       3.349       4.047       4.986       4.049       3.352       2.836       2.458    
        2.182       1.985       1.846       1.752       1.690       1.655       1.638       1.635       1.644       1.660    
        1.683       1.710       1.741       1.774       1.809       1.846       1.884       1.922       1.961       2.000    
  40    2.000       1.962       1.924       1.887       1.850       1.813       1.778       1.745       1.713       1.684    
        1.658       1.637       1.622       1.615       1.620       1.638       1.676       1.738       1.834       1.975    
        2.174       2.451       2.831       3.349       4.047       4.986       4.049       3.352       2.836       2.458    
        2.182       1.985       1.846       1.752       1.690       1.655       1.638       1.635       1.644       1.660    
        1.683       1.710       1.741       1.774       1.809       1.846       1.884       1.922       1.961       2.000    
  41    2.000       1.962       1.924       1.887       1.850       1.813       1.778       1.745       1.713       1.684    
        1.658       1.637       1.622       1.615       1.620       1.638       1.676       1.738       1.834       1.975    
        2.174       2.451       2.831       3.349       4.047       4.986       4.049       3.352       2.836       2.458    
        2.182       1.985       1.846       1.752       1.690       1.655       1.638       1.635       1.644       1.660    
        1.683       1.710       1.741       1.774       1.809       1.846       1.884       1.922       1.961       2.000    
  42    2.000       1.962       1.924       1.887       1.850       1.813       1.778       1.745       1.713       1.684    
        1.658       1.637       1.622       1.615       1.620       1.638       1.676       1.738       1.834       1.975    
        2.174       2.451       2.831       3.349       4.047       4.986       4.049       3.352       2.836       2.458    
        2.182       1.985       1.846       1.752       1.690       1.655       1.638       1.635       1.644       1.660    
        1.683       1.710       1.741       1.774       1.809       1.846       1.884       1.922       1.961       2.000    
  43    2.000       1.962       1.924       1.887       1.850       1.813       1.778       1.745       1.713       1.684    
        1.658       1.637       1.622       1.615       1.620       1.638       1.676       1.738       1.834       1.975    
        2.174       2.451       2.831       3.349       4.047       4.986       4.049       3.352       2.836       2.458    
        2.182       1.985       1.846       1.752       1.690       1.655       1.638       1.635       1.644       1.660    
        1.683       1.710       1.741       1.774       1.809       1.846       1.884       1.922       1.961       2.000    
  44    2.000       1.962       1.924       1.887       1.850       1.813       1.778       1.745       1.713       1.684    
        1.658       1.637       1.622       1.615       1.620       1.638       1.676       1.738       1.834       1.975    
        2.174       2.451       2.831       3.349       4.047       4.986       4.049       3.352       2.836       2.458    
        2.182       1.985       1.846       1.752       1.690       1.655       1.638       1.635       1.644       1.660    
        1.683       1.710       1.741       1.774       1.809       1.846       1.884       1.922       1.961       2.000    
  45    2.000       1.962       1.924       1.887       1.850       1.813       1.778       1.745       1.713       1.684    
        1.658       1.637       1.622       1.615       1.620       1.638       1.676       1.738       1.834       1.975    
        2.174       2.451       2.831       3.349       4.047       4.986       4.049       3.352       2.836       2.458    
        2.182       1.985       1.846       1.752       1.690       1.655       1.638       1.635       1.644       1.660    
        1.683       1.710       1.741       1.774       1.809       1.846       1.884       1.922       1.961       2.000    
  46    2.000       1.962       1.924       1.887       1.850       1.813       1.778       1.745       1.713       1.684    
        1.658       1.637       1.622       1.615       1.620       1.638       1.676       1.738       1.834       1.975    
        2.174       2.451       2.831       3.349       4.047       4.986       4.049       3.352       2.836       2.458    
        2.182       1.985       1.846       1.752       1.690       1.655       1.638       1.635       1.644       1.660    
        1.683       1.710       1.741       1.774       1.809       1.846       1.884       1.922       1.961       2.000    
  47    2.000       1.962       1.924       1.887       1.850       1.813       1.778       1.745       1.713       1.684    
        1.658       1.637       1.622       1.615       1.620       1.638       1.676       1.738       1.834       1.975    
        2.174       2.451       2.831       3.349       4.047       4.986       4.049       3.352       2.836       2.458    
        2.182       1.985       1.846       1.752       1.690       1.655       1.638       1.635       1.644       1.660    
        1.683       1.710       1.741       1.774       1.809       1.846       1.884       1.922       1.961       2.000    
  48    2.000       1.962       1.924       1.887       1.850       1.813       1.778       1.745       1.713       1.684    
        1.658       1.637       1.622       1.615       1.620       1.638       1.676       1.738       1.834       1.975    
        2.174       2.451       2.831       3.349       4.047       4.986       4.049       3.352       2.836       2.458    
        2.182       1.985       1.846       1.752       1.690       1.655       1.638       1.635       1.644       1.660    
        1.683       1.710       1.741       1.774       1.809       1.846       1.884       1.922       1.961       2.000    
  49    2.000       1.962       1.924       1.887       1.850       1.813       1.778       1.745       1.713       1.684    
        1.658       1.637       1.622       1.615       1.620       1.638       1.676       1.738       1.834       1.975    
        2.174       2.451       2.831       3.349       4.047       4.986       4.049       3.352       2.836       2.458    
        2.182       1.985       1.846       1.752       1.690       1.655       1.638       1.635       1.644       1.660    
        1.683       1.710       1.741       1.774       1.809       1.846       1.884       1.922       1.961       2.000    
  50    2.000       1.962       1.924       1.887       1.850       1.813       1.778       1.745       1.713       1.684    
        1.658       1.637       1.622       1.615       1.620       1.638       1.676       1.738       1.834       1.975    
        2.174       2.451       2.831       3.349       4.047       4.986       4.049       3.352       2.836       2.458    
        2.182       1.985       1.846       1.752       1.690       1.655       1.638       1.635       1.644       1.660    
        1.683       1.710       1.741       1.774       1.809       1.846       1.884       1.922       1.961       2.000    

 HEAD WILL BE SAVED ON UNIT   51 AT END OF TIME STEP    1, STRESS PERIOD    2

 DRAWDOWN WILL BE SAVED ON UNIT   52 AT END OF TIME STEP    1, STRESS PERIOD    2
1
  VOLUMETRIC BUDGET FOR ENTIRE MODEL AT END OF TIME STEP    1, STRESS PERIOD   2
  ------------------------------------------------------------------------------

     CUMULATIVE VOLUMES      L**3       RATES FOR THIS TIME STEP      L**3/T
     ------------------                 ------------------------

           IN:                                      IN:
           ---                                      ---
             STORAGE =           0.0000               STORAGE =           0.0000
       CONSTANT HEAD =         300.3385         CONSTANT HEAD =         192.5520
       RIVER LEAKAGE =        2744.3357         RIVER LEAKAGE =        5488.6714

            TOTAL IN =        3044.6743              TOTAL IN =        5681.2236

          OUT:                                     OUT:
          ----                                     ----
             STORAGE =        2840.6582               STORAGE =        5681.3164
       CONSTANT HEAD =           0.0000         CONSTANT HEAD =           0.0000
       RIVER LEAKAGE =         204.0625         RIVER LEAKAGE =           0.0000

           TOTAL OUT =        3044.7207             TOTAL OUT =        5681.3164

            IN - OUT =      -4.6387E-02              IN - OUT =      -9.2773E-02

 PERCENT DISCREPANCY =          -0.00     PERCENT DISCREPANCY =          -0.00






         TIME SUMMARY AT END OF TIME STEP    1 IN STRESS PERIOD    2
                    SECONDS     MINUTES      HOURS       DAYS        YEARS
                    -----------------------------------------------------------
   TIME STEP LENGTH  43200.      720.00      12.000     0.50000     1.36893E-03
 STRESS PERIOD TIME  43200.      720.00      12.000     0.50000     1.36893E-03
         TOTAL TIME 1.29600E+05  2160.0      36.000      1.5000     4.10678E-03
1
 
 SOLVING FOR HEAD 

 OUTPUT CONTROL FOR STRESS PERIOD    2   TIME STEP    2
    SAVE HEAD FOR ALL LAYERS
    SAVE DRAWDOWN FOR ALL LAYERS
    SAVE BUDGET
    PRINT HEAD FOR ALL LAYERS
    PRINT BUDGET
 UBDSV1 SAVING "         STORAGE" ON UNIT  53 AT TIME STEP  2, STRESS PERIOD   2
 UBDSV2 SAVING "   CONSTANT HEAD" ON UNIT  53 AT TIME STEP  2, STRESS PERIOD   2
 UBDSV1 SAVING "FLOW RIGHT FACE " ON UNIT  53 AT TIME STEP  2, STRESS PERIOD   2
 UBDSV1 SAVING "FLOW FRONT FACE " ON UNIT  53 AT TIME STEP  2, STRESS PERIOD   2
 UBDSV4 SAVING "   RIVER LEAKAGE" ON UNIT  53 AT TIME STEP  2, STRESS PERIOD   2
1
              HEAD IN LAYER   1 AT END OF TIME STEP   2 IN STRESS PERIOD    2
  ---------------------------------------------------------------------------

            1           2           3           4           5           6           7           8           9          10
           11          12          13          14          15          16          17          18          19          20
           21          22          23          24          25          26          27          28          29          30
           31          32          33          34          35          36          37          38          39          40
           41          42          43          44          45          46          47          48          49          50
 ........................................................................................................................
   1    2.000       1.968       1.936       1.906       1.877       1.850       1.826       1.805       1.790       1.781    
        1.779       1.787       1.808       1.843       1.896       1.971       2.073       2.207       2.378       2.593    
        2.857       3.176       3.553       3.988       4.474       4.994       4.475       3.991       3.558       3.183    
        2.866       2.603       2.390       2.220       2.088       1.988       1.914       1.862       1.829       1.810    
        1.803       1.806       1.817       1.834       1.855       1.880       1.908       1.938       1.968       2.000    
   2    2.000       1.968       1.936       1.906       1.877       1.850       1.826       1.805       1.790       1.781    
        1.779       1.787       1.808       1.843       1.896       1.971       2.073       2.207       2.378       2.593    
        2.857       3.176       3.553       3.988       4.474       4.994       4.475       3.991       3.558       3.183    
        2.866       2.603       2.390       2.220       2.088       1.988       1.914       1.862       1.829       1.810    
        1.803       1.806       1.817       1.834       1.855       1.880       1.908       1.938       1.968       2.000    
   3    2.000       1.968       1.936       1.906       1.877       1.850       1.826       1.805       1.790       1.781    
        1.779       1.787       1.808       1.843       1.896       1.971       2.073       2.207       2.378       2.593    
        2.857       3.176       3.553       3.988       4.474       4.994       4.475       3.991       3.558       3.183    
        2.866       2.603       2.390       2.220       2.088       1.988       1.914       1.862       1.829       1.810    
        1.803       1.806       1.817       1.834       1.855       1.880       1.908       1.938       1.968       2.000    
   4    2.000       1.968       1.936       1.906       1.877       1.850       1.826       1.805       1.790       1.781    
        1.779       1.787       1.808       1.843       1.896       1.971       2.073       2.207       2.378       2.593    
        2.857       3.176       3.553       3.988       4.474       4.994       4.475       3.991       3.558       3.183    
        2.866       2.603       2.390       2.220       2.088       1.988       1.914       1.862       1.829       1.810    
        1.803       1.806       1.817       1.834       1.855       1.880       1.908       1.938       1.968       2.000    
   5    2.000       1.968       1.936       1.906       1.877       1.850       1.826       1.805       1.790       1.781    
        1.779       1.787       1.808       1.843       1.896       1.971       2.073       2.207       2.378       2.593    
        2.857       3.176       3.553       3.988       4.474       4.994       4.475       3.991       3.558       3.183    
        2.866       2.603       2.390       2.220       2.088       1.988       1.914       1.862       1.829       1.810    
        1.803       1.806       1.817       1.834       1.855       1.880       1.908       1.938       1.968       2.000    
   6    2.000       1.968       1.936       1.906       1.877       1.850       1.826       1.805       1.790       1.781    
        1.779       1.787       1.808       1.843       1.896       1.971       2.073       2.207       2.378       2.593    
        2.857       3.176       3.553       3.988       4.474       4.994       4.475       3.991       3.558       3.183    
        2.866       2.603       2.390       2.220       2.088       1.988       1.914       1.862       1.829       1.810    
        1.803       1.806       1.817       1.834       1.855       1.880       1.908       1.938       1.968       2.000    
   7    2.000       1.968       1.936       1.906       1.877       1.850       1.826       1.805       1.790       1.781    
        1.779       1.787       1.808       1.843       1.896       1.971       2.073       2.207       2.378       2.593    
        2.857       3.176       3.553       3.988       4.474       4.994       4.475       3.991       3.558       3.183    
        2.866       2.603       2.390       2.220       2.088       1.988       1.914       1.862       1.829       1.810    
        1.803       1.806       1.817       1.834       1.855       1.880       1.908       1.938       1.968       2.000    
   8    2.000       1.968       1.936       1.906       1.877       1.850       1.826       1.805       1.790       1.781    
        1.779       1.787       1.808       1.843       1.896       1.971       2.073       2.207       2.378       2.593    
        2.857       3.176       3.553       3.988       4.474       4.994       4.475       3.991       3.558       3.183    
        2.866       2.603       2.390       2.220       2.088       1.988       1.914       1.862       1.829       1.810    
        1.803       1.806       1.817       1.834       1.855       1.880       1.908       1.938       1.968       2.000    
   9    2.000       1.968       1.936       1.906       1.877       1.850       1.826       1.805       1.790       1.781    
        1.779       1.787       1.808       1.843       1.896       1.971       2.073       2.207       2.378       2.593    
        2.857       3.176       3.553       3.988       4.474       4.994       4.475       3.991       3.558       3.183    
        2.866       2.603       2.390       2.220       2.088       1.988       1.914       1.862       1.829       1.810    
        1.803       1.806       1.817       1.834       1.855       1.880       1.908       1.938       1.968       2.000    
  10    2.000       1.968       1.936       1.906       1.877       1.850       1.826       1.805       1.790       1.781    
        1.779       1.787       1.808       1.843       1.896       1.971       2.073       2.207       2.378       2.593    
        2.857       3.176       3.553       3.988       4.474       4.994       4.475       3.991       3.558       3.183    
        2.866       2.603       2.390       2.220       2.088       1.988       1.914       1.862       1.829       1.810    
        1.803       1.806       1.817       1.834       1.855       1.880       1.908       1.938       1.968       2.000    
  11    2.000       1.968       1.936       1.906       1.877       1.850       1.826       1.805       1.790       1.781    
        1.779       1.787       1.808       1.843       1.896       1.971       2.073       2.207       2.378       2.593    
        2.857       3.176       3.553       3.988       4.474       4.994       4.475       3.991       3.558       3.183    
        2.866       2.603       2.390       2.220       2.088       1.988       1.914       1.862       1.829       1.810    
        1.803       1.806       1.817       1.834       1.855       1.880       1.908       1.938       1.968       2.000    
  12    2.000       1.968       1.936       1.906       1.877       1.850       1.826       1.805       1.790       1.781    
        1.779       1.787       1.808       1.843       1.896       1.971       2.073       2.207       2.378       2.593    
        2.857       3.176       3.553       3.988       4.474       4.994       4.475       3.991       3.558       3.183    
        2.866       2.603       2.390       2.220       2.088       1.988       1.914       1.862       1.829       1.810    
        1.803       1.806       1.817       1.834       1.855       1.880       1.908       1.938       1.968       2.000    
  13    2.000       1.968       1.936       1.906       1.877       1.850       1.826       1.805       1.790       1.781    
        1.779       1.787       1.808       1.843       1.896       1.971       2.073       2.207       2.378       2.593    
        2.857       3.176       3.553       3.988       4.474       4.994       4.475       3.991       3.558       3.183    
        2.866       2.603       2.390       2.220       2.088       1.988       1.914       1.862       1.829       1.810    
        1.803       1.806       1.817       1.834       1.855       1.880       1.908       1.938       1.968       2.000    
  14    2.000       1.968       1.936       1.906       1.877       1.850       1.826       1.805       1.790       1.781    
        1.779       1.787       1.808       1.843       1.896       1.971       2.073       2.207       2.378       2.593    
        2.857       3.176       3.553       3.988       4.474       4.994       4.475       3.991       3.558       3.183    
        2.866       2.603       2.390       2.220       2.088       1.988       1.914       1.862       1.829       1.810    
        1.803       1.806       1.817       1.834       1.855       1.880       1.908       1.938       1.968       2.000    
  15    2.000       1.968       1.936       1.906       1.877       1.850       1.826       1.805       1.790       1.781    
        1.779       1.787       1.808       1.843       1.896       1.971       2.073       2.207       2.378       2.593    
        2.857       3.176       3.553       3.988       4.474       4.994       4.475       3.991       3.558       3.183    
        2.866       2.603       2.390       2.220       2.088       1.988       1.914       1.862       1.829       1.810    
        1.803       1.806       1.817       1.834       1.855       1.880       1.908       1.938       1.968       2.000    
  16    2.000       1.968       1.936       1.906       1.877       1.850       1.826       1.805       1.790       1.781    
        1.779       1.787       1.808       1.843       1.896       1.971       2.073       2.207       2.378       2.593    
        2.857       3.176       3.553       3.988       4.474       4.994       4.475       3.991       3.558       3.183    
        2.866       2.603       2.390       2.220       2.088       1.988       1.914       1.862       1.829       1.810    
        1.803       1.806       1.817       1.834       1.855       1.880       1.908       1.938       1.968       2.000    
  17    2.000       1.968       1.936       1.906       1.877       1.850       1.826       1.805       1.790       1.781    
        1.779       1.787       1.808       1.843       1.896       1.971       2.073       2.207       2.378       2.593    
        2.857       3.176       3.553       3.988       4.474       4.994       4.475       3.991       3.558       3.183    
        2.866       2.603       2.390       2.220       2.088       1.988       1.914       1.862       1.829       1.810    
        1.803       1.806       1.817       1.834       1.855       1.880       1.908       1.938       1.968       2.000    
  18    2.000       1.968       1.936       1.906       1.877       1.850       1.826       1.805       1.790       1.781    
        1.779       1.787       1.808       1.843       1.896       1.971       2.073       2.207       2.378       2.593    
        2.857       3.176       3.553       3.988       4.474       4.994       4.475       3.991       3.558       3.183    
        2.866       2.603       2.390       2.220       2.088       1.988       1.914       1.862       1.829       1.810    
        1.803       1.806       1.817       1.834       1.855       1.880       1.908       1.938       1.968       2.000    
  19    2.000       1.968       1.936       1.906       1.877       1.850       1.826       1.805       1.790       1.781    
        1.779       1.787       1.808       1.843       1.896       1.971       2.073       2.207       2.378       2.593    
        2.857       3.176       3.553       3.988       4.474       4.994       4.475       3.991       3.558       3.183    
        2.866       2.603       2.390       2.220       2.088       1.988       1.914       1.862       1.829       1.810    
        1.803       1.806       1.817       1.834       1.855       1.880       1.908       1.938       1.968       2.000    
  20    2.000       1.968       1.936       1.906       1.877       1.850       1.826       1.805       1.790       1.781    
        1.779       1.787       1.808       1.843       1.896       1.971       2.073       2.207       2.378       2.593    
        2.857       3.176       3.553       3.988       4.474       4.994       4.475       3.991       3.558       3.183    
        2.866       2.603       2.390       2.220       2.088       1.988       1.914       1.862       1.829       1.810    
        1.803       1.806       1.817       1.834       1.855       1.880       1.908       1.938       1.968       2.000    
  21    2.000       1.968       1.936       1.906       1.877       1.850       1.826       1.805       1.790       1.781    
        1.779       1.787       1.808       1.843       1.896       1.971       2.073       2.207       2.378       2.593    
        2.857       3.176       3.553       3.988       4.474       4.994       4.475       3.991       3.558       3.183    
        2.866       2.603       2.390       2.220       2.088       1.988       1.914       1.862       1.829       1.810    
        1.803       1.806       1.817       1.834       1.855       1.880       1.908       1.938       1.968       2.000    
  22    2.000       1.968       1.936       1.906       1.877       1.850       1.826       1.805       1.790       1.781    
        1.779       1.787       1.808       1.843       1.896       1.971       2.073       2.207       2.378       2.593    
        2.857       3.176       3.553       3.988       4.474       4.994       4.475       3.991       3.558       3.183    
        2.866       2.603       2.390       2.220       2.088       1.988       1.914       1.862       1.829       1.810    
        1.803       1.806       1.817       1.834       1.855       1.880       1.908       1.938       1.968       2.000    
  23    2.000       1.968       1.936       1.906       1.877       1.850       1.826       1.805       1.790       1.781    
        1.779       1.787       1.808       1.843       1.896       1.971       2.073       2.207       2.378       2.593    
        2.857       3.176       3.553       3.988       4.474       4.994       4.475       3.991       3.558       3.183    
        2.866       2.603       2.390       2.220       2.088       1.988       1.914       1.862       1.829       1.810    
        1.803       1.806       1.817       1.834       1.855       1.880       1.908       1.938       1.968       2.000    
  24    2.000       1.968       1.936       1.906       1.877       1.850       1.826       1.805       1.790       1.781    
        1.779       1.787       1.808       1.843       1.896       1.971       2.073       2.207       2.378       2.593    
        2.857       3.176       3.553       3.988       4.474       4.994       4.475       3.991       3.558       3.183    
        2.866       2.603       2.390       2.220       2.088       1.988       1.914       1.862       1.829       1.810    
        1.803       1.806       1.817       1.834       1.855       1.880       1.908       1.938       1.968       2.000    
  25    2.000       1.968       1.936       1.906       1.877       1.850       1.826       1.805       1.790       1.781    
        1.779       1.787       1.808       1.843       1.896       1.971       2.073       2.207       2.378       2.593    
        2.857       3.176       3.553       3.988       4.474       4.994       4.475       3.991       3.558       3.183    
        2.866       2.603       2.390       2.220       2.088       1.988       1.914       1.862       1.829       1.810    
        1.803       1.806       1.817       1.834       1.855       1.880       1.908       1.938       1.968       2.000    
  26    2.000       1.968       1.936       1.906       1.877       1.850       1.826       1.805       1.790       1.781    
        1.779       1.787       1.808       1.843       1.896       1.971       2.073       2.207       2.378       2.593    
        2.857       3.176       3.553       3.988       4.474       4.994       4.475       3.991       3.558       3.183    
        2.866       2.603       2.390       2.220       2.088       1.988       1.914       1.862       1.829       1.810    
        1.803       1.806       1.817       1.834       1.855       1.880       1.908       1.938       1.968       2.000    
  27    2.000       1.968       1.936       1.906       1.877       1.850       1.826       1.805       1.790       1.781    
        1.779       1.787       1.808       1.843       1.896       1.971       2.073       2.207       2.378       2.593    
        2.857       3.176       3.553       3.988       4.474       4.994       4.475       3.991       3.558       3.183    
        2.866       2.603       2.390       2.220       2.088       1.988       1.914       1.862       1.829       1.810    
        1.803       1.806       1.817       1.834       1.855       1.880       1.908       1.938       1.968       2.000    
  28    2.000       1.968       1.936       1.906       1.877       1.850       1.826       1.805       1.790       1.781    
        1.779       1.787       1.808       1.843       1.896       1.971       2.073       2.207       2.378       2.593    
        2.857       3.176       3.553       3.988       4.474       4.994       4.475       3.991       3.558       3.183    
        2.866       2.603       2.390       2.220       2.088       1.988       1.914       1.862       1.829       1.810    
        1.803       1.806       1.817       1.834       1.855       1.880       1.908       1.938       1.968       2.000    
  29    2.000       1.968       1.936       1.906       1.877       1.850       1.826       1.805       1.790       1.781    
        1.779       1.787       1.808       1.843       1.896       1.971       2.073       2.207       2.378       2.593    
        2.857       3.176       3.553       3.988       4.474       4.994       4.475       3.991       3.558       3.183    
        2.866       2.603       2.390       2.220       2.088       1.988       1.914       1.862       1.829       1.810    
        1.803       1.806       1.817       1.834       1.855       1.880       1.908       1.938       1.968       2.000    
  30    2.000       1.968       1.936       1.906       1.877       1.850       1.826       1.805       1.790       1.781    
        1.779       1.787       1.808       1.843       1.896       1.971       2.073       2.207       2.378       2.593    
        2.857       3.176       3.553       3.988       4.474       4.994       4.475       3.991       3.558       3.183    
        2.866       2.603       2.390       2.220       2.088       1.988       1.914       1.862       1.829       1.810    
        1.803       1.806       1.817       1.834       1.855       1.880       1.908       1.938       1.968       2.000    
  31    2.000       1.968       1.936       1.906       1.877       1.850       1.826       1.805       1.790       1.781    
        1.779       1.787       1.808       1.843       1.896       1.971       2.073       2.207       2.378       2.593    
        2.857       3.176       3.553       3.988       4.474       4.994       4.475       3.991       3.558       3.183    
        2.866       2.603       2.390       2.220       2.088       1.988       1.914       1.862       1.829       1.810    
        1.803       1.806       1.817       1.834       1.855       1.880       1.908       1.938       1.968       2.000    
  32    2.000       1.968       1.936       1.906       1.877       1.850       1.826       1.805       1.790       1.781    
        1.779       1.787       1.808       1.843       1.896       1.971       2.073       2.207       2.378       2.593    
        2.857       3.176       3.553       3.988       4.474       4.994       4.475       3.991       3.558       3.183    
        2.866       2.603       2.390       2.220       2.088       1.988       1.914       1.862       1.829       1.810    
        1.803       1.806       1.817       1.834       1.855       1.880       1.908       1.938       1.968       2.000    
  33    2.000       1.968       1.936       1.906       1.877       1.850       1.826       1.805       1.790       1.781    
        1.779       1.787       1.808       1.843       1.896       1.971       2.073       2.207       2.378       2.593    
        2.857       3.176       3.553       3.988       4.474       4.994       4.475       3.991       3.558       3.183    
        2.866       2.603       2.390       2.220       2.088       1.988       1.914       1.862       1.829       1.810    
        1.803       1.806       1.817       1.834       1.855       1.880       1.908       1.938       1.968       2.000    
  34    2.000       1.968       1.936       1.906       1.877       1.850       1.826       1.805       1.790       1.781    
        1.779       1.787       1.808       1.843       1.896       1.971       2.073       2.207       2.378       2.593    
        2.857       3.176       3.553       3.988       4.474       4.994       4.475       3.991       3.558       3.183    
        2.866       2.603       2.390       2.220       2.088       1.988       1.914       1.862       1.829       1.810    
        1.803       1.806       1.817       1.834       1.855       1.880       1.908       1.938       1.968       2.000    
  35    2.000       1.968       1.936       1.906       1.877       1.850       1.826       1.805       1.790       1.781    
        1.779       1.787       1.808       1.843       1.896       1.971       2.073       2.207       2.378       2.593    
        2.857       3.176       3.553       3.988       4.474       4.994       4.475       3.991       3.558       3.183    
        2.866       2.603       2.390       2.220       2.088       1.988       1.914       1.862       1.829       1.810    
        1.803       1.806       1.817       1.834       1.855       1.880       1.908       1.938       1.968       2.000    
  36    2.000       1.968       1.936       1.906       1.877       1.850       1.826       1.805       1.790       1.781    
        1.779       1.787       1.808       1.843       1.896       1.971       2.073       2.207       2.378       2.593    
        2.857       3.176       3.553       3.988       4.474       4.994       4.475       3.991       3.558       3.183    
        2.866       2.603       2.390       2.220       2.088       1.988       1.914       1.862       1.829       1.810    
        1.803       1.806       1.817       1.834       1.855       1.880       1.908       1.938       1.968       2.000    
  37    2.000       1.968       1.936       1.906       1.877       1.850       1.826       1.805       1.790       1.781    
        1.779       1.787       1.808       1.843       1.896       1.971       2.073       2.207       2.378       2.593    
        2.857       3.176       3.553       3.988       4.474       4.994       4.475       3.991       3.558       3.183    
        2.866       2.603       2.390       2.220       2.088       1.988       1.914       1.862       1.829       1.810    
        1.803       1.806       1.817       1.834       1.855       1.880       1.908       1.938       1.968       2.000    
  38    2.000       1.968       1.936       1.906       1.877       1.850       1.826       1.805       1.790       1.781    
        1.779       1.787       1.808       1.843       1.896       1.971       2.073       2.207       2.378       2.593    
        2.857       3.176       3.553       3.988       4.474       4.994       4.475       3.991       3.558       3.183    
        2.866       2.603       2.390       2.220       2.088       1.988       1.914       1.862       1.829       1.810    
        1.803       1.806       1.817       1.834       1.855       1.880       1.908       1.938       1.968       2.000    
  39    2.000       1.968       1.936       1.906       1.877       1.850       1.826       1.805       1.790       1.781    
        1.779       1.787       1.808       1.843       1.896       1.971       2.073       2.207       2.378       2.593    
        2.857       3.176       3.553       3.988       4.474       4.994       4.475       3.991       3.558       3.183    
        2.866       2.603       2.390       2.220       2.088       1.988       1.914       1.862       1.829       1.810    
        1.803       1.806       1.817       1.834       1.855       1.880       1.908       1.938       1.968       2.000    
  40    2.000       1.968       1.936       1.906       1.877       1.850       1.826       1.805       1.790       1.781    
        1.779       1.787       1.808       1.843       1.896       1.971       2.073       2.207       2.378       2.593    
        2.857       3.176       3.553       3.988       4.474       4.994       4.475       3.991       3.558       3.183    
        2.866       2.603       2.390       2.220       2.088       1.988       1.914       1.862       1.829       1.810    
        1.803       1.806       1.817       1.834       1.855       1.880       1.908       1.938       1.968       2.000    
  41    2.000       1.968       1.936       1.906       1.877       1.850       1.826       1.805       1.790       1.781    
        1.779       1.787       1.808       1.843       1.896       1.971       2.073       2.207       2.378       2.593    
        2.857       3.176       3.553       3.988       4.474       4.994       4.475       3.991       3.558       3.183    
        2.866       2.603       2.390       2.220       2.088       1.988       1.914       1.862       1.829       1.810    
        1.803       1.806       1.817       1.834       1.855       1.880       1.908       1.938       1.968       2.000    
  42    2.000       1.968       1.936       1.906       1.877       1.850       1.826       1.805       1.790       1.781    
        1.779       1.787       1.808       1.843       1.896       1.971       2.073       2.207       2.378       2.593    
        2.857       3.176       3.553       3.988       4.474       4.994       4.475       3.991       3.558       3.183    
        2.866       2.603       2.390       2.220       2.088       1.988       1.914       1.862       1.829       1.810    
        1.803       1.806       1.817       1.834       1.855       1.880       1.908       1.938       1.968       2.000    
  43    2.000       1.968       1.936       1.906       1.877       1.850       1.826       1.805       1.790       1.781    
        1.779       1.787       1.808       1.843       1.896       1.971       2.073       2.207       2.378       2.593    
        2.857       3.176       3.553       3.988       4.474       4.994       4.475       3.991       3.558       3.183    
        2.866       2.603       2.390       2.220       2.088       1.988       1.914       1.862       1.829       1.810    
        1.803       1.806       1.817       1.834       1.855       1.880       1.908       1.938       1.968       2.000    
  44    2.000       1.968       1.936       1.906       1.877       1.850       1.826       1.805       1.790       1.781    
        1.779       1.787       1.808       1.843       1.896       1.971       2.073       2.207       2.378       2.593    
        2.857       3.176       3.553       3.988       4.474       4.994       4.475       3.991       3.558       3.183    
        2.866       2.603       2.390       2.220       2.088       1.988       1.914       1.862       1.829       1.810    
        1.803       1.806       1.817       1.834       1.855       1.880       1.908       1.938       1.968       2.000    
  45    2.000       1.968       1.936       1.906       1.877       1.850       1.826       1.805       1.790       1.781    
        1.779       1.787       1.808       1.843       1.896       1.971       2.073       2.207       2.378       2.593    
        2.857       3.176       3.553       3.988       4.474       4.994       4.475       3.991       3.558       3.183    
        2.866       2.603       2.390       2.220       2.088       1.988       1.914       1.862       1.829       1.810    
        1.803       1.806       1.817       1.834       1.855       1.880       1.908       1.938       1.968       2.000    
  46    2.000       1.968       1.936       1.906       1.877       1.850       1.826       1.805       1.790       1.781    
        1.779       1.787       1.808       1.843       1.896       1.971       2.073       2.207       2.378       2.593    
        2.857       3.176       3.553       3.988       4.474       4.994       4.475       3.991       3.558       3.183    
        2.866       2.603       2.390       2.220       2.088       1.988       1.914       1.862       1.829       1.810    
        1.803       1.806       1.817       1.834       1.855       1.880       1.908       1.938       1.968       2.000    
  47    2.000       1.968       1.936       1.906       1.877       1.850       1.826       1.805       1.790       1.781    
        1.779       1.787       1.808       1.843       1.896       1.971       2.073       2.207       2.378       2.593    
        2.857       3.176       3.553       3.988       4.474       4.994       4.475       3.991       3.558       3.183    
        2.866       2.603       2.390       2.220       2.088       1.988       1.914       1.862       1.829       1.810    
        1.803       1.806       1.817       1.834       1.855       1.880       1.908       1.938       1.968       2.000    
  48    2.000       1.968       1.936       1.906       1.877       1.850       1.826       1.805       1.790       1.781    
        1.779       1.787       1.808       1.843       1.896       1.971       2.073       2.207       2.378       2.593    
        2.857       3.176       3.553       3.988       4.474       4.994       4.475       3.991       3.558       3.183    
        2.866       2.603       2.390       2.220       2.088       1.988       1.914       1.862       1.829       1.810    
        1.803       1.806       1.817       1.834       1.855       1.880       1.908       1.938       1.968       2.000    
  49    2.000       1.968       1.936       1.906       1.877       1.850       1.826       1.805       1.790       1.781    
        1.779       1.787       1.808       1.843       1.896       1.971       2.073       2.207       2.378       2.593    
        2.857       3.176       3.553       3.988       4.474       4.994       4.475       3.991       3.558       3.183    
        2.866       2.603       2.390       2.220       2.088       1.988       1.914       1.862       1.829       1.810    
        1.803       1.806       1.817       1.834       1.855       1.880       1.908       1.938       1.968       2.000    
  50    2.000       1.968       1.936       1.906       1.877       1.850       1.826       1.805       1.790       1.781    
        1.779       1.787       1.808       1.843       1.896       1.971       2.073       2.207       2.378       2.593    
        2.857       3.176       3.553       3.988       4.474       4.994       4.475       3.991       3.558       3.183    
        2.866       2.603       2.390       2.220       2.088       1.988       1.914       1.862       1.829       1.810    
        1.803       1.806       1.817       1.834       1.855       1.880       1.908       1.938       1.968       2.000    

 HEAD WILL BE SAVED ON UNIT   51 AT END OF TIME STEP    2, STRESS PERIOD    2

 DRAWDOWN WILL BE SAVED ON UNIT   52 AT END OF TIME STEP    2, STRESS PERIOD    2
1
  VOLUMETRIC BUDGET FOR ENTIRE MODEL AT END OF TIME STEP    2, STRESS PERIOD   2
  ------------------------------------------------------------------------------

     CUMULATIVE VOLUMES      L**3       RATES FOR THIS TIME STEP      L**3/T
     ------------------                 ------------------------

           IN:                                      IN:
           ---                                      ---
             STORAGE =           0.0000               STORAGE =           0.0000
       CONSTANT HEAD =         379.8502         CONSTANT HEAD =         159.0232
       RIVER LEAKAGE =        4042.8037         RIVER LEAKAGE =        2596.9360

            TOTAL IN =        4422.6538              TOTAL IN =        2755.9592

          OUT:                                     OUT:
          ----                                     ----
             STORAGE =        4218.6426               STORAGE =        2755.9688
       CONSTANT HEAD =           0.0000         CONSTANT HEAD =           0.0000
       RIVER LEAKAGE =         204.0625         RIVER LEAKAGE =           0.0000

           TOTAL OUT =        4422.7051             TOTAL OUT =        2755.9688

            IN - OUT =      -5.1270E-02              IN - OUT =      -9.5215E-03

 PERCENT DISCREPANCY =          -0.00     PERCENT DISCREPANCY =          -0.00






         TIME SUMMARY AT END OF TIME STEP    2 IN STRESS PERIOD    2
                    SECONDS     MINUTES      HOURS       DAYS        YEARS
                    -----------------------------------------------------------
   TIME STEP LENGTH  43200.      720.00      12.000     0.50000     1.36893E-03
 STRESS PERIOD TIME  86400.      1440.0      24.000      1.0000     2.73785E-03
         TOTAL TIME 1.72800E+05  2880.0      48.000      2.0000     5.47570E-03
1
 
 SOLVING FOR HEAD 

 OUTPUT CONTROL FOR STRESS PERIOD    2   TIME STEP    3
    SAVE HEAD FOR ALL LAYERS
    SAVE DRAWDOWN FOR ALL LAYERS
    SAVE BUDGET
    PRINT HEAD FOR ALL LAYERS
    PRINT BUDGET
 UBDSV1 SAVING "         STORAGE" ON UNIT  53 AT TIME STEP  3, STRESS PERIOD   2
 UBDSV2 SAVING "   CONSTANT HEAD" ON UNIT  53 AT TIME STEP  3, STRESS PERIOD   2
 UBDSV1 SAVING "FLOW RIGHT FACE " ON UNIT  53 AT TIME STEP  3, STRESS PERIOD   2
 UBDSV1 SAVING "FLOW FRONT FACE " ON UNIT  53 AT TIME STEP  3, STRESS PERIOD   2
 UBDSV4 SAVING "   RIVER LEAKAGE" ON UNIT  53 AT TIME STEP  3, STRESS PERIOD   2
1
              HEAD IN LAYER   1 AT END OF TIME STEP   3 IN STRESS PERIOD    2
  ---------------------------------------------------------------------------

            1           2           3           4           5           6           7           8           9          10
           11          12          13          14          15          16          17          18          19          20
           21          22          23          24          25          26          27          28          29          30
           31          32          33          34          35          36          37          38          39          40
           41          42          43          44          45          46          47          48          49          50
 ........................................................................................................................
   1    2.000       1.978       1.957       1.937       1.921       1.907       1.898       1.895       1.899       1.912    
        1.936       1.972       2.023       2.091       2.179       2.289       2.425       2.589       2.784       3.011    
        3.271       3.565       3.889       4.241       4.612       4.995       4.614       4.244       3.894       3.571    
        3.279       3.020       2.795       2.602       2.439       2.305       2.196       2.110       2.043       1.993    
        1.958       1.936       1.924       1.920       1.924       1.933       1.946       1.962       1.981       2.000    
   2    2.000       1.978       1.957       1.937       1.921       1.907       1.898       1.895       1.899       1.912    
        1.936       1.972       2.023       2.091       2.179       2.289       2.425       2.589       2.784       3.011    
        3.271       3.565       3.889       4.241       4.612       4.995       4.614       4.244       3.894       3.571    
        3.279       3.020       2.795       2.602       2.439       2.305       2.196       2.110       2.043       1.993    
        1.958       1.936       1.924       1.920       1.924       1.933       1.946       1.962       1.981       2.000    
   3    2.000       1.978       1.957       1.937       1.921       1.907       1.898       1.895       1.899       1.912    
        1.936       1.972       2.023       2.091       2.179       2.289       2.425       2.589       2.784       3.011    
        3.271       3.565       3.889       4.241       4.612       4.995       4.614       4.244       3.894       3.571    
        3.279       3.020       2.795       2.602       2.439       2.305       2.196       2.110       2.043       1.993    
        1.958       1.936       1.924       1.920       1.924       1.933       1.946       1.962       1.981       2.000    
   4    2.000       1.978       1.957       1.937       1.921       1.907       1.898       1.895       1.899       1.912    
        1.936       1.972       2.023       2.091       2.179       2.289       2.425       2.589       2.784       3.011    
        3.271       3.565       3.889       4.241       4.612       4.995       4.614       4.244       3.894       3.571    
        3.279       3.020       2.795       2.602       2.439       2.305       2.196       2.110       2.043       1.993    
        1.958       1.936       1.924       1.920       1.924       1.933       1.946       1.962       1.981       2.000    
   5    2.000       1.978       1.957       1.937       1.921       1.907       1.898       1.895       1.899       1.912    
        1.936       1.972       2.023       2.091       2.179       2.289       2.425       2.589       2.784       3.011    
        3.271       3.565       3.889       4.241       4.612       4.995       4.614       4.244       3.894       3.571    
        3.279       3.020       2.795       2.602       2.439       2.305       2.196       2.110       2.043       1.993    
        1.958       1.936       1.924       1.920       1.924       1.933       1.946       1.962       1.981       2.000    
   6    2.000       1.978       1.957       1.937       1.921       1.907       1.898       1.895       1.899       1.912    
        1.936       1.972       2.023       2.091       2.179       2.289       2.425       2.589       2.784       3.011    
        3.271       3.565       3.889       4.241       4.612       4.995       4.614       4.244       3.894       3.571    
        3.279       3.020       2.795       2.602       2.439       2.305       2.196       2.110       2.043       1.993    
        1.958       1.936       1.924       1.920       1.924       1.933       1.946       1.962       1.981       2.000    
   7    2.000       1.978       1.957       1.937       1.921       1.907       1.898       1.895       1.899       1.912    
        1.936       1.972       2.023       2.091       2.179       2.289       2.425       2.589       2.784       3.011    
        3.271       3.565       3.889       4.241       4.612       4.995       4.614       4.244       3.894       3.571    
        3.279       3.020       2.795       2.602       2.439       2.305       2.196       2.110       2.043       1.993    
        1.958       1.936       1.924       1.920       1.924       1.933       1.946       1.962       1.981       2.000    
   8    2.000       1.978       1.957       1.937       1.921       1.907       1.898       1.895       1.899       1.912    
        1.936       1.972       2.023       2.091       2.179       2.289       2.425       2.589       2.784       3.011    
        3.271       3.565       3.889       4.241       4.612       4.995       4.614       4.244       3.894       3.571    
        3.279       3.020       2.795       2.602       2.439       2.305       2.196       2.110       2.043       1.993    
        1.958       1.936       1.924       1.920       1.924       1.933       1.946       1.962       1.981       2.000    
   9    2.000       1.978       1.957       1.937       1.921       1.907       1.898       1.895       1.899       1.912    
        1.936       1.972       2.023       2.091       2.179       2.289       2.425       2.589       2.784       3.011    
        3.271       3.565       3.889       4.241       4.612       4.995       4.614       4.244       3.894       3.571    
        3.279       3.020       2.795       2.602       2.439       2.305       2.196       2.110       2.043       1.993    
        1.958       1.936       1.924       1.920       1.924       1.933       1.946       1.962       1.981       2.000    
  10    2.000       1.978       1.957       1.937       1.921       1.907       1.898       1.895       1.899       1.912    
        1.936       1.972       2.023       2.091       2.179       2.289       2.425       2.589       2.784       3.011    
        3.271       3.565       3.889       4.241       4.612       4.995       4.614       4.244       3.894       3.571    
        3.279       3.020       2.795       2.602       2.439       2.305       2.196       2.110       2.043       1.993    
        1.958       1.936       1.924       1.920       1.924       1.933       1.946       1.962       1.981       2.000    
  11    2.000       1.978       1.957       1.937       1.921       1.907       1.898       1.895       1.899       1.912    
        1.936       1.972       2.023       2.091       2.179       2.289       2.425       2.589       2.784       3.011    
        3.271       3.565       3.889       4.241       4.612       4.995       4.614       4.244       3.894       3.571    
        3.279       3.020       2.795       2.602       2.439       2.305       2.196       2.110       2.043       1.993    
        1.958       1.936       1.924       1.920       1.924       1.933       1.946       1.962       1.981       2.000    
  12    2.000       1.978       1.957       1.937       1.921       1.907       1.898       1.895       1.899       1.912    
        1.936       1.972       2.023       2.091       2.179       2.289       2.425       2.589       2.784       3.011    
        3.271       3.565       3.889       4.241       4.612       4.995       4.614       4.244       3.894       3.571    
        3.279       3.020       2.795       2.602       2.439       2.305       2.196       2.110       2.043       1.993    
        1.958       1.936       1.924       1.920       1.924       1.933       1.946       1.962       1.981       2.000    
  13    2.000       1.978       1.957       1.937       1.921       1.907       1.898       1.895       1.899       1.912    
        1.936       1.972       2.023       2.091       2.179       2.289       2.425       2.589       2.784       3.011    
        3.271       3.565       3.889       4.241       4.612       4.995       4.614       4.244       3.894       3.571    
        3.279       3.020       2.795       2.602       2.439       2.305       2.196       2.110       2.043       1.993    
        1.958       1.936       1.924       1.920       1.924       1.933       1.946       1.962       1.981       2.000    
  14    2.000       1.978       1.957       1.937       1.921       1.907       1.898       1.895       1.899       1.912    
        1.936       1.972       2.023       2.091       2.179       2.289       2.425       2.589       2.784       3.011    
        3.271       3.565       3.889       4.241       4.612       4.995       4.614       4.244       3.894       3.571    
        3.279       3.020       2.795       2.602       2.439       2.305       2.196       2.110       2.043       1.993    
        1.958       1.936       1.924       1.920       1.924       1.933       1.946       1.962       1.981       2.000    
  15    2.000       1.978       1.957       1.937       1.921       1.907       1.898       1.895       1.899       1.912    
        1.936       1.972       2.023       2.091       2.179       2.289       2.425       2.589       2.784       3.011    
        3.271       3.565       3.889       4.241       4.612       4.995       4.614       4.244       3.894       3.571    
        3.279       3.020       2.795       2.602       2.439       2.305       2.196       2.110       2.043       1.993    
        1.958       1.936       1.924       1.920       1.924       1.933       1.946       1.962       1.981       2.000    
  16    2.000       1.978       1.957       1.937       1.921       1.907       1.898       1.895       1.899       1.912    
        1.936       1.972       2.023       2.091       2.179       2.289       2.425       2.589       2.784       3.011    
        3.271       3.565       3.889       4.241       4.612       4.995       4.614       4.244       3.894       3.571    
        3.279       3.020       2.795       2.602       2.439       2.305       2.196       2.110       2.043       1.993    
        1.958       1.936       1.924       1.920       1.924       1.933       1.946       1.962       1.981       2.000    
  17    2.000       1.978       1.957       1.937       1.921       1.907       1.898       1.895       1.899       1.912    
        1.936       1.972       2.023       2.091       2.179       2.289       2.425       2.589       2.784       3.011    
        3.271       3.565       3.889       4.241       4.612       4.995       4.614       4.244       3.894       3.571    
        3.279       3.020       2.795       2.602       2.439       2.305       2.196       2.110       2.043       1.993    
        1.958       1.936       1.924       1.920       1.924       1.933       1.946       1.962       1.981       2.000    
  18    2.000       1.978       1.957       1.937       1.921       1.907       1.898       1.895       1.899       1.912    
        1.936       1.972       2.023       2.091       2.179       2.289       2.425       2.589       2.784       3.011    
        3.271       3.565       3.889       4.241       4.612       4.995       4.614       4.244       3.894       3.571    
        3.279       3.020       2.795       2.602       2.439       2.305       2.196       2.110       2.043       1.993    
        1.958       1.936       1.924       1.920       1.924       1.933       1.946       1.962       1.981       2.000    
  19    2.000       1.978       1.957       1.937       1.921       1.907       1.898       1.895       1.899       1.912    
        1.936       1.972       2.023       2.091       2.179       2.289       2.425       2.589       2.784       3.011    
        3.271       3.565       3.889       4.241       4.612       4.995       4.614       4.244       3.894       3.571    
        3.279       3.020       2.795       2.602       2.439       2.305       2.196       2.110       2.043       1.993    
        1.958       1.936       1.924       1.920       1.924       1.933       1.946       1.962       1.981       2.000    
  20    2.000       1.978       1.957       1.937       1.921       1.907       1.898       1.895       1.899       1.912    
        1.936       1.972       2.023       2.091       2.179       2.289       2.425       2.589       2.784       3.011    
        3.271       3.565       3.889       4.241       4.612       4.995       4.614       4.244       3.894       3.571    
        3.279       3.020       2.795       2.602       2.439       2.305       2.196       2.110       2.043       1.993    
        1.958       1.936       1.924       1.920       1.924       1.933       1.946       1.962       1.981       2.000    
  21    2.000       1.978       1.957       1.937       1.921       1.907       1.898       1.895       1.899       1.912    
        1.936       1.972       2.023       2.091       2.179       2.289       2.425       2.589       2.784       3.011    
        3.271       3.565       3.889       4.241       4.612       4.995       4.614       4.244       3.894       3.571    
        3.279       3.020       2.795       2.602       2.439       2.305       2.196       2.110       2.043       1.993    
        1.958       1.936       1.924       1.920       1.924       1.933       1.946       1.962       1.981       2.000    
  22    2.000       1.978       1.957       1.937       1.921       1.907       1.898       1.895       1.899       1.912    
        1.936       1.972       2.023       2.091       2.179       2.289       2.425       2.589       2.784       3.011    
        3.271       3.565       3.889       4.241       4.612       4.995       4.614       4.244       3.894       3.571    
        3.279       3.020       2.795       2.602       2.439       2.305       2.196       2.110       2.043       1.993    
        1.958       1.936       1.924       1.920       1.924       1.933       1.946       1.962       1.981       2.000    
  23    2.000       1.978       1.957       1.937       1.921       1.907       1.898       1.895       1.899       1.912    
        1.936       1.972       2.023       2.091       2.179       2.289       2.425       2.589       2.784       3.011    
        3.271       3.565       3.889       4.241       4.612       4.995       4.614       4.244       3.894       3.571    
        3.279       3.020       2.795       2.602       2.439       2.305       2.196       2.110       2.043       1.993    
        1.958       1.936       1.924       1.920       1.924       1.933       1.946       1.962       1.981       2.000    
  24    2.000       1.978       1.957       1.937       1.921       1.907       1.898       1.895       1.899       1.912    
        1.936       1.972       2.023       2.091       2.179       2.289       2.425       2.589       2.784       3.011    
        3.271       3.565       3.889       4.241       4.612       4.995       4.614       4.244       3.894       3.571    
        3.279       3.020       2.795       2.602       2.439       2.305       2.196       2.110       2.043       1.993    
        1.958       1.936       1.924       1.920       1.924       1.933       1.946       1.962       1.981       2.000    
  25    2.000       1.978       1.957       1.937       1.921       1.907       1.898       1.895       1.899       1.912    
        1.936       1.972       2.023       2.091       2.179       2.289       2.425       2.589       2.784       3.011    
        3.271       3.565       3.889       4.241       4.612       4.995       4.614       4.244       3.894       3.571    
        3.279       3.020       2.795       2.602       2.439       2.305       2.196       2.110       2.043       1.993    
        1.958       1.936       1.924       1.920       1.924       1.933       1.946       1.962       1.981       2.000    
  26    2.000       1.978       1.957       1.937       1.921       1.907       1.898       1.895       1.899       1.912    
        1.936       1.972       2.023       2.091       2.179       2.289       2.425       2.589       2.784       3.011    
        3.271       3.565       3.889       4.241       4.612       4.995       4.614       4.244       3.894       3.571    
        3.279       3.020       2.795       2.602       2.439       2.305       2.196       2.110       2.043       1.993    
        1.958       1.936       1.924       1.920       1.924       1.933       1.946       1.962       1.981       2.000    
  27    2.000       1.978       1.957       1.937       1.921       1.907       1.898       1.895       1.899       1.912    
        1.936       1.972       2.023       2.091       2.179       2.289       2.425       2.589       2.784       3.011    
        3.271       3.565       3.889       4.241       4.612       4.995       4.614       4.244       3.894       3.571    
        3.279       3.020       2.795       2.602       2.439       2.305       2.196       2.110       2.043       1.993    
        1.958       1.936       1.924       1.920       1.924       1.933       1.946       1.962       1.981       2.000    
  28    2.000       1.978       1.957       1.937       1.921       1.907       1.898       1.895       1.899       1.912    
        1.936       1.972       2.023       2.091       2.179       2.289       2.425       2.589       2.784       3.011    
        3.271       3.565       3.889       4.241       4.612       4.995       4.614       4.244       3.894       3.571    
        3.279       3.020       2.795       2.602       2.439       2.305       2.196       2.110       2.043       1.993    
        1.958       1.936       1.924       1.920       1.924       1.933       1.946       1.962       1.981       2.000    
  29    2.000       1.978       1.957       1.937       1.921       1.907       1.898       1.895       1.899       1.912    
        1.936       1.972       2.023       2.091       2.179       2.289       2.425       2.589       2.784       3.011    
        3.271       3.565       3.889       4.241       4.612       4.995       4.614       4.244       3.894       3.571    
        3.279       3.020       2.795       2.602       2.439       2.305       2.196       2.110       2.043       1.993    
        1.958       1.936       1.924       1.920       1.924       1.933       1.946       1.962       1.981       2.000    
  30    2.000       1.978       1.957       1.937       1.921       1.907       1.898       1.895       1.899       1.912    
        1.936       1.972       2.023       2.091       2.179       2.289       2.425       2.589       2.784       3.011    
        3.271       3.565       3.889       4.241       4.612       4.995       4.614       4.244       3.894       3.571    
        3.279       3.020       2.795       2.602       2.439       2.305       2.196       2.110       2.043       1.993    
        1.958       1.936       1.924       1.920       1.924       1.933       1.946       1.962       1.981       2.000    
  31    2.000       1.978       1.957       1.937       1.921       1.907       1.898       1.895       1.899       1.912    
        1.936       1.972       2.023       2.091       2.179       2.289       2.425       2.589       2.784       3.011    
        3.271       3.565       3.889       4.241       4.612       4.995       4.614       4.244       3.894       3.571    
        3.279       3.020       2.795       2.602       2.439       2.305       2.196       2.110       2.043       1.993    
        1.958       1.936       1.924       1.920       1.924       1.933       1.946       1.962       1.981       2.000    
  32    2.000       1.978       1.957       1.937       1.921       1.907       1.898       1.895       1.899       1.912    
        1.936       1.972       2.023       2.091       2.179       2.289       2.425       2.589       2.784       3.011    
        3.271       3.565       3.889       4.241       4.612       4.995       4.614       4.244       3.894       3.571    
        3.279       3.020       2.795       2.602       2.439       2.305       2.196       2.110       2.043       1.993    
        1.958       1.936       1.924       1.920       1.924       1.933       1.946       1.962       1.981       2.000    
  33    2.000       1.978       1.957       1.937       1.921       1.907       1.898       1.895       1.899       1.912    
        1.936       1.972       2.023       2.091       2.179       2.289       2.425       2.589       2.784       3.011    
        3.271       3.565       3.889       4.241       4.612       4.995       4.614       4.244       3.894       3.571    
        3.279       3.020       2.795       2.602       2.439       2.305       2.196       2.110       2.043       1.993    
        1.958       1.936       1.924       1.920       1.924       1.933       1.946       1.962       1.981       2.000    
  34    2.000       1.978       1.957       1.937       1.921       1.907       1.898       1.895       1.899       1.912    
        1.936       1.972       2.023       2.091       2.179       2.289       2.425       2.589       2.784       3.011    
        3.271       3.565       3.889       4.241       4.612       4.995       4.614       4.244       3.894       3.571    
        3.279       3.020       2.795       2.602       2.439       2.305       2.196       2.110       2.043       1.993    
        1.958       1.936       1.924       1.920       1.924       1.933       1.946       1.962       1.981       2.000    
  35    2.000       1.978       1.957       1.937       1.921       1.907       1.898       1.895       1.899       1.912    
        1.936       1.972       2.023       2.091       2.179       2.289       2.425       2.589       2.784       3.011    
        3.271       3.565       3.889       4.241       4.612       4.995       4.614       4.244       3.894       3.571    
        3.279       3.020       2.795       2.602       2.439       2.305       2.196       2.110       2.043       1.993    
        1.958       1.936       1.924       1.920       1.924       1.933       1.946       1.962       1.981       2.000    
  36    2.000       1.978       1.957       1.937       1.921       1.907       1.898       1.895       1.899       1.912    
        1.936       1.972       2.023       2.091       2.179       2.289       2.425       2.589       2.784       3.011    
        3.271       3.565       3.889       4.241       4.612       4.995       4.614       4.244       3.894       3.571    
        3.279       3.020       2.795       2.602       2.439       2.305       2.196       2.110       2.043       1.993    
        1.958       1.936       1.924       1.920       1.924       1.933       1.946       1.962       1.981       2.000    
  37    2.000       1.978       1.957       1.937       1.921       1.907       1.898       1.895       1.899       1.912    
        1.936       1.972       2.023       2.091       2.179       2.289       2.425       2.589       2.784       3.011    
        3.271       3.565       3.889       4.241       4.612       4.995       4.614       4.244       3.894       3.571    
        3.279       3.020       2.795       2.602       2.439       2.305       2.196       2.110       2.043       1.993    
        1.958       1.936       1.924       1.920       1.924       1.933       1.946       1.962       1.981       2.000    
  38    2.000       1.978       1.957       1.937       1.921       1.907       1.898       1.895       1.899       1.912    
        1.936       1.972       2.023       2.091       2.179       2.289       2.425       2.589       2.784       3.011    
        3.271       3.565       3.889       4.241       4.612       4.995       4.614       4.244       3.894       3.571    
        3.279       3.020       2.795       2.602       2.439       2.305       2.196       2.110       2.043       1.993    
        1.958       1.936       1.924       1.920       1.924       1.933       1.946       1.962       1.981       2.000    
  39    2.000       1.978       1.957       1.937       1.921       1.907       1.898       1.895       1.899       1.912    
        1.936       1.972       2.023       2.091       2.179       2.289       2.425       2.589       2.784       3.011    
        3.271       3.565       3.889       4.241       4.612       4.995       4.614       4.244       3.894       3.571    
        3.279       3.020       2.795       2.602       2.439       2.305       2.196       2.110       2.043       1.993    
        1.958       1.936       1.924       1.920       1.924       1.933       1.946       1.962       1.981       2.000    
  40    2.000       1.978       1.957       1.937       1.921       1.907       1.898       1.895       1.899       1.912    
        1.936       1.972       2.023       2.091       2.179       2.289       2.425       2.589       2.784       3.011    
        3.271       3.565       3.889       4.241       4.612       4.995       4.614       4.244       3.894       3.571    
        3.279       3.020       2.795       2.602       2.439       2.305       2.196       2.110       2.043       1.993    
        1.958       1.936       1.924       1.920       1.924       1.933       1.946       1.962       1.981       2.000    
  41    2.000       1.978       1.957       1.937       1.921       1.907       1.898       1.895       1.899       1.912    
        1.936       1.972       2.023       2.091       2.179       2.289       2.425       2.589       2.784       3.011    
        3.271       3.565       3.889       4.241       4.612       4.995       4.614       4.244       3.894       3.571    
        3.279       3.020       2.795       2.602       2.439       2.305       2.196       2.110       2.043       1.993    
        1.958       1.936       1.924       1.920       1.924       1.933       1.946       1.962       1.981       2.000    
  42    2.000       1.978       1.957       1.937       1.921       1.907       1.898       1.895       1.899       1.912    
        1.936       1.972       2.023       2.091       2.179       2.289       2.425       2.589       2.784       3.011    
        3.271       3.565       3.889       4.241       4.612       4.995       4.614       4.244       3.894       3.571    
        3.279       3.020       2.795       2.602       2.439       2.305       2.196       2.110       2.043       1.993    
        1.958       1.936       1.924       1.920       1.924       1.933       1.946       1.962       1.981       2.000    
  43    2.000       1.978       1.957       1.937       1.921       1.907       1.898       1.895       1.899       1.912    
        1.936       1.972       2.023       2.091       2.179       2.289       2.425       2.589       2.784       3.011    
        3.271       3.565       3.889       4.241       4.612       4.995       4.614       4.244       3.894       3.571    
        3.279       3.020       2.795       2.602       2.439       2.305       2.196       2.110       2.043       1.993    
        1.958       1.936       1.924       1.920       1.924       1.933       1.946       1.962       1.981       2.000    
  44    2.000       1.978       1.957       1.937       1.921       1.907       1.898       1.895       1.899       1.912    
        1.936       1.972       2.023       2.091       2.179       2.289       2.425       2.589       2.784       3.011    
        3.271       3.565       3.889       4.241       4.612       4.995       4.614       4.244       3.894       3.571    
        3.279       3.020       2.795       2.602       2.439       2.305       2.196       2.110       2.043       1.993    
        1.958       1.936       1.924       1.920       1.924       1.933       1.946       1.962       1.981       2.000    
  45    2.000       1.978       1.957       1.937       1.921       1.907       1.898       1.895       1.899       1.912    
        1.936       1.972       2.023       2.091       2.179       2.289       2.425       2.589       2.784       3.011    
        3.271       3.565       3.889       4.241       4.612       4.995       4.614       4.244       3.894       3.571    
        3.279       3.020       2.795       2.602       2.439       2.305       2.196       2.110       2.043       1.993    
        1.958       1.936       1.924       1.920       1.924       1.933       1.946       1.962       1.981       2.000    
  46    2.000       1.978       1.957       1.937       1.921       1.907       1.898       1.895       1.899       1.912    
        1.936       1.972       2.023       2.091       2.179       2.289       2.425       2.589       2.784       3.011    
        3.271       3.565       3.889       4.241       4.612       4.995       4.614       4.244       3.894       3.571    
        3.279       3.020       2.795       2.602       2.439       2.305       2.196       2.110       2.043       1.993    
        1.958       1.936       1.924       1.920       1.924       1.933       1.946       1.962       1.981       2.000    
  47    2.000       1.978       1.957       1.937       1.921       1.907       1.898       1.895       1.899       1.912    
        1.936       1.972       2.023       2.091       2.179       2.289       2.425       2.589       2.784       3.011    
        3.271       3.565       3.889       4.241       4.612       4.995       4.614       4.244       3.894       3.571    
        3.279       3.020       2.795       2.602       2.439       2.305       2.196       2.110       2.043       1.993    
        1.958       1.936       1.924       1.920       1.924       1.933       1.946       1.962       1.981       2.000    
  48    2.000       1.978       1.957       1.937       1.921       1.907       1.898       1.895       1.899       1.912    
        1.936       1.972       2.023       2.091       2.179       2.289       2.425       2.589       2.784       3.011    
        3.271       3.565       3.889       4.241       4.612       4.995       4.614       4.244       3.894       3.571    
        3.279       3.020       2.795       2.602       2.439       2.305       2.196       2.110       2.043       1.993    
        1.958       1.936       1.924       1.920       1.924       1.933       1.946       1.962       1.981       2.000    
  49    2.000       1.978       1.957       1.937       1.921       1.907       1.898       1.895       1.899       1.912    
        1.936       1.972       2.023       2.091       2.179       2.289       2.425       2.589       2.784       3.011    
        3.271       3.565       3.889       4.241       4.612       4.995       4.614       4.244       3.894       3.571    
        3.279       3.020       2.795       2.602       2.439       2.305       2.196       2.110       2.043       1.993    
        1.958       1.936       1.924       1.920       1.924       1.933       1.946       1.962       1.981       2.000    
  50    2.000       1.978       1.957       1.937       1.921       1.907       1.898       1.895       1.899       1.912    
        1.936       1.972       2.023       2.091       2.179       2.289       2.425       2.589       2.784       3.011    
        3.271       3.565       3.889       4.241       4.612       4.995       4.614       4.244       3.894       3.571    
        3.279       3.020       2.795       2.602       2.439       2.305       2.196       2.110       2.043       1.993    
        1.958       1.936       1.924       1.920       1.924       1.933       1.946       1.962       1.981       2.000    

 HEAD WILL BE SAVED ON UNIT   51 AT END OF TIME STEP    3, STRESS PERIOD    2

 DRAWDOWN WILL BE SAVED ON UNIT   52 AT END OF TIME STEP    3, STRESS PERIOD    2
1
  VOLUMETRIC BUDGET FOR ENTIRE MODEL AT END OF TIME STEP    3, STRESS PERIOD   2
  ------------------------------------------------------------------------------

     CUMULATIVE VOLUMES      L**3       RATES FOR THIS TIME STEP      L**3/T
     ------------------                 ------------------------

           IN:                                      IN:
           ---                                      ---
             STORAGE =           0.0000               STORAGE =           0.0000
       CONSTANT HEAD =         431.3496         CONSTANT HEAD =         102.9990
       RIVER LEAKAGE =        4998.0469         RIVER LEAKAGE =        1910.4865

            TOTAL IN =        5429.3965              TOTAL IN =        2013.4854

          OUT:                                     OUT:
          ----                                     ----
             STORAGE =        5225.3506               STORAGE =        2013.4163
       CONSTANT HEAD =           0.0000         CONSTANT HEAD =           0.0000
       RIVER LEAKAGE =         204.0625         RIVER LEAKAGE =           0.0000

           TOTAL OUT =        5429.4131             TOTAL OUT =        2013.4163

            IN - OUT =      -1.6602E-02              IN - OUT =       6.9092E-02

 PERCENT DISCREPANCY =          -0.00     PERCENT DISCREPANCY =           0.00






         TIME SUMMARY AT END OF TIME STEP    3 IN STRESS PERIOD    2
                    SECONDS     MINUTES      HOURS       DAYS        YEARS
                    -----------------------------------------------------------
   TIME STEP LENGTH  43200.      720.00      12.000     0.50000     1.36893E-03
 STRESS PERIOD TIME 1.29600E+05  2160.0      36.000      1.5000     4.10678E-03
         TOTAL TIME 2.16000E+05  3600.0      60.000      2.5000     6.84463E-03
1
 
 SOLVING FOR HEAD 

 OUTPUT CONTROL FOR STRESS PERIOD    2   TIME STEP    4
    SAVE HEAD FOR ALL LAYERS
    SAVE DRAWDOWN FOR ALL LAYERS
    SAVE BUDGET
    PRINT HEAD FOR ALL LAYERS
    PRINT BUDGET
 UBDSV1 SAVING "         STORAGE" ON UNIT  53 AT TIME STEP  4, STRESS PERIOD   2
 UBDSV2 SAVING "   CONSTANT HEAD" ON UNIT  53 AT TIME STEP  4, STRESS PERIOD   2
 UBDSV1 SAVING "FLOW RIGHT FACE " ON UNIT  53 AT TIME STEP  4, STRESS PERIOD   2
 UBDSV1 SAVING "FLOW FRONT FACE " ON UNIT  53 AT TIME STEP  4, STRESS PERIOD   2
 UBDSV4 SAVING "   RIVER LEAKAGE" ON UNIT  53 AT TIME STEP  4, STRESS PERIOD   2
1
              HEAD IN LAYER   1 AT END OF TIME STEP   4 IN STRESS PERIOD    2
  ---------------------------------------------------------------------------

            1           2           3           4           5           6           7           8           9          10
           11          12          13          14          15          16          17          18          19          20
           21          22          23          24          25          26          27          28          29          30
           31          32          33          34          35          36          37          38          39          40
           41          42          43          44          45          46          47          48          49          50
 ........................................................................................................................
   1    2.000       1.991       1.984       1.978       1.976       1.978       1.986       2.000       2.024       2.057    
        2.101       2.159       2.232       2.322       2.430       2.558       2.707       2.880       3.075       3.294    
        3.535       3.798       4.079       4.376       4.683       4.996       4.685       4.379       4.084       3.804    
        3.543       3.303       3.086       2.892       2.721       2.573       2.446       2.339       2.250       2.178    
        2.121       2.077       2.044       2.021       2.006       1.997       1.993       1.993       1.996       2.000    
   2    2.000       1.991       1.984       1.978       1.976       1.978       1.986       2.000       2.024       2.057    
        2.101       2.159       2.232       2.322       2.430       2.558       2.707       2.880       3.075       3.294    
        3.535       3.798       4.079       4.376       4.683       4.996       4.685       4.379       4.084       3.804    
        3.543       3.303       3.086       2.892       2.721       2.573       2.446       2.339       2.250       2.178    
        2.121       2.077       2.044       2.021       2.006       1.997       1.993       1.993       1.996       2.000    
   3    2.000       1.991       1.984       1.978       1.976       1.978       1.986       2.000       2.024       2.057    
        2.101       2.159       2.232       2.322       2.430       2.558       2.707       2.880       3.075       3.294    
        3.535       3.798       4.079       4.376       4.683       4.996       4.685       4.379       4.084       3.804    
        3.543       3.303       3.086       2.892       2.721       2.573       2.446       2.339       2.250       2.178    
        2.121       2.077       2.044       2.021       2.006       1.997       1.993       1.993       1.996       2.000    
   4    2.000       1.991       1.984       1.978       1.976       1.978       1.986       2.000       2.024       2.057    
        2.101       2.159       2.232       2.322       2.430       2.558       2.707       2.880       3.075       3.294    
        3.535       3.798       4.079       4.376       4.683       4.996       4.685       4.379       4.084       3.804    
        3.543       3.303       3.086       2.892       2.721       2.573       2.446       2.339       2.250       2.178    
        2.121       2.077       2.044       2.021       2.006       1.997       1.993       1.993       1.996       2.000    
   5    2.000       1.991       1.984       1.978       1.976       1.978       1.986       2.000       2.024       2.057    
        2.101       2.159       2.232       2.322       2.430       2.558       2.707       2.880       3.075       3.294    
        3.535       3.798       4.079       4.376       4.683       4.996       4.685       4.379       4.084       3.804    
        3.543       3.303       3.086       2.892       2.721       2.573       2.446       2.339       2.250       2.178    
        2.121       2.077       2.044       2.021       2.006       1.997       1.993       1.993       1.996       2.000    
   6    2.000       1.991       1.984       1.978       1.976       1.978       1.986       2.000       2.024       2.057    
        2.101       2.159       2.232       2.322       2.430       2.558       2.707       2.880       3.075       3.294    
        3.535       3.798       4.079       4.376       4.683       4.996       4.685       4.379       4.084       3.804    
        3.543       3.303       3.086       2.892       2.721       2.573       2.446       2.339       2.250       2.178    
        2.121       2.077       2.044       2.021       2.006       1.997       1.993       1.993       1.996       2.000    
   7    2.000       1.991       1.984       1.978       1.976       1.978       1.986       2.000       2.024       2.057    
        2.101       2.159       2.232       2.322       2.430       2.558       2.707       2.880       3.075       3.294    
        3.535       3.798       4.079       4.376       4.683       4.996       4.685       4.379       4.084       3.804    
        3.543       3.303       3.086       2.892       2.721       2.573       2.446       2.339       2.250       2.178    
        2.121       2.077       2.044       2.021       2.006       1.997       1.993       1.993       1.996       2.000    
   8    2.000       1.991       1.984       1.978       1.976       1.978       1.986       2.000       2.024       2.057    
        2.101       2.159       2.232       2.322       2.430       2.558       2.707       2.880       3.075       3.294    
        3.535       3.798       4.079       4.376       4.683       4.996       4.685       4.379       4.084       3.804    
        3.543       3.303       3.086       2.892       2.721       2.573       2.446       2.339       2.250       2.178    
        2.121       2.077       2.044       2.021       2.006       1.997       1.993       1.993       1.996       2.000    
   9    2.000       1.991       1.984       1.978       1.976       1.978       1.986       2.000       2.024       2.057    
        2.101       2.159       2.232       2.322       2.430       2.558       2.707       2.880       3.075       3.294    
        3.535       3.798       4.079       4.376       4.683       4.996       4.685       4.379       4.084       3.804    
        3.543       3.303       3.086       2.892       2.721       2.573       2.446       2.339       2.250       2.178    
        2.121       2.077       2.044       2.021       2.006       1.997       1.993       1.993       1.996       2.000    
  10    2.000       1.991       1.984       1.978       1.976       1.978       1.986       2.000       2.024       2.057    
        2.101       2.159       2.232       2.322       2.430       2.558       2.707       2.880       3.075       3.294    
        3.535       3.798       4.079       4.376       4.683       4.996       4.685       4.379       4.084       3.804    
        3.543       3.303       3.086       2.892       2.721       2.573       2.446       2.339       2.250       2.178    
        2.121       2.077       2.044       2.021       2.006       1.997       1.993       1.993       1.996       2.000    
  11    2.000       1.991       1.984       1.978       1.976       1.978       1.986       2.000       2.024       2.057    
        2.101       2.159       2.232       2.322       2.430       2.558       2.707       2.880       3.075       3.294    
        3.535       3.798       4.079       4.376       4.683       4.996       4.685       4.379       4.084       3.804    
        3.543       3.303       3.086       2.892       2.721       2.573       2.446       2.339       2.250       2.178    
        2.121       2.077       2.044       2.021       2.006       1.997       1.993       1.993       1.996       2.000    
  12    2.000       1.991       1.984       1.978       1.976       1.978       1.986       2.000       2.024       2.057    
        2.101       2.159       2.232       2.322       2.430       2.558       2.707       2.880       3.075       3.294    
        3.535       3.798       4.079       4.376       4.683       4.996       4.685       4.379       4.084       3.804    
        3.543       3.303       3.086       2.892       2.721       2.573       2.446       2.339       2.250       2.178    
        2.121       2.077       2.044       2.021       2.006       1.997       1.993       1.993       1.996       2.000    
  13    2.000       1.991       1.984       1.978       1.976       1.978       1.986       2.000       2.024       2.057    
        2.101       2.159       2.232       2.322       2.430       2.558       2.707       2.880       3.075       3.294    
        3.535       3.798       4.079       4.376       4.683       4.996       4.685       4.379       4.084       3.804    
        3.543       3.303       3.086       2.892       2.721       2.573       2.446       2.339       2.250       2.178    
        2.121       2.077       2.044       2.021       2.006       1.997       1.993       1.993       1.996       2.000    
  14    2.000       1.991       1.984       1.978       1.976       1.978       1.986       2.000       2.024       2.057    
        2.101       2.159       2.232       2.322       2.430       2.558       2.707       2.880       3.075       3.294    
        3.535       3.798       4.079       4.376       4.683       4.996       4.685       4.379       4.084       3.804    
        3.543       3.303       3.086       2.892       2.721       2.573       2.446       2.339       2.250       2.178    
        2.121       2.077       2.044       2.021       2.006       1.997       1.993       1.993       1.996       2.000    
  15    2.000       1.991       1.984       1.978       1.976       1.978       1.986       2.000       2.024       2.057    
        2.101       2.159       2.232       2.322       2.430       2.558       2.707       2.880       3.075       3.294    
        3.535       3.798       4.079       4.376       4.683       4.996       4.685       4.379       4.084       3.804    
        3.543       3.303       3.086       2.892       2.721       2.573       2.446       2.339       2.250       2.178    
        2.121       2.077       2.044       2.021       2.006       1.997       1.993       1.993       1.996       2.000    
  16    2.000       1.991       1.984       1.978       1.976       1.978       1.986       2.000       2.024       2.057    
        2.101       2.159       2.232       2.322       2.430       2.558       2.707       2.880       3.075       3.294    
        3.535       3.798       4.079       4.376       4.683       4.996       4.685       4.379       4.084       3.804    
        3.543       3.303       3.086       2.892       2.721       2.573       2.446       2.339       2.250       2.178    
        2.121       2.077       2.044       2.021       2.006       1.997       1.993       1.993       1.996       2.000    
  17    2.000       1.991       1.984       1.978       1.976       1.978       1.986       2.000       2.024       2.057    
        2.101       2.159       2.232       2.322       2.430       2.558       2.707       2.880       3.075       3.294    
        3.535       3.798       4.079       4.376       4.683       4.996       4.685       4.379       4.084       3.804    
        3.543       3.303       3.086       2.892       2.721       2.573       2.446       2.339       2.250       2.178    
        2.121       2.077       2.044       2.021       2.006       1.997       1.993       1.993       1.996       2.000    
  18    2.000       1.991       1.984       1.978       1.976       1.978       1.986       2.000       2.024       2.057    
        2.101       2.159       2.232       2.322       2.430       2.558       2.707       2.880       3.075       3.294    
        3.535       3.798       4.079       4.376       4.683       4.996       4.685       4.379       4.084       3.804    
        3.543       3.303       3.086       2.892       2.721       2.573       2.446       2.339       2.250       2.178    
        2.121       2.077       2.044       2.021       2.006       1.997       1.993       1.993       1.996       2.000    
  19    2.000       1.991       1.984       1.978       1.976       1.978       1.986       2.000       2.024       2.057    
        2.101       2.159       2.232       2.322       2.430       2.558       2.707       2.880       3.075       3.294    
        3.535       3.798       4.079       4.376       4.683       4.996       4.685       4.379       4.084       3.804    
        3.543       3.303       3.086       2.892       2.721       2.573       2.446       2.339       2.250       2.178    
        2.121       2.077       2.044       2.021       2.006       1.997       1.993       1.993       1.996       2.000    
  20    2.000       1.991       1.984       1.978       1.976       1.978       1.986       2.000       2.024       2.057    
        2.101       2.159       2.232       2.322       2.430       2.558       2.707       2.880       3.075       3.294    
        3.535       3.798       4.079       4.376       4.683       4.996       4.685       4.379       4.084       3.804    
        3.543       3.303       3.086       2.892       2.721       2.573       2.446       2.339       2.250       2.178    
        2.121       2.077       2.044       2.021       2.006       1.997       1.993       1.993       1.996       2.000    
  21    2.000       1.991       1.984       1.978       1.976       1.978       1.986       2.000       2.024       2.057    
        2.101       2.159       2.232       2.322       2.430       2.558       2.707       2.880       3.075       3.294    
        3.535       3.798       4.079       4.376       4.683       4.996       4.685       4.379       4.084       3.804    
        3.543       3.303       3.086       2.892       2.721       2.573       2.446       2.339       2.250       2.178    
        2.121       2.077       2.044       2.021       2.006       1.997       1.993       1.993       1.996       2.000    
  22    2.000       1.991       1.984       1.978       1.976       1.978       1.986       2.000       2.024       2.057    
        2.101       2.159       2.232       2.322       2.430       2.558       2.707       2.880       3.075       3.294    
        3.535       3.798       4.079       4.376       4.683       4.996       4.685       4.379       4.084       3.804    
        3.543       3.303       3.086       2.892       2.721       2.573       2.446       2.339       2.250       2.178    
        2.121       2.077       2.044       2.021       2.006       1.997       1.993       1.993       1.996       2.000    
  23    2.000       1.991       1.984       1.978       1.976       1.978       1.986       2.000       2.024       2.057    
        2.101       2.159       2.232       2.322       2.430       2.558       2.707       2.880       3.075       3.294    
        3.535       3.798       4.079       4.376       4.683       4.996       4.685       4.379       4.084       3.804    
        3.543       3.303       3.086       2.892       2.721       2.573       2.446       2.339       2.250       2.178    
        2.121       2.077       2.044       2.021       2.006       1.997       1.993       1.993       1.996       2.000    
  24    2.000       1.991       1.984       1.978       1.976       1.978       1.986       2.000       2.024       2.057    
        2.101       2.159       2.232       2.322       2.430       2.558       2.707       2.880       3.075       3.294    
        3.535       3.798       4.079       4.376       4.683       4.996       4.685       4.379       4.084       3.804    
        3.543       3.303       3.086       2.892       2.721       2.573       2.446       2.339       2.250       2.178    
        2.121       2.077       2.044       2.021       2.006       1.997       1.993       1.993       1.996       2.000    
  25    2.000       1.991       1.984       1.978       1.976       1.978       1.986       2.000       2.024       2.057    
        2.101       2.159       2.232       2.322       2.430       2.558       2.707       2.880       3.075       3.294    
        3.535       3.798       4.079       4.376       4.683       4.996       4.685       4.379       4.084       3.804    
        3.543       3.303       3.086       2.892       2.721       2.573       2.446       2.339       2.250       2.178    
        2.121       2.077       2.044       2.021       2.006       1.997       1.993       1.993       1.996       2.000    
  26    2.000       1.991       1.984       1.978       1.976       1.978       1.986       2.000       2.024       2.057    
        2.101       2.159       2.232       2.322       2.430       2.558       2.707       2.880       3.075       3.294    
        3.535       3.798       4.079       4.376       4.683       4.996       4.685       4.379       4.084       3.804    
        3.543       3.303       3.086       2.892       2.721       2.573       2.446       2.339       2.250       2.178    
        2.121       2.077       2.044       2.021       2.006       1.997       1.993       1.993       1.996       2.000    
  27    2.000       1.991       1.984       1.978       1.976       1.978       1.986       2.000       2.024       2.057    
        2.101       2.159       2.232       2.322       2.430       2.558       2.707       2.880       3.075       3.294    
        3.535       3.798       4.079       4.376       4.683       4.996       4.685       4.379       4.084       3.804    
        3.543       3.303       3.086       2.892       2.721       2.573       2.446       2.339       2.250       2.178    
        2.121       2.077       2.044       2.021       2.006       1.997       1.993       1.993       1.996       2.000    
  28    2.000       1.991       1.984       1.978       1.976       1.978       1.986       2.000       2.024       2.057    
        2.101       2.159       2.232       2.322       2.430       2.558       2.707       2.880       3.075       3.294    
        3.535       3.798       4.079       4.376       4.683       4.996       4.685       4.379       4.084       3.804    
        3.543       3.303       3.086       2.892       2.721       2.573       2.446       2.339       2.250       2.178    
        2.121       2.077       2.044       2.021       2.006       1.997       1.993       1.993       1.996       2.000    
  29    2.000       1.991       1.984       1.978       1.976       1.978       1.986       2.000       2.024       2.057    
        2.101       2.159       2.232       2.322       2.430       2.558       2.707       2.880       3.075       3.294    
        3.535       3.798       4.079       4.376       4.683       4.996       4.685       4.379       4.084       3.804    
        3.543       3.303       3.086       2.892       2.721       2.573       2.446       2.339       2.250       2.178    
        2.121       2.077       2.044       2.021       2.006       1.997       1.993       1.993       1.996       2.000    
  30    2.000       1.991       1.984       1.978       1.976       1.978       1.986       2.000       2.024       2.057    
        2.101       2.159       2.232       2.322       2.430       2.558       2.707       2.880       3.075       3.294    
        3.535       3.798       4.079       4.376       4.683       4.996       4.685       4.379       4.084       3.804    
        3.543       3.303       3.086       2.892       2.721       2.573       2.446       2.339       2.250       2.178    
        2.121       2.077       2.044       2.021       2.006       1.997       1.993       1.993       1.996       2.000    
  31    2.000       1.991       1.984       1.978       1.976       1.978       1.986       2.000       2.024       2.057    
        2.101       2.159       2.232       2.322       2.430       2.558       2.707       2.880       3.075       3.294    
        3.535       3.798       4.079       4.376       4.683       4.996       4.685       4.379       4.084       3.804    
        3.543       3.303       3.086       2.892       2.721       2.573       2.446       2.339       2.250       2.178    
        2.121       2.077       2.044       2.021       2.006       1.997       1.993       1.993       1.996       2.000    
  32    2.000       1.991       1.984       1.978       1.976       1.978       1.986       2.000       2.024       2.057    
        2.101       2.159       2.232       2.322       2.430       2.558       2.707       2.880       3.075       3.294    
        3.535       3.798       4.079       4.376       4.683       4.996       4.685       4.379       4.084       3.804    
        3.543       3.303       3.086       2.892       2.721       2.573       2.446       2.339       2.250       2.178    
        2.121       2.077       2.044       2.021       2.006       1.997       1.993       1.993       1.996       2.000    
  33    2.000       1.991       1.984       1.978       1.976       1.978       1.986       2.000       2.024       2.057    
        2.101       2.159       2.232       2.322       2.430       2.558       2.707       2.880       3.075       3.294    
        3.535       3.798       4.079       4.376       4.683       4.996       4.685       4.379       4.084       3.804    
        3.543       3.303       3.086       2.892       2.721       2.573       2.446       2.339       2.250       2.178    
        2.121       2.077       2.044       2.021       2.006       1.997       1.993       1.993       1.996       2.000    
  34    2.000       1.991       1.984       1.978       1.976       1.978       1.986       2.000       2.024       2.057    
        2.101       2.159       2.232       2.322       2.430       2.558       2.707       2.880       3.075       3.294    
        3.535       3.798       4.079       4.376       4.683       4.996       4.685       4.379       4.084       3.804    
        3.543       3.303       3.086       2.892       2.721       2.573       2.446       2.339       2.250       2.178    
        2.121       2.077       2.044       2.021       2.006       1.997       1.993       1.993       1.996       2.000    
  35    2.000       1.991       1.984       1.978       1.976       1.978       1.986       2.000       2.024       2.057    
        2.101       2.159       2.232       2.322       2.430       2.558       2.707       2.880       3.075       3.294    
        3.535       3.798       4.079       4.376       4.683       4.996       4.685       4.379       4.084       3.804    
        3.543       3.303       3.086       2.892       2.721       2.573       2.446       2.339       2.250       2.178    
        2.121       2.077       2.044       2.021       2.006       1.997       1.993       1.993       1.996       2.000    
  36    2.000       1.991       1.984       1.978       1.976       1.978       1.986       2.000       2.024       2.057    
        2.101       2.159       2.232       2.322       2.430       2.558       2.707       2.880       3.075       3.294    
        3.535       3.798       4.079       4.376       4.683       4.996       4.685       4.379       4.084       3.804    
        3.543       3.303       3.086       2.892       2.721       2.573       2.446       2.339       2.250       2.178    
        2.121       2.077       2.044       2.021       2.006       1.997       1.993       1.993       1.996       2.000    
  37    2.000       1.991       1.984       1.978       1.976       1.978       1.986       2.000       2.024       2.057    
        2.101       2.159       2.232       2.322       2.430       2.558       2.707       2.880       3.075       3.294    
        3.535       3.798       4.079       4.376       4.683       4.996       4.685       4.379       4.084       3.804    
        3.543       3.303       3.086       2.892       2.721       2.573       2.446       2.339       2.250       2.178    
        2.121       2.077       2.044       2.021       2.006       1.997       1.993       1.993       1.996       2.000    
  38    2.000       1.991       1.984       1.978       1.976       1.978       1.986       2.000       2.024       2.057    
        2.101       2.159       2.232       2.322       2.430       2.558       2.707       2.880       3.075       3.294    
        3.535       3.798       4.079       4.376       4.683       4.996       4.685       4.379       4.084       3.804    
        3.543       3.303       3.086       2.892       2.721       2.573       2.446       2.339       2.250       2.178    
        2.121       2.077       2.044       2.021       2.006       1.997       1.993       1.993       1.996       2.000    
  39    2.000       1.991       1.984       1.978       1.976       1.978       1.986       2.000       2.024       2.057    
        2.101       2.159       2.232       2.322       2.430       2.558       2.707       2.880       3.075       3.294    
        3.535       3.798       4.079       4.376       4.683       4.996       4.685       4.379       4.084       3.804    
        3.543       3.303       3.086       2.892       2.721       2.573       2.446       2.339       2.250       2.178    
        2.121       2.077       2.044       2.021       2.006       1.997       1.993       1.993       1.996       2.000    
  40    2.000       1.991       1.984       1.978       1.976       1.978       1.986       2.000       2.024       2.057    
        2.101       2.159       2.232       2.322       2.430       2.558       2.707       2.880       3.075       3.294    
        3.535       3.798       4.079       4.376       4.683       4.996       4.685       4.379       4.084       3.804    
        3.543       3.303       3.086       2.892       2.721       2.573       2.446       2.339       2.250       2.178    
        2.121       2.077       2.044       2.021       2.006       1.997       1.993       1.993       1.996       2.000    
  41    2.000       1.991       1.984       1.978       1.976       1.978       1.986       2.000       2.024       2.057    
        2.101       2.159       2.232       2.322       2.430       2.558       2.707       2.880       3.075       3.294    
        3.535       3.798       4.079       4.376       4.683       4.996       4.685       4.379       4.084       3.804    
        3.543       3.303       3.086       2.892       2.721       2.573       2.446       2.339       2.250       2.178    
        2.121       2.077       2.044       2.021       2.006       1.997       1.993       1.993       1.996       2.000    
  42    2.000       1.991       1.984       1.978       1.976       1.978       1.986       2.000       2.024       2.057    
        2.101       2.159       2.232       2.322       2.430       2.558       2.707       2.880       3.075       3.294    
        3.535       3.798       4.079       4.376       4.683       4.996       4.685       4.379       4.084       3.804    
        3.543       3.303       3.086       2.892       2.721       2.573       2.446       2.339       2.250       2.178    
        2.121       2.077       2.044       2.021       2.006       1.997       1.993       1.993       1.996       2.000    
  43    2.000       1.991       1.984       1.978       1.976       1.978       1.986       2.000       2.024       2.057    
        2.101       2.159       2.232       2.322       2.430       2.558       2.707       2.880       3.075       3.294    
        3.535       3.798       4.079       4.376       4.683       4.996       4.685       4.379       4.084       3.804    
        3.543       3.303       3.086       2.892       2.721       2.573       2.446       2.339       2.250       2.178    
        2.121       2.077       2.044       2.021       2.006       1.997       1.993       1.993       1.996       2.000    
  44    2.000       1.991       1.984       1.978       1.976       1.978       1.986       2.000       2.024       2.057    
        2.101       2.159       2.232       2.322       2.430       2.558       2.707       2.880       3.075       3.294    
        3.535       3.798       4.079       4.376       4.683       4.996       4.685       4.379       4.084       3.804    
        3.543       3.303       3.086       2.892       2.721       2.573       2.446       2.339       2.250       2.178    
        2.121       2.077       2.044       2.021       2.006       1.997       1.993       1.993       1.996       2.000    
  45    2.000       1.991       1.984       1.978       1.976       1.978       1.986       2.000       2.024       2.057    
        2.101       2.159       2.232       2.322       2.430       2.558       2.707       2.880       3.075       3.294    
        3.535       3.798       4.079       4.376       4.683       4.996       4.685       4.379       4.084       3.804    
        3.543       3.303       3.086       2.892       2.721       2.573       2.446       2.339       2.250       2.178    
        2.121       2.077       2.044       2.021       2.006       1.997       1.993       1.993       1.996       2.000    
  46    2.000       1.991       1.984       1.978       1.976       1.978       1.986       2.000       2.024       2.057    
        2.101       2.159       2.232       2.322       2.430       2.558       2.707       2.880       3.075       3.294    
        3.535       3.798       4.079       4.376       4.683       4.996       4.685       4.379       4.084       3.804    
        3.543       3.303       3.086       2.892       2.721       2.573       2.446       2.339       2.250       2.178    
        2.121       2.077       2.044       2.021       2.006       1.997       1.993       1.993       1.996       2.000    
  47    2.000       1.991       1.984       1.978       1.976       1.978       1.986       2.000       2.024       2.057    
        2.101       2.159       2.232       2.322       2.430       2.558       2.707       2.880       3.075       3.294    
        3.535       3.798       4.079       4.376       4.683       4.996       4.685       4.379       4.084       3.804    
        3.543       3.303       3.086       2.892       2.721       2.573       2.446       2.339       2.250       2.178    
        2.121       2.077       2.044       2.021       2.006       1.997       1.993       1.993       1.996       2.000    
  48    2.000       1.991       1.984       1.978       1.976       1.978       1.986       2.000       2.024       2.057    
        2.101       2.159       2.232       2.322       2.430       2.558       2.707       2.880       3.075       3.294    
        3.535       3.798       4.079       4.376       4.683       4.996       4.685       4.379       4.084       3.804    
        3.543       3.303       3.086       2.892       2.721       2.573       2.446       2.339       2.250       2.178    
        2.121       2.077       2.044       2.021       2.006       1.997       1.993       1.993       1.996       2.000    
  49    2.000       1.991       1.984       1.978       1.976       1.978       1.986       2.000       2.024       2.057    
        2.101       2.159       2.232       2.322       2.430       2.558       2.707       2.880       3.075       3.294    
        3.535       3.798       4.079       4.376       4.683       4.996       4.685       4.379       4.084       3.804    
        3.543       3.303       3.086       2.892       2.721       2.573       2.446       2.339       2.250       2.178    
        2.121       2.077       2.044       2.021       2.006       1.997       1.993       1.993       1.996       2.000    
  50    2.000       1.991       1.984       1.978       1.976       1.978       1.986       2.000       2.024       2.057    
        2.101       2.159       2.232       2.322       2.430       2.558       2.707       2.880       3.075       3.294    
        3.535       3.798       4.079       4.376       4.683       4.996       4.685       4.379       4.084       3.804    
        3.543       3.303       3.086       2.892       2.721       2.573       2.446       2.339       2.250       2.178    
        2.121       2.077       2.044       2.021       2.006       1.997       1.993       1.993       1.996       2.000    

 HEAD WILL BE SAVED ON UNIT   51 AT END OF TIME STEP    4, STRESS PERIOD    2

 DRAWDOWN WILL BE SAVED ON UNIT   52 AT END OF TIME STEP    4, STRESS PERIOD    2
1
  VOLUMETRIC BUDGET FOR ENTIRE MODEL AT END OF TIME STEP    4, STRESS PERIOD   2
  ------------------------------------------------------------------------------

     CUMULATIVE VOLUMES      L**3       RATES FOR THIS TIME STEP      L**3/T
     ------------------                 ------------------------

           IN:                                      IN:
           ---                                      ---
             STORAGE =           0.0000               STORAGE =           0.0000
       CONSTANT HEAD =         447.1242         CONSTANT HEAD =          31.5491
       RIVER LEAKAGE =        5778.6094         RIVER LEAKAGE =        1561.1248

            TOTAL IN =        6225.7334              TOTAL IN =        1592.6738

          OUT:                                     OUT:
          ----                                     ----
             STORAGE =        6021.6763               STORAGE =        1592.6515
       CONSTANT HEAD =           0.0000         CONSTANT HEAD =           0.0000
       RIVER LEAKAGE =         204.0625         RIVER LEAKAGE =           0.0000

           TOTAL OUT =        6225.7388             TOTAL OUT =        1592.6515

            IN - OUT =      -5.3711E-03              IN - OUT =       2.2339E-02

 PERCENT DISCREPANCY =          -0.00     PERCENT DISCREPANCY =           0.00






         TIME SUMMARY AT END OF TIME STEP    4 IN STRESS PERIOD    2
                    SECONDS     MINUTES      HOURS       DAYS        YEARS
                    -----------------------------------------------------------
   TIME STEP LENGTH  43200.      720.00      12.000     0.50000     1.36893E-03
 STRESS PERIOD TIME 1.72800E+05  2880.0      48.000      2.0000     5.47570E-03
         TOTAL TIME 2.59200E+05  4320.0      72.000      3.0000     8.21355E-03
1
 
 SOLVING FOR HEAD 

 OUTPUT CONTROL FOR STRESS PERIOD    2   TIME STEP    5
    SAVE HEAD FOR ALL LAYERS
    SAVE DRAWDOWN FOR ALL LAYERS
    SAVE BUDGET
    PRINT HEAD FOR ALL LAYERS
    PRINT BUDGET
 UBDSV1 SAVING "         STORAGE" ON UNIT  53 AT TIME STEP  5, STRESS PERIOD   2
 UBDSV2 SAVING "   CONSTANT HEAD" ON UNIT  53 AT TIME STEP  5, STRESS PERIOD   2
 UBDSV1 SAVING "FLOW RIGHT FACE " ON UNIT  53 AT TIME STEP  5, STRESS PERIOD   2
 UBDSV1 SAVING "FLOW FRONT FACE " ON UNIT  53 AT TIME STEP  5, STRESS PERIOD   2
 UBDSV4 SAVING "   RIVER LEAKAGE" ON UNIT  53 AT TIME STEP  5, STRESS PERIOD   2
1
              HEAD IN LAYER   1 AT END OF TIME STEP   5 IN STRESS PERIOD    2
  ---------------------------------------------------------------------------

            1           2           3           4           5           6           7           8           9          10
           11          12          13          14          15          16          17          18          19          20
           21          22          23          24          25          26          27          28          29          30
           31          32          33          34          35          36          37          38          39          40
           41          42          43          44          45          46          47          48          49          50
 ........................................................................................................................
   1    2.000       2.006       2.013       2.022       2.036       2.053       2.077       2.108       2.148       2.198    
        2.259       2.333       2.420       2.523       2.641       2.777       2.930       3.101       3.290       3.495    
        3.717       3.954       4.203       4.462       4.727       4.997       4.729       4.465       4.207       3.960    
        3.725       3.504       3.300       3.112       2.942       2.790       2.656       2.538       2.436       2.348    
        2.275       2.214       2.163       2.122       2.090       2.064       2.043       2.027       2.013       2.000    
   2    2.000       2.006       2.013       2.022       2.036       2.053       2.077       2.108       2.148       2.198    
        2.259       2.333       2.420       2.523       2.641       2.777       2.930       3.101       3.290       3.495    
        3.717       3.954       4.203       4.462       4.727       4.997       4.729       4.465       4.207       3.960    
        3.725       3.504       3.300       3.112       2.942       2.790       2.656       2.538       2.436       2.348    
        2.275       2.214       2.163       2.122       2.090       2.064       2.043       2.027       2.013       2.000    
   3    2.000       2.006       2.013       2.022       2.036       2.053       2.077       2.108       2.148       2.198    
        2.259       2.333       2.420       2.523       2.641       2.777       2.930       3.101       3.290       3.495    
        3.717       3.954       4.203       4.462       4.727       4.997       4.729       4.465       4.207       3.960    
        3.725       3.504       3.300       3.112       2.942       2.790       2.656       2.538       2.436       2.348    
        2.275       2.214       2.163       2.122       2.090       2.064       2.043       2.027       2.013       2.000    
   4    2.000       2.006       2.013       2.022       2.036       2.053       2.077       2.108       2.148       2.198    
        2.259       2.333       2.420       2.523       2.641       2.777       2.930       3.101       3.290       3.495    
        3.717       3.954       4.203       4.462       4.727       4.997       4.729       4.465       4.207       3.960    
        3.725       3.504       3.300       3.112       2.942       2.790       2.656       2.538       2.436       2.348    
        2.275       2.214       2.163       2.122       2.090       2.064       2.043       2.027       2.013       2.000    
   5    2.000       2.006       2.013       2.022       2.036       2.053       2.077       2.108       2.148       2.198    
        2.259       2.333       2.420       2.523       2.641       2.777       2.930       3.101       3.290       3.495    
        3.717       3.954       4.203       4.462       4.727       4.997       4.729       4.465       4.207       3.960    
        3.725       3.504       3.300       3.112       2.942       2.790       2.656       2.538       2.436       2.348    
        2.275       2.214       2.163       2.122       2.090       2.064       2.043       2.027       2.013       2.000    
   6    2.000       2.006       2.013       2.022       2.036       2.053       2.077       2.108       2.148       2.198    
        2.259       2.333       2.420       2.523       2.641       2.777       2.930       3.101       3.290       3.495    
        3.717       3.954       4.203       4.462       4.727       4.997       4.729       4.465       4.207       3.960    
        3.725       3.504       3.300       3.112       2.942       2.790       2.656       2.538       2.436       2.348    
        2.275       2.214       2.163       2.122       2.090       2.064       2.043       2.027       2.013       2.000    
   7    2.000       2.006       2.013       2.022       2.036       2.053       2.077       2.108       2.148       2.198    
        2.259       2.333       2.420       2.523       2.641       2.777       2.930       3.101       3.290       3.495    
        3.717       3.954       4.203       4.462       4.727       4.997       4.729       4.465       4.207       3.960    
        3.725       3.504       3.300       3.112       2.942       2.790       2.656       2.538       2.436       2.348    
        2.275       2.214       2.163       2.122       2.090       2.064       2.043       2.027       2.013       2.000    
   8    2.000       2.006       2.013       2.022       2.036       2.053       2.077       2.108       2.148       2.198    
        2.259       2.333       2.420       2.523       2.641       2.777       2.930       3.101       3.290       3.495    
        3.717       3.954       4.203       4.462       4.727       4.997       4.729       4.465       4.207       3.960    
        3.725       3.504       3.300       3.112       2.942       2.790       2.656       2.538       2.436       2.348    
        2.275       2.214       2.163       2.122       2.090       2.064       2.043       2.027       2.013       2.000    
   9    2.000       2.006       2.013       2.022       2.036       2.053       2.077       2.108       2.148       2.198    
        2.259       2.333       2.420       2.523       2.641       2.777       2.930       3.101       3.290       3.495    
        3.717       3.954       4.203       4.462       4.727       4.997       4.729       4.465       4.207       3.960    
        3.725       3.504       3.300       3.112       2.942       2.790       2.656       2.538       2.436       2.348    
        2.275       2.214       2.163       2.122       2.090       2.064       2.043       2.027       2.013       2.000    
  10    2.000       2.006       2.013       2.022       2.036       2.053       2.077       2.108       2.148       2.198    
        2.259       2.333       2.420       2.523       2.641       2.777       2.930       3.101       3.290       3.495    
        3.717       3.954       4.203       4.462       4.727       4.997       4.729       4.465       4.207       3.960    
        3.725       3.504       3.300       3.112       2.942       2.790       2.656       2.538       2.436       2.348    
        2.275       2.214       2.163       2.122       2.090       2.064       2.043       2.027       2.013       2.000    
  11    2.000       2.006       2.013       2.022       2.036       2.053       2.077       2.108       2.148       2.198    
        2.259       2.333       2.420       2.523       2.641       2.777       2.930       3.101       3.290       3.495    
        3.717       3.954       4.203       4.462       4.727       4.997       4.729       4.465       4.207       3.960    
        3.725       3.504       3.300       3.112       2.942       2.790       2.656       2.538       2.436       2.348    
        2.275       2.214       2.163       2.122       2.090       2.064       2.043       2.027       2.013       2.000    
  12    2.000       2.006       2.013       2.022       2.036       2.053       2.077       2.108       2.148       2.198    
        2.259       2.333       2.420       2.523       2.641       2.777       2.930       3.101       3.290       3.495    
        3.717       3.954       4.203       4.462       4.727       4.997       4.729       4.465       4.207       3.960    
        3.725       3.504       3.300       3.112       2.942       2.790       2.656       2.538       2.436       2.348    
        2.275       2.214       2.163       2.122       2.090       2.064       2.043       2.027       2.013       2.000    
  13    2.000       2.006       2.013       2.022       2.036       2.053       2.077       2.108       2.148       2.198    
        2.259       2.333       2.420       2.523       2.641       2.777       2.930       3.101       3.290       3.495    
        3.717       3.954       4.203       4.462       4.727       4.997       4.729       4.465       4.207       3.960    
        3.725       3.504       3.300       3.112       2.942       2.790       2.656       2.538       2.436       2.348    
        2.275       2.214       2.163       2.122       2.090       2.064       2.043       2.027       2.013       2.000    
  14    2.000       2.006       2.013       2.022       2.036       2.053       2.077       2.108       2.148       2.198    
        2.259       2.333       2.420       2.523       2.641       2.777       2.930       3.101       3.290       3.495    
        3.717       3.954       4.203       4.462       4.727       4.997       4.729       4.465       4.207       3.960    
        3.725       3.504       3.300       3.112       2.942       2.790       2.656       2.538       2.436       2.348    
        2.275       2.214       2.163       2.122       2.090       2.064       2.043       2.027       2.013       2.000    
  15    2.000       2.006       2.013       2.022       2.036       2.053       2.077       2.108       2.148       2.198    
        2.259       2.333       2.420       2.523       2.641       2.777       2.930       3.101       3.290       3.495    
        3.717       3.954       4.203       4.462       4.727       4.997       4.729       4.465       4.207       3.960    
        3.725       3.504       3.300       3.112       2.942       2.790       2.656       2.538       2.436       2.348    
        2.275       2.214       2.163       2.122       2.090       2.064       2.043       2.027       2.013       2.000    
  16    2.000       2.006       2.013       2.022       2.036       2.053       2.077       2.108       2.148       2.198    
        2.259       2.333       2.420       2.523       2.641       2.777       2.930       3.101       3.290       3.495    
        3.717       3.954       4.203       4.462       4.727       4.997       4.729       4.465       4.207       3.960    
        3.725       3.504       3.300       3.112       2.942       2.790       2.656       2.538       2.436       2.348    
        2.275       2.214       2.163       2.122       2.090       2.064       2.043       2.027       2.013       2.000    
  17    2.000       2.006       2.013       2.022       2.036       2.053       2.077       2.108       2.148       2.198    
        2.259       2.333       2.420       2.523       2.641       2.777       2.930       3.101       3.290       3.495    
        3.717       3.954       4.203       4.462       4.727       4.997       4.729       4.465       4.207       3.960    
        3.725       3.504       3.300       3.112       2.942       2.790       2.656       2.538       2.436       2.348    
        2.275       2.214       2.163       2.122       2.090       2.064       2.043       2.027       2.013       2.000    
  18    2.000       2.006       2.013       2.022       2.036       2.053       2.077       2.108       2.148       2.198    
        2.259       2.333       2.420       2.523       2.641       2.777       2.930       3.101       3.290       3.495    
        3.717       3.954       4.203       4.462       4.727       4.997       4.729       4.465       4.207       3.960    
        3.725       3.504       3.300       3.112       2.942       2.790       2.656       2.538       2.436       2.348    
        2.275       2.214       2.163       2.122       2.090       2.064       2.043       2.027       2.013       2.000    
  19    2.000       2.006       2.013       2.022       2.036       2.053       2.077       2.108       2.148       2.198    
        2.259       2.333       2.420       2.523       2.641       2.777       2.930       3.101       3.290       3.495    
        3.717       3.954       4.203       4.462       4.727       4.997       4.729       4.465       4.207       3.960    
        3.725       3.504       3.300       3.112       2.942       2.790       2.656       2.538       2.436       2.348    
        2.275       2.214       2.163       2.122       2.090       2.064       2.043       2.027       2.013       2.000    
  20    2.000       2.006       2.013       2.022       2.036       2.053       2.077       2.108       2.148       2.198    
        2.259       2.333       2.420       2.523       2.641       2.777       2.930       3.101       3.290       3.495    
        3.717       3.954       4.203       4.462       4.727       4.997       4.729       4.465       4.207       3.960    
        3.725       3.504       3.300       3.112       2.942       2.790       2.656       2.538       2.436       2.348    
        2.275       2.214       2.163       2.122       2.090       2.064       2.043       2.027       2.013       2.000    
  21    2.000       2.006       2.013       2.022       2.036       2.053       2.077       2.108       2.148       2.198    
        2.259       2.333       2.420       2.523       2.641       2.777       2.930       3.101       3.290       3.495    
        3.717       3.954       4.203       4.462       4.727       4.997       4.729       4.465       4.207       3.960    
        3.725       3.504       3.300       3.112       2.942       2.790       2.656       2.538       2.436       2.348    
        2.275       2.214       2.163       2.122       2.090       2.064       2.043       2.027       2.013       2.000    
  22    2.000       2.006       2.013       2.022       2.036       2.053       2.077       2.108       2.148       2.198    
        2.259       2.333       2.420       2.523       2.641       2.777       2.930       3.101       3.290       3.495    
        3.717       3.954       4.203       4.462       4.727       4.997       4.729       4.465       4.207       3.960    
        3.725       3.504       3.300       3.112       2.942       2.790       2.656       2.538       2.436       2.348    
        2.275       2.214       2.163       2.122       2.090       2.064       2.043       2.027       2.013       2.000    
  23    2.000       2.006       2.013       2.022       2.036       2.053       2.077       2.108       2.148       2.198    
        2.259       2.333       2.420       2.523       2.641       2.777       2.930       3.101       3.290       3.495    
        3.717       3.954       4.203       4.462       4.727       4.997       4.729       4.465       4.207       3.960    
        3.725       3.504       3.300       3.112       2.942       2.790       2.656       2.538       2.436       2.348    
        2.275       2.214       2.163       2.122       2.090       2.064       2.043       2.027       2.013       2.000    
  24    2.000       2.006       2.013       2.022       2.036       2.053       2.077       2.108       2.148       2.198    
        2.259       2.333       2.420       2.523       2.641       2.777       2.930       3.101       3.290       3.495    
        3.717       3.954       4.203       4.462       4.727       4.997       4.729       4.465       4.207       3.960    
        3.725       3.504       3.300       3.112       2.942       2.790       2.656       2.538       2.436       2.348    
        2.275       2.214       2.163       2.122       2.090       2.064       2.043       2.027       2.013       2.000    
  25    2.000       2.006       2.013       2.022       2.036       2.053       2.077       2.108       2.148       2.198    
        2.259       2.333       2.420       2.523       2.641       2.777       2.930       3.101       3.290       3.495    
        3.717       3.954       4.203       4.462       4.727       4.997       4.729       4.465       4.207       3.960    
        3.725       3.504       3.300       3.112       2.942       2.790       2.656       2.538       2.436       2.348    
        2.275       2.214       2.163       2.122       2.090       2.064       2.043       2.027       2.013       2.000    
  26    2.000       2.006       2.013       2.022       2.036       2.053       2.077       2.108       2.148       2.198    
        2.259       2.333       2.420       2.523       2.641       2.777       2.930       3.101       3.290       3.495    
        3.717       3.954       4.203       4.462       4.727       4.997       4.729       4.465       4.207       3.960    
        3.725       3.504       3.300       3.112       2.942       2.790       2.656       2.538       2.436       2.348    
        2.275       2.214       2.163       2.122       2.090       2.064       2.043       2.027       2.013       2.000    
  27    2.000       2.006       2.013       2.022       2.036       2.053       2.077       2.108       2.148       2.198    
        2.259       2.333       2.420       2.523       2.641       2.777       2.930       3.101       3.290       3.495    
        3.717       3.954       4.203       4.462       4.727       4.997       4.729       4.465       4.207       3.960    
        3.725       3.504       3.300       3.112       2.942       2.790       2.656       2.538       2.436       2.348    
        2.275       2.214       2.163       2.122       2.090       2.064       2.043       2.027       2.013       2.000    
  28    2.000       2.006       2.013       2.022       2.036       2.053       2.077       2.108       2.148       2.198    
        2.259       2.333       2.420       2.523       2.641       2.777       2.930       3.101       3.290       3.495    
        3.717       3.954       4.203       4.462       4.727       4.997       4.729       4.465       4.207       3.960    
        3.725       3.504       3.300       3.112       2.942       2.790       2.656       2.538       2.436       2.348    
        2.275       2.214       2.163       2.122       2.090       2.064       2.043       2.027       2.013       2.000    
  29    2.000       2.006       2.013       2.022       2.036       2.053       2.077       2.108       2.148       2.198    
        2.259       2.333       2.420       2.523       2.641       2.777       2.930       3.101       3.290       3.495    
        3.717       3.954       4.203       4.462       4.727       4.997       4.729       4.465       4.207       3.960    
        3.725       3.504       3.300       3.112       2.942       2.790       2.656       2.538       2.436       2.348    
        2.275       2.214       2.163       2.122       2.090       2.064       2.043       2.027       2.013       2.000    
  30    2.000       2.006       2.013       2.022       2.036       2.053       2.077       2.108       2.148       2.198    
        2.259       2.333       2.420       2.523       2.641       2.777       2.930       3.101       3.290       3.495    
        3.717       3.954       4.203       4.462       4.727       4.997       4.729       4.465       4.207       3.960    
        3.725       3.504       3.300       3.112       2.942       2.790       2.656       2.538       2.436       2.348    
        2.275       2.214       2.163       2.122       2.090       2.064       2.043       2.027       2.013       2.000    
  31    2.000       2.006       2.013       2.022       2.036       2.053       2.077       2.108       2.148       2.198    
        2.259       2.333       2.420       2.523       2.641       2.777       2.930       3.101       3.290       3.495    
        3.717       3.954       4.203       4.462       4.727       4.997       4.729       4.465       4.207       3.960    
        3.725       3.504       3.300       3.112       2.942       2.790       2.656       2.538       2.436       2.348    
        2.275       2.214       2.163       2.122       2.090       2.064       2.043       2.027       2.013       2.000    
  32    2.000       2.006       2.013       2.022       2.036       2.053       2.077       2.108       2.148       2.198    
        2.259       2.333       2.420       2.523       2.641       2.777       2.930       3.101       3.290       3.495    
        3.717       3.954       4.203       4.462       4.727       4.997       4.729       4.465       4.207       3.960    
        3.725       3.504       3.300       3.112       2.942       2.790       2.656       2.538       2.436       2.348    
        2.275       2.214       2.163       2.122       2.090       2.064       2.043       2.027       2.013       2.000    
  33    2.000       2.006       2.013       2.022       2.036       2.053       2.077       2.108       2.148       2.198    
        2.259       2.333       2.420       2.523       2.641       2.777       2.930       3.101       3.290       3.495    
        3.717       3.954       4.203       4.462       4.727       4.997       4.729       4.465       4.207       3.960    
        3.725       3.504       3.300       3.112       2.942       2.790       2.656       2.538       2.436       2.348    
        2.275       2.214       2.163       2.122       2.090       2.064       2.043       2.027       2.013       2.000    
  34    2.000       2.006       2.013       2.022       2.036       2.053       2.077       2.108       2.148       2.198    
        2.259       2.333       2.420       2.523       2.641       2.777       2.930       3.101       3.290       3.495    
        3.717       3.954       4.203       4.462       4.727       4.997       4.729       4.465       4.207       3.960    
        3.725       3.504       3.300       3.112       2.942       2.790       2.656       2.538       2.436       2.348    
        2.275       2.214       2.163       2.122       2.090       2.064       2.043       2.027       2.013       2.000    
  35    2.000       2.006       2.013       2.022       2.036       2.053       2.077       2.108       2.148       2.198    
        2.259       2.333       2.420       2.523       2.641       2.777       2.930       3.101       3.290       3.495    
        3.717       3.954       4.203       4.462       4.727       4.997       4.729       4.465       4.207       3.960    
        3.725       3.504       3.300       3.112       2.942       2.790       2.656       2.538       2.436       2.348    
        2.275       2.214       2.163       2.122       2.090       2.064       2.043       2.027       2.013       2.000    
  36    2.000       2.006       2.013       2.022       2.036       2.053       2.077       2.108       2.148       2.198    
        2.259       2.333       2.420       2.523       2.641       2.777       2.930       3.101       3.290       3.495    
        3.717       3.954       4.203       4.462       4.727       4.997       4.729       4.465       4.207       3.960    
        3.725       3.504       3.300       3.112       2.942       2.790       2.656       2.538       2.436       2.348    
        2.275       2.214       2.163       2.122       2.090       2.064       2.043       2.027       2.013       2.000    
  37    2.000       2.006       2.013       2.022       2.036       2.053       2.077       2.108       2.148       2.198    
        2.259       2.333       2.420       2.523       2.641       2.777       2.930       3.101       3.290       3.495    
        3.717       3.954       4.203       4.462       4.727       4.997       4.729       4.465       4.207       3.960    
        3.725       3.504       3.300       3.112       2.942       2.790       2.656       2.538       2.436       2.348    
        2.275       2.214       2.163       2.122       2.090       2.064       2.043       2.027       2.013       2.000    
  38    2.000       2.006       2.013       2.022       2.036       2.053       2.077       2.108       2.148       2.198    
        2.259       2.333       2.420       2.523       2.641       2.777       2.930       3.101       3.290       3.495    
        3.717       3.954       4.203       4.462       4.727       4.997       4.729       4.465       4.207       3.960    
        3.725       3.504       3.300       3.112       2.942       2.790       2.656       2.538       2.436       2.348    
        2.275       2.214       2.163       2.122       2.090       2.064       2.043       2.027       2.013       2.000    
  39    2.000       2.006       2.013       2.022       2.036       2.053       2.077       2.108       2.148       2.198    
        2.259       2.333       2.420       2.523       2.641       2.777       2.930       3.101       3.290       3.495    
        3.717       3.954       4.203       4.462       4.727       4.997       4.729       4.465       4.207       3.960    
        3.725       3.504       3.300       3.112       2.942       2.790       2.656       2.538       2.436       2.348    
        2.275       2.214       2.163       2.122       2.090       2.064       2.043       2.027       2.013       2.000    
  40    2.000       2.006       2.013       2.022       2.036       2.053       2.077       2.108       2.148       2.198    
        2.259       2.333       2.420       2.523       2.641       2.777       2.930       3.101       3.290       3.495    
        3.717       3.954       4.203       4.462       4.727       4.997       4.729       4.465       4.207       3.960    
        3.725       3.504       3.300       3.112       2.942       2.790       2.656       2.538       2.436       2.348    
        2.275       2.214       2.163       2.122       2.090       2.064       2.043       2.027       2.013       2.000    
  41    2.000       2.006       2.013       2.022       2.036       2.053       2.077       2.108       2.148       2.198    
        2.259       2.333       2.420       2.523       2.641       2.777       2.930       3.101       3.290       3.495    
        3.717       3.954       4.203       4.462       4.727       4.997       4.729       4.465       4.207       3.960    
        3.725       3.504       3.300       3.112       2.942       2.790       2.656       2.538       2.436       2.348    
        2.275       2.214       2.163       2.122       2.090       2.064       2.043       2.027       2.013       2.000    
  42    2.000       2.006       2.013       2.022       2.036       2.053       2.077       2.108       2.148       2.198    
        2.259       2.333       2.420       2.523       2.641       2.777       2.930       3.101       3.290       3.495    
        3.717       3.954       4.203       4.462       4.727       4.997       4.729       4.465       4.207       3.960    
        3.725       3.504       3.300       3.112       2.942       2.790       2.656       2.538       2.436       2.348    
        2.275       2.214       2.163       2.122       2.090       2.064       2.043       2.027       2.013       2.000    
  43    2.000       2.006       2.013       2.022       2.036       2.053       2.077       2.108       2.148       2.198    
        2.259       2.333       2.420       2.523       2.641       2.777       2.930       3.101       3.290       3.495    
        3.717       3.954       4.203       4.462       4.727       4.997       4.729       4.465       4.207       3.960    
        3.725       3.504       3.300       3.112       2.942       2.790       2.656       2.538       2.436       2.348    
        2.275       2.214       2.163       2.122       2.090       2.064       2.043       2.027       2.013       2.000    
  44    2.000       2.006       2.013       2.022       2.036       2.053       2.077       2.108       2.148       2.198    
        2.259       2.333       2.420       2.523       2.641       2.777       2.930       3.101       3.290       3.495    
        3.717       3.954       4.203       4.462       4.727       4.997       4.729       4.465       4.207       3.960    
        3.725       3.504       3.300       3.112       2.942       2.790       2.656       2.538       2.436       2.348    
        2.275       2.214       2.163       2.122       2.090       2.064       2.043       2.027       2.013       2.000    
  45    2.000       2.006       2.013       2.022       2.036       2.053       2.077       2.108       2.148       2.198    
        2.259       2.333       2.420       2.523       2.641       2.777       2.930       3.101       3.290       3.495    
        3.717       3.954       4.203       4.462       4.727       4.997       4.729       4.465       4.207       3.960    
        3.725       3.504       3.300       3.112       2.942       2.790       2.656       2.538       2.436       2.348    
        2.275       2.214       2.163       2.122       2.090       2.064       2.043       2.027       2.013       2.000    
  46    2.000       2.006       2.013       2.022       2.036       2.053       2.077       2.108       2.148       2.198    
        2.259       2.333       2.420       2.523       2.641       2.777       2.930       3.101       3.290       3.495    
        3.717       3.954       4.203       4.462       4.727       4.997       4.729       4.465       4.207       3.960    
        3.725       3.504       3.300       3.112       2.942       2.790       2.656       2.538       2.436       2.348    
        2.275       2.214       2.163       2.122       2.090       2.064       2.043       2.027       2.013       2.000    
  47    2.000       2.006       2.013       2.022       2.036       2.053       2.077       2.108       2.148       2.198    
        2.259       2.333       2.420       2.523       2.641       2.777       2.930       3.101       3.290       3.495    
        3.717       3.954       4.203       4.462       4.727       4.997       4.729       4.465       4.207       3.960    
        3.725       3.504       3.300       3.112       2.942       2.790       2.656       2.538       2.436       2.348    
        2.275       2.214       2.163       2.122       2.090       2.064       2.043       2.027       2.013       2.000    
  48    2.000       2.006       2.013       2.022       2.036       2.053       2.077       2.108       2.148       2.198    
        2.259       2.333       2.420       2.523       2.641       2.777       2.930       3.101       3.290       3.495    
        3.717       3.954       4.203       4.462       4.727       4.997       4.729       4.465       4.207       3.960    
        3.725       3.504       3.300       3.112       2.942       2.790       2.656       2.538       2.436       2.348    
        2.275       2.214       2.163       2.122       2.090       2.064       2.043       2.027       2.013       2.000    
  49    2.000       2.006       2.013       2.022       2.036       2.053       2.077       2.108       2.148       2.198    
        2.259       2.333       2.420       2.523       2.641       2.777       2.930       3.101       3.290       3.495    
        3.717       3.954       4.203       4.462       4.727       4.997       4.729       4.465       4.207       3.960    
        3.725       3.504       3.300       3.112       2.942       2.790       2.656       2.538       2.436       2.348    
        2.275       2.214       2.163       2.122       2.090       2.064       2.043       2.027       2.013       2.000    
  50    2.000       2.006       2.013       2.022       2.036       2.053       2.077       2.108       2.148       2.198    
        2.259       2.333       2.420       2.523       2.641       2.777       2.930       3.101       3.290       3.495    
        3.717       3.954       4.203       4.462       4.727       4.997       4.729       4.465       4.207       3.960    
        3.725       3.504       3.300       3.112       2.942       2.790       2.656       2.538       2.436       2.348    
        2.275       2.214       2.163       2.122       2.090       2.064       2.043       2.027       2.013       2.000    

 HEAD WILL BE SAVED ON UNIT   51 AT END OF TIME STEP    5, STRESS PERIOD    2

 DRAWDOWN WILL BE SAVED ON UNIT   52 AT END OF TIME STEP    5, STRESS PERIOD    2
1
  VOLUMETRIC BUDGET FOR ENTIRE MODEL AT END OF TIME STEP    5, STRESS PERIOD   2
  ------------------------------------------------------------------------------

     CUMULATIVE VOLUMES      L**3       RATES FOR THIS TIME STEP      L**3/T
     ------------------                 ------------------------

           IN:                                      IN:
           ---                                      ---
             STORAGE =           0.0000               STORAGE =           0.0000
       CONSTANT HEAD =         447.1242         CONSTANT HEAD =           0.0000
       RIVER LEAKAGE =        6449.9497         RIVER LEAKAGE =        1342.6810

            TOTAL IN =        6897.0737              TOTAL IN =        1342.6810

          OUT:                                     OUT:
          ----                                     ----
             STORAGE =        6669.8086               STORAGE =        1296.2645
       CONSTANT HEAD =          23.2073         CONSTANT HEAD =          46.4146
       RIVER LEAKAGE =         204.0625         RIVER LEAKAGE =           0.0000

           TOTAL OUT =        6897.0786             TOTAL OUT =        1342.6792

            IN - OUT =      -4.8828E-03              IN - OUT =       1.8311E-03

 PERCENT DISCREPANCY =          -0.00     PERCENT DISCREPANCY =           0.00






         TIME SUMMARY AT END OF TIME STEP    5 IN STRESS PERIOD    2
                    SECONDS     MINUTES      HOURS       DAYS        YEARS
                    -----------------------------------------------------------
   TIME STEP LENGTH  43200.      720.00      12.000     0.50000     1.36893E-03
 STRESS PERIOD TIME 2.16000E+05  3600.0      60.000      2.5000     6.84463E-03
         TOTAL TIME 3.02400E+05  5040.0      84.000      3.5000     9.58248E-03
1
 
 SOLVING FOR HEAD 

 OUTPUT CONTROL FOR STRESS PERIOD    2   TIME STEP    6
    SAVE HEAD FOR ALL LAYERS
    SAVE DRAWDOWN FOR ALL LAYERS
    SAVE BUDGET
    PRINT HEAD FOR ALL LAYERS
    PRINT BUDGET
 UBDSV1 SAVING "         STORAGE" ON UNIT  53 AT TIME STEP  6, STRESS PERIOD   2
 UBDSV2 SAVING "   CONSTANT HEAD" ON UNIT  53 AT TIME STEP  6, STRESS PERIOD   2
 UBDSV1 SAVING "FLOW RIGHT FACE " ON UNIT  53 AT TIME STEP  6, STRESS PERIOD   2
 UBDSV1 SAVING "FLOW FRONT FACE " ON UNIT  53 AT TIME STEP  6, STRESS PERIOD   2
 UBDSV4 SAVING "   RIVER LEAKAGE" ON UNIT  53 AT TIME STEP  6, STRESS PERIOD   2
1
              HEAD IN LAYER   1 AT END OF TIME STEP   6 IN STRESS PERIOD    2
  ---------------------------------------------------------------------------

            1           2           3           4           5           6           7           8           9          10
           11          12          13          14          15          16          17          18          19          20
           21          22          23          24          25          26          27          28          29          30
           31          32          33          34          35          36          37          38          39          40
           41          42          43          44          45          46          47          48          49          50
 ........................................................................................................................
   1    2.000       2.021       2.043       2.067       2.095       2.127       2.166       2.211       2.265       2.328    
        2.401       2.486       2.583       2.693       2.817       2.955       3.107       3.273       3.453       3.645    
        3.850       4.066       4.290       4.522       4.758       4.997       4.760       4.525       4.294       4.071    
        3.857       3.653       3.461       3.282       3.117       2.966       2.828       2.705       2.595       2.498    
        2.412       2.338       2.273       2.218       2.170       2.128       2.091       2.059       2.029       2.000    
   2    2.000       2.021       2.043       2.067       2.095       2.127       2.166       2.211       2.265       2.328    
        2.401       2.486       2.583       2.693       2.817       2.955       3.107       3.273       3.453       3.645    
        3.850       4.066       4.290       4.522       4.758       4.997       4.760       4.525       4.294       4.071    
        3.857       3.653       3.461       3.282       3.117       2.966       2.828       2.705       2.595       2.498    
        2.412       2.338       2.273       2.218       2.170       2.128       2.091       2.059       2.029       2.000    
   3    2.000       2.021       2.043       2.067       2.095       2.127       2.166       2.211       2.265       2.328    
        2.401       2.486       2.583       2.693       2.817       2.955       3.107       3.273       3.453       3.645    
        3.850       4.066       4.290       4.522       4.758       4.997       4.760       4.525       4.294       4.071    
        3.857       3.653       3.461       3.282       3.117       2.966       2.828       2.705       2.595       2.498    
        2.412       2.338       2.273       2.218       2.170       2.128       2.091       2.059       2.029       2.000    
   4    2.000       2.021       2.043       2.067       2.095       2.127       2.166       2.211       2.265       2.328    
        2.401       2.486       2.583       2.693       2.817       2.955       3.107       3.273       3.453       3.645    
        3.850       4.066       4.290       4.522       4.758       4.997       4.760       4.525       4.294       4.071    
        3.857       3.653       3.461       3.282       3.117       2.966       2.828       2.705       2.595       2.498    
        2.412       2.338       2.273       2.218       2.170       2.128       2.091       2.059       2.029       2.000    
   5    2.000       2.021       2.043       2.067       2.095       2.127       2.166       2.211       2.265       2.328    
        2.401       2.486       2.583       2.693       2.817       2.955       3.107       3.273       3.453       3.645    
        3.850       4.066       4.290       4.522       4.758       4.997       4.760       4.525       4.294       4.071    
        3.857       3.653       3.461       3.282       3.117       2.966       2.828       2.705       2.595       2.498    
        2.412       2.338       2.273       2.218       2.170       2.128       2.091       2.059       2.029       2.000    
   6    2.000       2.021       2.043       2.067       2.095       2.127       2.166       2.211       2.265       2.328    
        2.401       2.486       2.583       2.693       2.817       2.955       3.107       3.273       3.453       3.645    
        3.850       4.066       4.290       4.522       4.758       4.997       4.760       4.525       4.294       4.071    
        3.857       3.653       3.461       3.282       3.117       2.966       2.828       2.705       2.595       2.498    
        2.412       2.338       2.273       2.218       2.170       2.128       2.091       2.059       2.029       2.000    
   7    2.000       2.021       2.043       2.067       2.095       2.127       2.166       2.211       2.265       2.328    
        2.401       2.486       2.583       2.693       2.817       2.955       3.107       3.273       3.453       3.645    
        3.850       4.066       4.290       4.522       4.758       4.997       4.760       4.525       4.294       4.071    
        3.857       3.653       3.461       3.282       3.117       2.966       2.828       2.705       2.595       2.498    
        2.412       2.338       2.273       2.218       2.170       2.128       2.091       2.059       2.029       2.000    
   8    2.000       2.021       2.043       2.067       2.095       2.127       2.166       2.211       2.265       2.328    
        2.401       2.486       2.583       2.693       2.817       2.955       3.107       3.273       3.453       3.645    
        3.850       4.066       4.290       4.522       4.758       4.997       4.760       4.525       4.294       4.071    
        3.857       3.653       3.461       3.282       3.117       2.966       2.828       2.705       2.595       2.498    
        2.412       2.338       2.273       2.218       2.170       2.128       2.091       2.059       2.029       2.000    
   9    2.000       2.021       2.043       2.067       2.095       2.127       2.166       2.211       2.265       2.328    
        2.401       2.486       2.583       2.693       2.817       2.955       3.107       3.273       3.453       3.645    
        3.850       4.066       4.290       4.522       4.758       4.997       4.760       4.525       4.294       4.071    
        3.857       3.653       3.461       3.282       3.117       2.966       2.828       2.705       2.595       2.498    
        2.412       2.338       2.273       2.218       2.170       2.128       2.091       2.059       2.029       2.000    
  10    2.000       2.021       2.043       2.067       2.095       2.127       2.166       2.211       2.265       2.328    
        2.401       2.486       2.583       2.693       2.817       2.955       3.107       3.273       3.453       3.645    
        3.850       4.066       4.290       4.522       4.758       4.997       4.760       4.525       4.294       4.071    
        3.857       3.653       3.461       3.282       3.117       2.966       2.828       2.705       2.595       2.498    
        2.412       2.338       2.273       2.218       2.170       2.128       2.091       2.059       2.029       2.000    
  11    2.000       2.021       2.043       2.067       2.095       2.127       2.166       2.211       2.265       2.328    
        2.401       2.486       2.583       2.693       2.817       2.955       3.107       3.273       3.453       3.645    
        3.850       4.066       4.290       4.522       4.758       4.997       4.760       4.525       4.294       4.071    
        3.857       3.653       3.461       3.282       3.117       2.966       2.828       2.705       2.595       2.498    
        2.412       2.338       2.273       2.218       2.170       2.128       2.091       2.059       2.029       2.000    
  12    2.000       2.021       2.043       2.067       2.095       2.127       2.166       2.211       2.265       2.328    
        2.401       2.486       2.583       2.693       2.817       2.955       3.107       3.273       3.453       3.645    
        3.850       4.066       4.290       4.522       4.758       4.997       4.760       4.525       4.294       4.071    
        3.857       3.653       3.461       3.282       3.117       2.966       2.828       2.705       2.595       2.498    
        2.412       2.338       2.273       2.218       2.170       2.128       2.091       2.059       2.029       2.000    
  13    2.000       2.021       2.043       2.067       2.095       2.127       2.166       2.211       2.265       2.328    
        2.401       2.486       2.583       2.693       2.817       2.955       3.107       3.273       3.453       3.645    
        3.850       4.066       4.290       4.522       4.758       4.997       4.760       4.525       4.294       4.071    
        3.857       3.653       3.461       3.282       3.117       2.966       2.828       2.705       2.595       2.498    
        2.412       2.338       2.273       2.218       2.170       2.128       2.091       2.059       2.029       2.000    
  14    2.000       2.021       2.043       2.067       2.095       2.127       2.166       2.211       2.265       2.328    
        2.401       2.486       2.583       2.693       2.817       2.955       3.107       3.273       3.453       3.645    
        3.850       4.066       4.290       4.522       4.758       4.997       4.760       4.525       4.294       4.071    
        3.857       3.653       3.461       3.282       3.117       2.966       2.828       2.705       2.595       2.498    
        2.412       2.338       2.273       2.218       2.170       2.128       2.091       2.059       2.029       2.000    
  15    2.000       2.021       2.043       2.067       2.095       2.127       2.166       2.211       2.265       2.328    
        2.401       2.486       2.583       2.693       2.817       2.955       3.107       3.273       3.453       3.645    
        3.850       4.066       4.290       4.522       4.758       4.997       4.760       4.525       4.294       4.071    
        3.857       3.653       3.461       3.282       3.117       2.966       2.828       2.705       2.595       2.498    
        2.412       2.338       2.273       2.218       2.170       2.128       2.091       2.059       2.029       2.000    
  16    2.000       2.021       2.043       2.067       2.095       2.127       2.166       2.211       2.265       2.328    
        2.401       2.486       2.583       2.693       2.817       2.955       3.107       3.273       3.453       3.645    
        3.850       4.066       4.290       4.522       4.758       4.997       4.760       4.525       4.294       4.071    
        3.857       3.653       3.461       3.282       3.117       2.966       2.828       2.705       2.595       2.498    
        2.412       2.338       2.273       2.218       2.170       2.128       2.091       2.059       2.029       2.000    
  17    2.000       2.021       2.043       2.067       2.095       2.127       2.166       2.211       2.265       2.328    
        2.401       2.486       2.583       2.693       2.817       2.955       3.107       3.273       3.453       3.645    
        3.850       4.066       4.290       4.522       4.758       4.997       4.760       4.525       4.294       4.071    
        3.857       3.653       3.461       3.282       3.117       2.966       2.828       2.705       2.595       2.498    
        2.412       2.338       2.273       2.218       2.170       2.128       2.091       2.059       2.029       2.000    
  18    2.000       2.021       2.043       2.067       2.095       2.127       2.166       2.211       2.265       2.328    
        2.401       2.486       2.583       2.693       2.817       2.955       3.107       3.273       3.453       3.645    
        3.850       4.066       4.290       4.522       4.758       4.997       4.760       4.525       4.294       4.071    
        3.857       3.653       3.461       3.282       3.117       2.966       2.828       2.705       2.595       2.498    
        2.412       2.338       2.273       2.218       2.170       2.128       2.091       2.059       2.029       2.000    
  19    2.000       2.021       2.043       2.067       2.095       2.127       2.166       2.211       2.265       2.328    
        2.401       2.486       2.583       2.693       2.817       2.955       3.107       3.273       3.453       3.645    
        3.850       4.066       4.290       4.522       4.758       4.997       4.760       4.525       4.294       4.071    
        3.857       3.653       3.461       3.282       3.117       2.966       2.828       2.705       2.595       2.498    
        2.412       2.338       2.273       2.218       2.170       2.128       2.091       2.059       2.029       2.000    
  20    2.000       2.021       2.043       2.067       2.095       2.127       2.166       2.211       2.265       2.328    
        2.401       2.486       2.583       2.693       2.817       2.955       3.107       3.273       3.453       3.645    
        3.850       4.066       4.290       4.522       4.758       4.997       4.760       4.525       4.294       4.071    
        3.857       3.653       3.461       3.282       3.117       2.966       2.828       2.705       2.595       2.498    
        2.412       2.338       2.273       2.218       2.170       2.128       2.091       2.059       2.029       2.000    
  21    2.000       2.021       2.043       2.067       2.095       2.127       2.166       2.211       2.265       2.328    
        2.401       2.486       2.583       2.693       2.817       2.955       3.107       3.273       3.453       3.645    
        3.850       4.066       4.290       4.522       4.758       4.997       4.760       4.525       4.294       4.071    
        3.857       3.653       3.461       3.282       3.117       2.966       2.828       2.705       2.595       2.498    
        2.412       2.338       2.273       2.218       2.170       2.128       2.091       2.059       2.029       2.000    
  22    2.000       2.021       2.043       2.067       2.095       2.127       2.166       2.211       2.265       2.328    
        2.401       2.486       2.583       2.693       2.817       2.955       3.107       3.273       3.453       3.645    
        3.850       4.066       4.290       4.522       4.758       4.997       4.760       4.525       4.294       4.071    
        3.857       3.653       3.461       3.282       3.117       2.966       2.828       2.705       2.595       2.498    
        2.412       2.338       2.273       2.218       2.170       2.128       2.091       2.059       2.029       2.000    
  23    2.000       2.021       2.043       2.067       2.095       2.127       2.166       2.211       2.265       2.328    
        2.401       2.486       2.583       2.693       2.817       2.955       3.107       3.273       3.453       3.645    
        3.850       4.066       4.290       4.522       4.758       4.997       4.760       4.525       4.294       4.071    
        3.857       3.653       3.461       3.282       3.117       2.966       2.828       2.705       2.595       2.498    
        2.412       2.338       2.273       2.218       2.170       2.128       2.091       2.059       2.029       2.000    
  24    2.000       2.021       2.043       2.067       2.095       2.127       2.166       2.211       2.265       2.328    
        2.401       2.486       2.583       2.693       2.817       2.955       3.107       3.273       3.453       3.645    
        3.850       4.066       4.290       4.522       4.758       4.997       4.760       4.525       4.294       4.071    
        3.857       3.653       3.461       3.282       3.117       2.966       2.828       2.705       2.595       2.498    
        2.412       2.338       2.273       2.218       2.170       2.128       2.091       2.059       2.029       2.000    
  25    2.000       2.021       2.043       2.067       2.095       2.127       2.166       2.211       2.265       2.328    
        2.401       2.486       2.583       2.693       2.817       2.955       3.107       3.273       3.453       3.645    
        3.850       4.066       4.290       4.522       4.758       4.997       4.760       4.525       4.294       4.071    
        3.857       3.653       3.461       3.282       3.117       2.966       2.828       2.705       2.595       2.498    
        2.412       2.338       2.273       2.218       2.170       2.128       2.091       2.059       2.029       2.000    
  26    2.000       2.021       2.043       2.067       2.095       2.127       2.166       2.211       2.265       2.328    
        2.401       2.486       2.583       2.693       2.817       2.955       3.107       3.273       3.453       3.645    
        3.850       4.066       4.290       4.522       4.758       4.997       4.760       4.525       4.294       4.071    
        3.857       3.653       3.461       3.282       3.117       2.966       2.828       2.705       2.595       2.498    
        2.412       2.338       2.273       2.218       2.170       2.128       2.091       2.059       2.029       2.000    
  27    2.000       2.021       2.043       2.067       2.095       2.127       2.166       2.211       2.265       2.328    
        2.401       2.486       2.583       2.693       2.817       2.955       3.107       3.273       3.453       3.645    
        3.850       4.066       4.290       4.522       4.758       4.997       4.760       4.525       4.294       4.071    
        3.857       3.653       3.461       3.282       3.117       2.966       2.828       2.705       2.595       2.498    
        2.412       2.338       2.273       2.218       2.170       2.128       2.091       2.059       2.029       2.000    
  28    2.000       2.021       2.043       2.067       2.095       2.127       2.166       2.211       2.265       2.328    
        2.401       2.486       2.583       2.693       2.817       2.955       3.107       3.273       3.453       3.645    
        3.850       4.066       4.290       4.522       4.758       4.997       4.760       4.525       4.294       4.071    
        3.857       3.653       3.461       3.282       3.117       2.966       2.828       2.705       2.595       2.498    
        2.412       2.338       2.273       2.218       2.170       2.128       2.091       2.059       2.029       2.000    
  29    2.000       2.021       2.043       2.067       2.095       2.127       2.166       2.211       2.265       2.328    
        2.401       2.486       2.583       2.693       2.817       2.955       3.107       3.273       3.453       3.645    
        3.850       4.066       4.290       4.522       4.758       4.997       4.760       4.525       4.294       4.071    
        3.857       3.653       3.461       3.282       3.117       2.966       2.828       2.705       2.595       2.498    
        2.412       2.338       2.273       2.218       2.170       2.128       2.091       2.059       2.029       2.000    
  30    2.000       2.021       2.043       2.067       2.095       2.127       2.166       2.211       2.265       2.328    
        2.401       2.486       2.583       2.693       2.817       2.955       3.107       3.273       3.453       3.645    
        3.850       4.066       4.290       4.522       4.758       4.997       4.760       4.525       4.294       4.071    
        3.857       3.653       3.461       3.282       3.117       2.966       2.828       2.705       2.595       2.498    
        2.412       2.338       2.273       2.218       2.170       2.128       2.091       2.059       2.029       2.000    
  31    2.000       2.021       2.043       2.067       2.095       2.127       2.166       2.211       2.265       2.328    
        2.401       2.486       2.583       2.693       2.817       2.955       3.107       3.273       3.453       3.645    
        3.850       4.066       4.290       4.522       4.758       4.997       4.760       4.525       4.294       4.071    
        3.857       3.653       3.461       3.282       3.117       2.966       2.828       2.705       2.595       2.498    
        2.412       2.338       2.273       2.218       2.170       2.128       2.091       2.059       2.029       2.000    
  32    2.000       2.021       2.043       2.067       2.095       2.127       2.166       2.211       2.265       2.328    
        2.401       2.486       2.583       2.693       2.817       2.955       3.107       3.273       3.453       3.645    
        3.850       4.066       4.290       4.522       4.758       4.997       4.760       4.525       4.294       4.071    
        3.857       3.653       3.461       3.282       3.117       2.966       2.828       2.705       2.595       2.498    
        2.412       2.338       2.273       2.218       2.170       2.128       2.091       2.059       2.029       2.000    
  33    2.000       2.021       2.043       2.067       2.095       2.127       2.166       2.211       2.265       2.328    
        2.401       2.486       2.583       2.693       2.817       2.955       3.107       3.273       3.453       3.645    
        3.850       4.066       4.290       4.522       4.758       4.997       4.760       4.525       4.294       4.071    
        3.857       3.653       3.461       3.282       3.117       2.966       2.828       2.705       2.595       2.498    
        2.412       2.338       2.273       2.218       2.170       2.128       2.091       2.059       2.029       2.000    
  34    2.000       2.021       2.043       2.067       2.095       2.127       2.166       2.211       2.265       2.328    
        2.401       2.486       2.583       2.693       2.817       2.955       3.107       3.273       3.453       3.645    
        3.850       4.066       4.290       4.522       4.758       4.997       4.760       4.525       4.294       4.071    
        3.857       3.653       3.461       3.282       3.117       2.966       2.828       2.705       2.595       2.498    
        2.412       2.338       2.273       2.218       2.170       2.128       2.091       2.059       2.029       2.000    
  35    2.000       2.021       2.043       2.067       2.095       2.127       2.166       2.211       2.265       2.328    
        2.401       2.486       2.583       2.693       2.817       2.955       3.107       3.273       3.453       3.645    
        3.850       4.066       4.290       4.522       4.758       4.997       4.760       4.525       4.294       4.071    
        3.857       3.653       3.461       3.282       3.117       2.966       2.828       2.705       2.595       2.498    
        2.412       2.338       2.273       2.218       2.170       2.128       2.091       2.059       2.029       2.000    
  36    2.000       2.021       2.043       2.067       2.095       2.127       2.166       2.211       2.265       2.328    
        2.401       2.486       2.583       2.693       2.817       2.955       3.107       3.273       3.453       3.645    
        3.850       4.066       4.290       4.522       4.758       4.997       4.760       4.525       4.294       4.071    
        3.857       3.653       3.461       3.282       3.117       2.966       2.828       2.705       2.595       2.498    
        2.412       2.338       2.273       2.218       2.170       2.128       2.091       2.059       2.029       2.000    
  37    2.000       2.021       2.043       2.067       2.095       2.127       2.166       2.211       2.265       2.328    
        2.401       2.486       2.583       2.693       2.817       2.955       3.107       3.273       3.453       3.645    
        3.850       4.066       4.290       4.522       4.758       4.997       4.760       4.525       4.294       4.071    
        3.857       3.653       3.461       3.282       3.117       2.966       2.828       2.705       2.595       2.498    
        2.412       2.338       2.273       2.218       2.170       2.128       2.091       2.059       2.029       2.000    
  38    2.000       2.021       2.043       2.067       2.095       2.127       2.166       2.211       2.265       2.328    
        2.401       2.486       2.583       2.693       2.817       2.955       3.107       3.273       3.453       3.645    
        3.850       4.066       4.290       4.522       4.758       4.997       4.760       4.525       4.294       4.071    
        3.857       3.653       3.461       3.282       3.117       2.966       2.828       2.705       2.595       2.498    
        2.412       2.338       2.273       2.218       2.170       2.128       2.091       2.059       2.029       2.000    
  39    2.000       2.021       2.043       2.067       2.095       2.127       2.166       2.211       2.265       2.328    
        2.401       2.486       2.583       2.693       2.817       2.955       3.107       3.273       3.453       3.645    
        3.850       4.066       4.290       4.522       4.758       4.997       4.760       4.525       4.294       4.071    
        3.857       3.653       3.461       3.282       3.117       2.966       2.828       2.705       2.595       2.498    
        2.412       2.338       2.273       2.218       2.170       2.128       2.091       2.059       2.029       2.000    
  40    2.000       2.021       2.043       2.067       2.095       2.127       2.166       2.211       2.265       2.328    
        2.401       2.486       2.583       2.693       2.817       2.955       3.107       3.273       3.453       3.645    
        3.850       4.066       4.290       4.522       4.758       4.997       4.760       4.525       4.294       4.071    
        3.857       3.653       3.461       3.282       3.117       2.966       2.828       2.705       2.595       2.498    
        2.412       2.338       2.273       2.218       2.170       2.128       2.091       2.059       2.029       2.000    
  41    2.000       2.021       2.043       2.067       2.095       2.127       2.166       2.211       2.265       2.328    
        2.401       2.486       2.583       2.693       2.817       2.955       3.107       3.273       3.453       3.645    
        3.850       4.066       4.290       4.522       4.758       4.997       4.760       4.525       4.294       4.071    
        3.857       3.653       3.461       3.282       3.117       2.966       2.828       2.705       2.595       2.498    
        2.412       2.338       2.273       2.218       2.170       2.128       2.091       2.059       2.029       2.000    
  42    2.000       2.021       2.043       2.067       2.095       2.127       2.166       2.211       2.265       2.328    
        2.401       2.486       2.583       2.693       2.817       2.955       3.107       3.273       3.453       3.645    
        3.850       4.066       4.290       4.522       4.758       4.997       4.760       4.525       4.294       4.071    
        3.857       3.653       3.461       3.282       3.117       2.966       2.828       2.705       2.595       2.498    
        2.412       2.338       2.273       2.218       2.170       2.128       2.091       2.059       2.029       2.000    
  43    2.000       2.021       2.043       2.067       2.095       2.127       2.166       2.211       2.265       2.328    
        2.401       2.486       2.583       2.693       2.817       2.955       3.107       3.273       3.453       3.645    
        3.850       4.066       4.290       4.522       4.758       4.997       4.760       4.525       4.294       4.071    
        3.857       3.653       3.461       3.282       3.117       2.966       2.828       2.705       2.595       2.498    
        2.412       2.338       2.273       2.218       2.170       2.128       2.091       2.059       2.029       2.000    
  44    2.000       2.021       2.043       2.067       2.095       2.127       2.166       2.211       2.265       2.328    
        2.401       2.486       2.583       2.693       2.817       2.955       3.107       3.273       3.453       3.645    
        3.850       4.066       4.290       4.522       4.758       4.997       4.760       4.525       4.294       4.071    
        3.857       3.653       3.461       3.282       3.117       2.966       2.828       2.705       2.595       2.498    
        2.412       2.338       2.273       2.218       2.170       2.128       2.091       2.059       2.029       2.000    
  45    2.000       2.021       2.043       2.067       2.095       2.127       2.166       2.211       2.265       2.328    
        2.401       2.486       2.583       2.693       2.817       2.955       3.107       3.273       3.453       3.645    
        3.850       4.066       4.290       4.522       4.758       4.997       4.760       4.525       4.294       4.071    
        3.857       3.653       3.461       3.282       3.117       2.966       2.828       2.705       2.595       2.498    
        2.412       2.338       2.273       2.218       2.170       2.128       2.091       2.059       2.029       2.000    
  46    2.000       2.021       2.043       2.067       2.095       2.127       2.166       2.211       2.265       2.328    
        2.401       2.486       2.583       2.693       2.817       2.955       3.107       3.273       3.453       3.645    
        3.850       4.066       4.290       4.522       4.758       4.997       4.760       4.525       4.294       4.071    
        3.857       3.653       3.461       3.282       3.117       2.966       2.828       2.705       2.595       2.498    
        2.412       2.338       2.273       2.218       2.170       2.128       2.091       2.059       2.029       2.000    
  47    2.000       2.021       2.043       2.067       2.095       2.127       2.166       2.211       2.265       2.328    
        2.401       2.486       2.583       2.693       2.817       2.955       3.107       3.273       3.453       3.645    
        3.850       4.066       4.290       4.522       4.758       4.997       4.760       4.525       4.294       4.071    
        3.857       3.653       3.461       3.282       3.117       2.966       2.828       2.705       2.595       2.498    
        2.412       2.338       2.273       2.218       2.170       2.128       2.091       2.059       2.029       2.000    
  48    2.000       2.021       2.043       2.067       2.095       2.127       2.166       2.211       2.265       2.328    
        2.401       2.486       2.583       2.693       2.817       2.955       3.107       3.273       3.453       3.645    
        3.850       4.066       4.290       4.522       4.758       4.997       4.760       4.525       4.294       4.071    
        3.857       3.653       3.461       3.282       3.117       2.966       2.828       2.705       2.595       2.498    
        2.412       2.338       2.273       2.218       2.170       2.128       2.091       2.059       2.029       2.000    
  49    2.000       2.021       2.043       2.067       2.095       2.127       2.166       2.211       2.265       2.328    
        2.401       2.486       2.583       2.693       2.817       2.955       3.107       3.273       3.453       3.645    
        3.850       4.066       4.290       4.522       4.758       4.997       4.760       4.525       4.294       4.071    
        3.857       3.653       3.461       3.282       3.117       2.966       2.828       2.705       2.595       2.498    
        2.412       2.338       2.273       2.218       2.170       2.128       2.091       2.059       2.029       2.000    
  50    2.000       2.021       2.043       2.067       2.095       2.127       2.166       2.211       2.265       2.328    
        2.401       2.486       2.583       2.693       2.817       2.955       3.107       3.273       3.453       3.645    
        3.850       4.066       4.290       4.522       4.758       4.997       4.760       4.525       4.294       4.071    
        3.857       3.653       3.461       3.282       3.117       2.966       2.828       2.705       2.595       2.498    
        2.412       2.338       2.273       2.218       2.170       2.128       2.091       2.059       2.029       2.000    

 HEAD WILL BE SAVED ON UNIT   51 AT END OF TIME STEP    6, STRESS PERIOD    2

 DRAWDOWN WILL BE SAVED ON UNIT   52 AT END OF TIME STEP    6, STRESS PERIOD    2
1
  VOLUMETRIC BUDGET FOR ENTIRE MODEL AT END OF TIME STEP    6, STRESS PERIOD   2
  ------------------------------------------------------------------------------

     CUMULATIVE VOLUMES      L**3       RATES FOR THIS TIME STEP      L**3/T
     ------------------                 ------------------------

           IN:                                      IN:
           ---                                      ---
             STORAGE =           0.0000               STORAGE =           0.0000
       CONSTANT HEAD =         447.1242         CONSTANT HEAD =           0.0000
       RIVER LEAKAGE =        7045.2573         RIVER LEAKAGE =        1190.6149

            TOTAL IN =        7492.3813              TOTAL IN =        1190.6149

          OUT:                                     OUT:
          ----                                     ----
             STORAGE =        7203.3213               STORAGE =        1067.0256
       CONSTANT HEAD =          85.0442         CONSTANT HEAD =         123.6737
       RIVER LEAKAGE =         204.0625         RIVER LEAKAGE =           0.0000

           TOTAL OUT =        7492.4277             TOTAL OUT =        1190.6993

            IN - OUT =      -4.6387E-02              IN - OUT =      -8.4473E-02

 PERCENT DISCREPANCY =          -0.00     PERCENT DISCREPANCY =          -0.01






         TIME SUMMARY AT END OF TIME STEP    6 IN STRESS PERIOD    2
                    SECONDS     MINUTES      HOURS       DAYS        YEARS
                    -----------------------------------------------------------
   TIME STEP LENGTH  43200.      720.00      12.000     0.50000     1.36893E-03
 STRESS PERIOD TIME 2.59200E+05  4320.0      72.000      3.0000     8.21355E-03
         TOTAL TIME 3.45600E+05  5760.0      96.000      4.0000     1.09514E-02
1
 
 SOLVING FOR HEAD 

 OUTPUT CONTROL FOR STRESS PERIOD    2   TIME STEP    7
    SAVE HEAD FOR ALL LAYERS
    SAVE DRAWDOWN FOR ALL LAYERS
    SAVE BUDGET
    PRINT HEAD FOR ALL LAYERS
    PRINT BUDGET
 UBDSV1 SAVING "         STORAGE" ON UNIT  53 AT TIME STEP  7, STRESS PERIOD   2
 UBDSV2 SAVING "   CONSTANT HEAD" ON UNIT  53 AT TIME STEP  7, STRESS PERIOD   2
 UBDSV1 SAVING "FLOW RIGHT FACE " ON UNIT  53 AT TIME STEP  7, STRESS PERIOD   2
 UBDSV1 SAVING "FLOW FRONT FACE " ON UNIT  53 AT TIME STEP  7, STRESS PERIOD   2
 UBDSV4 SAVING "   RIVER LEAKAGE" ON UNIT  53 AT TIME STEP  7, STRESS PERIOD   2
1
              HEAD IN LAYER   1 AT END OF TIME STEP   7 IN STRESS PERIOD    2
  ---------------------------------------------------------------------------

            1           2           3           4           5           6           7           8           9          10
           11          12          13          14          15          16          17          18          19          20
           21          22          23          24          25          26          27          28          29          30
           31          32          33          34          35          36          37          38          39          40
           41          42          43          44          45          46          47          48          49          50
 ........................................................................................................................
   1    2.000       2.035       2.070       2.108       2.150       2.195       2.247       2.304       2.369       2.443    
        2.526       2.618       2.722       2.836       2.962       3.099       3.248       3.409       3.580       3.761    
        3.952       4.151       4.356       4.567       4.781       4.997       4.782       4.569       4.359       4.155    
        3.957       3.767       3.587       3.416       3.256       3.108       2.970       2.844       2.729       2.625    
        2.531       2.447       2.371       2.303       2.242       2.186       2.136       2.088       2.044       2.000    
   2    2.000       2.035       2.070       2.108       2.150       2.195       2.247       2.304       2.369       2.443    
        2.526       2.618       2.722       2.836       2.962       3.099       3.248       3.409       3.580       3.761    
        3.952       4.151       4.356       4.567       4.781       4.997       4.782       4.569       4.359       4.155    
        3.957       3.767       3.587       3.416       3.256       3.108       2.970       2.844       2.729       2.625    
        2.531       2.447       2.371       2.303       2.242       2.186       2.136       2.088       2.044       2.000    
   3    2.000       2.035       2.070       2.108       2.150       2.195       2.247       2.304       2.369       2.443    
        2.526       2.618       2.722       2.836       2.962       3.099       3.248       3.409       3.580       3.761    
        3.952       4.151       4.356       4.567       4.781       4.997       4.782       4.569       4.359       4.155    
        3.957       3.767       3.587       3.416       3.256       3.108       2.970       2.844       2.729       2.625    
        2.531       2.447       2.371       2.303       2.242       2.186       2.136       2.088       2.044       2.000    
   4    2.000       2.035       2.070       2.108       2.150       2.195       2.247       2.304       2.369       2.443    
        2.526       2.618       2.722       2.836       2.962       3.099       3.248       3.409       3.580       3.761    
        3.952       4.151       4.356       4.567       4.781       4.997       4.782       4.569       4.359       4.155    
        3.957       3.767       3.587       3.416       3.256       3.108       2.970       2.844       2.729       2.625    
        2.531       2.447       2.371       2.303       2.242       2.186       2.136       2.088       2.044       2.000    
   5    2.000       2.035       2.070       2.108       2.150       2.195       2.247       2.304       2.369       2.443    
        2.526       2.618       2.722       2.836       2.962       3.099       3.248       3.409       3.580       3.761    
        3.952       4.151       4.356       4.567       4.781       4.997       4.782       4.569       4.359       4.155    
        3.957       3.767       3.587       3.416       3.256       3.108       2.970       2.844       2.729       2.625    
        2.531       2.447       2.371       2.303       2.242       2.186       2.136       2.088       2.044       2.000    
   6    2.000       2.035       2.070       2.108       2.150       2.195       2.247       2.304       2.369       2.443    
        2.526       2.618       2.722       2.836       2.962       3.099       3.248       3.409       3.580       3.761    
        3.952       4.151       4.356       4.567       4.781       4.997       4.782       4.569       4.359       4.155    
        3.957       3.767       3.587       3.416       3.256       3.108       2.970       2.844       2.729       2.625    
        2.531       2.447       2.371       2.303       2.242       2.186       2.136       2.088       2.044       2.000    
   7    2.000       2.035       2.070       2.108       2.150       2.195       2.247       2.304       2.369       2.443    
        2.526       2.618       2.722       2.836       2.962       3.099       3.248       3.409       3.580       3.761    
        3.952       4.151       4.356       4.567       4.781       4.997       4.782       4.569       4.359       4.155    
        3.957       3.767       3.587       3.416       3.256       3.108       2.970       2.844       2.729       2.625    
        2.531       2.447       2.371       2.303       2.242       2.186       2.136       2.088       2.044       2.000    
   8    2.000       2.035       2.070       2.108       2.150       2.195       2.247       2.304       2.369       2.443    
        2.526       2.618       2.722       2.836       2.962       3.099       3.248       3.409       3.580       3.761    
        3.952       4.151       4.356       4.567       4.781       4.997       4.782       4.569       4.359       4.155    
        3.957       3.767       3.587       3.416       3.256       3.108       2.970       2.844       2.729       2.625    
        2.531       2.447       2.371       2.303       2.242       2.186       2.136       2.088       2.044       2.000    
   9    2.000       2.035       2.070       2.108       2.150       2.195       2.247       2.304       2.369       2.443    
        2.526       2.618       2.722       2.836       2.962       3.099       3.248       3.409       3.580       3.761    
        3.952       4.151       4.356       4.567       4.781       4.997       4.782       4.569       4.359       4.155    
        3.957       3.767       3.587       3.416       3.256       3.108       2.970       2.844       2.729       2.625    
        2.531       2.447       2.371       2.303       2.242       2.186       2.136       2.088       2.044       2.000    
  10    2.000       2.035       2.070       2.108       2.150       2.195       2.247       2.304       2.369       2.443    
        2.526       2.618       2.722       2.836       2.962       3.099       3.248       3.409       3.580       3.761    
        3.952       4.151       4.356       4.567       4.781       4.997       4.782       4.569       4.359       4.155    
        3.957       3.767       3.587       3.416       3.256       3.108       2.970       2.844       2.729       2.625    
        2.531       2.447       2.371       2.303       2.242       2.186       2.136       2.088       2.044       2.000    
  11    2.000       2.035       2.070       2.108       2.150       2.195       2.247       2.304       2.369       2.443    
        2.526       2.618       2.722       2.836       2.962       3.099       3.248       3.409       3.580       3.761    
        3.952       4.151       4.356       4.567       4.781       4.997       4.782       4.569       4.359       4.155    
        3.957       3.767       3.587       3.416       3.256       3.108       2.970       2.844       2.729       2.625    
        2.531       2.447       2.371       2.303       2.242       2.186       2.136       2.088       2.044       2.000    
  12    2.000       2.035       2.070       2.108       2.150       2.195       2.247       2.304       2.369       2.443    
        2.526       2.618       2.722       2.836       2.962       3.099       3.248       3.409       3.580       3.761    
        3.952       4.151       4.356       4.567       4.781       4.997       4.782       4.569       4.359       4.155    
        3.957       3.767       3.587       3.416       3.256       3.108       2.970       2.844       2.729       2.625    
        2.531       2.447       2.371       2.303       2.242       2.186       2.136       2.088       2.044       2.000    
  13    2.000       2.035       2.070       2.108       2.150       2.195       2.247       2.304       2.369       2.443    
        2.526       2.618       2.722       2.836       2.962       3.099       3.248       3.409       3.580       3.761    
        3.952       4.151       4.356       4.567       4.781       4.997       4.782       4.569       4.359       4.155    
        3.957       3.767       3.587       3.416       3.256       3.108       2.970       2.844       2.729       2.625    
        2.531       2.447       2.371       2.303       2.242       2.186       2.136       2.088       2.044       2.000    
  14    2.000       2.035       2.070       2.108       2.150       2.195       2.247       2.304       2.369       2.443    
        2.526       2.618       2.722       2.836       2.962       3.099       3.248       3.409       3.580       3.761    
        3.952       4.151       4.356       4.567       4.781       4.997       4.782       4.569       4.359       4.155    
        3.957       3.767       3.587       3.416       3.256       3.108       2.970       2.844       2.729       2.625    
        2.531       2.447       2.371       2.303       2.242       2.186       2.136       2.088       2.044       2.000    
  15    2.000       2.035       2.070       2.108       2.150       2.195       2.247       2.304       2.369       2.443    
        2.526       2.618       2.722       2.836       2.962       3.099       3.248       3.409       3.580       3.761    
        3.952       4.151       4.356       4.567       4.781       4.997       4.782       4.569       4.359       4.155    
        3.957       3.767       3.587       3.416       3.256       3.108       2.970       2.844       2.729       2.625    
        2.531       2.447       2.371       2.303       2.242       2.186       2.136       2.088       2.044       2.000    
  16    2.000       2.035       2.070       2.108       2.150       2.195       2.247       2.304       2.369       2.443    
        2.526       2.618       2.722       2.836       2.962       3.099       3.248       3.409       3.580       3.761    
        3.952       4.151       4.356       4.567       4.781       4.997       4.782       4.569       4.359       4.155    
        3.957       3.767       3.587       3.416       3.256       3.108       2.970       2.844       2.729       2.625    
        2.531       2.447       2.371       2.303       2.242       2.186       2.136       2.088       2.044       2.000    
  17    2.000       2.035       2.070       2.108       2.150       2.195       2.247       2.304       2.369       2.443    
        2.526       2.618       2.722       2.836       2.962       3.099       3.248       3.409       3.580       3.761    
        3.952       4.151       4.356       4.567       4.781       4.997       4.782       4.569       4.359       4.155    
        3.957       3.767       3.587       3.416       3.256       3.108       2.970       2.844       2.729       2.625    
        2.531       2.447       2.371       2.303       2.242       2.186       2.136       2.088       2.044       2.000    
  18    2.000       2.035       2.070       2.108       2.150       2.195       2.247       2.304       2.369       2.443    
        2.526       2.618       2.722       2.836       2.962       3.099       3.248       3.409       3.580       3.761    
        3.952       4.151       4.356       4.567       4.781       4.997       4.782       4.569       4.359       4.155    
        3.957       3.767       3.587       3.416       3.256       3.108       2.970       2.844       2.729       2.625    
        2.531       2.447       2.371       2.303       2.242       2.186       2.136       2.088       2.044       2.000    
  19    2.000       2.035       2.070       2.108       2.150       2.195       2.247       2.304       2.369       2.443    
        2.526       2.618       2.722       2.836       2.962       3.099       3.248       3.409       3.580       3.761    
        3.952       4.151       4.356       4.567       4.781       4.997       4.782       4.569       4.359       4.155    
        3.957       3.767       3.587       3.416       3.256       3.108       2.970       2.844       2.729       2.625    
        2.531       2.447       2.371       2.303       2.242       2.186       2.136       2.088       2.044       2.000    
  20    2.000       2.035       2.070       2.108       2.150       2.195       2.247       2.304       2.369       2.443    
        2.526       2.618       2.722       2.836       2.962       3.099       3.248       3.409       3.580       3.761    
        3.952       4.151       4.356       4.567       4.781       4.997       4.782       4.569       4.359       4.155    
        3.957       3.767       3.587       3.416       3.256       3.108       2.970       2.844       2.729       2.625    
        2.531       2.447       2.371       2.303       2.242       2.186       2.136       2.088       2.044       2.000    
  21    2.000       2.035       2.070       2.108       2.150       2.195       2.247       2.304       2.369       2.443    
        2.526       2.618       2.722       2.836       2.962       3.099       3.248       3.409       3.580       3.761    
        3.952       4.151       4.356       4.567       4.781       4.997       4.782       4.569       4.359       4.155    
        3.957       3.767       3.587       3.416       3.256       3.108       2.970       2.844       2.729       2.625    
        2.531       2.447       2.371       2.303       2.242       2.186       2.136       2.088       2.044       2.000    
  22    2.000       2.035       2.070       2.108       2.150       2.195       2.247       2.304       2.369       2.443    
        2.526       2.618       2.722       2.836       2.962       3.099       3.248       3.409       3.580       3.761    
        3.952       4.151       4.356       4.567       4.781       4.997       4.782       4.569       4.359       4.155    
        3.957       3.767       3.587       3.416       3.256       3.108       2.970       2.844       2.729       2.625    
        2.531       2.447       2.371       2.303       2.242       2.186       2.136       2.088       2.044       2.000    
  23    2.000       2.035       2.070       2.108       2.150       2.195       2.247       2.304       2.369       2.443    
        2.526       2.618       2.722       2.836       2.962       3.099       3.248       3.409       3.580       3.761    
        3.952       4.151       4.356       4.567       4.781       4.997       4.782       4.569       4.359       4.155    
        3.957       3.767       3.587       3.416       3.256       3.108       2.970       2.844       2.729       2.625    
        2.531       2.447       2.371       2.303       2.242       2.186       2.136       2.088       2.044       2.000    
  24    2.000       2.035       2.070       2.108       2.150       2.195       2.247       2.304       2.369       2.443    
        2.526       2.618       2.722       2.836       2.962       3.099       3.248       3.409       3.580       3.761    
        3.952       4.151       4.356       4.567       4.781       4.997       4.782       4.569       4.359       4.155    
        3.957       3.767       3.587       3.416       3.256       3.108       2.970       2.844       2.729       2.625    
        2.531       2.447       2.371       2.303       2.242       2.186       2.136       2.088       2.044       2.000    
  25    2.000       2.035       2.070       2.108       2.150       2.195       2.247       2.304       2.369       2.443    
        2.526       2.618       2.722       2.836       2.962       3.099       3.248       3.409       3.580       3.761    
        3.952       4.151       4.356       4.567       4.781       4.997       4.782       4.569       4.359       4.155    
        3.957       3.767       3.587       3.416       3.256       3.108       2.970       2.844       2.729       2.625    
        2.531       2.447       2.371       2.303       2.242       2.186       2.136       2.088       2.044       2.000    
  26    2.000       2.035       2.070       2.108       2.150       2.195       2.247       2.304       2.369       2.443    
        2.526       2.618       2.722       2.836       2.962       3.099       3.248       3.409       3.580       3.761    
        3.952       4.151       4.356       4.567       4.781       4.997       4.782       4.569       4.359       4.155    
        3.957       3.767       3.587       3.416       3.256       3.108       2.970       2.844       2.729       2.625    
        2.531       2.447       2.371       2.303       2.242       2.186       2.136       2.088       2.044       2.000    
  27    2.000       2.035       2.070       2.108       2.150       2.195       2.247       2.304       2.369       2.443    
        2.526       2.618       2.722       2.836       2.962       3.099       3.248       3.409       3.580       3.761    
        3.952       4.151       4.356       4.567       4.781       4.997       4.782       4.569       4.359       4.155    
        3.957       3.767       3.587       3.416       3.256       3.108       2.970       2.844       2.729       2.625    
        2.531       2.447       2.371       2.303       2.242       2.186       2.136       2.088       2.044       2.000    
  28    2.000       2.035       2.070       2.108       2.150       2.195       2.247       2.304       2.369       2.443    
        2.526       2.618       2.722       2.836       2.962       3.099       3.248       3.409       3.580       3.761    
        3.952       4.151       4.356       4.567       4.781       4.997       4.782       4.569       4.359       4.155    
        3.957       3.767       3.587       3.416       3.256       3.108       2.970       2.844       2.729       2.625    
        2.531       2.447       2.371       2.303       2.242       2.186       2.136       2.088       2.044       2.000    
  29    2.000       2.035       2.070       2.108       2.150       2.195       2.247       2.304       2.369       2.443    
        2.526       2.618       2.722       2.836       2.962       3.099       3.248       3.409       3.580       3.761    
        3.952       4.151       4.356       4.567       4.781       4.997       4.782       4.569       4.359       4.155    
        3.957       3.767       3.587       3.416       3.256       3.108       2.970       2.844       2.729       2.625    
        2.531       2.447       2.371       2.303       2.242       2.186       2.136       2.088       2.044       2.000    
  30    2.000       2.035       2.070       2.108       2.150       2.195       2.247       2.304       2.369       2.443    
        2.526       2.618       2.722       2.836       2.962       3.099       3.248       3.409       3.580       3.761    
        3.952       4.151       4.356       4.567       4.781       4.997       4.782       4.569       4.359       4.155    
        3.957       3.767       3.587       3.416       3.256       3.108       2.970       2.844       2.729       2.625    
        2.531       2.447       2.371       2.303       2.242       2.186       2.136       2.088       2.044       2.000    
  31    2.000       2.035       2.070       2.108       2.150       2.195       2.247       2.304       2.369       2.443    
        2.526       2.618       2.722       2.836       2.962       3.099       3.248       3.409       3.580       3.761    
        3.952       4.151       4.356       4.567       4.781       4.997       4.782       4.569       4.359       4.155    
        3.957       3.767       3.587       3.416       3.256       3.108       2.970       2.844       2.729       2.625    
        2.531       2.447       2.371       2.303       2.242       2.186       2.136       2.088       2.044       2.000    
  32    2.000       2.035       2.070       2.108       2.150       2.195       2.247       2.304       2.369       2.443    
        2.526       2.618       2.722       2.836       2.962       3.099       3.248       3.409       3.580       3.761    
        3.952       4.151       4.356       4.567       4.781       4.997       4.782       4.569       4.359       4.155    
        3.957       3.767       3.587       3.416       3.256       3.108       2.970       2.844       2.729       2.625    
        2.531       2.447       2.371       2.303       2.242       2.186       2.136       2.088       2.044       2.000    
  33    2.000       2.035       2.070       2.108       2.150       2.195       2.247       2.304       2.369       2.443    
        2.526       2.618       2.722       2.836       2.962       3.099       3.248       3.409       3.580       3.761    
        3.952       4.151       4.356       4.567       4.781       4.997       4.782       4.569       4.359       4.155    
        3.957       3.767       3.587       3.416       3.256       3.108       2.970       2.844       2.729       2.625    
        2.531       2.447       2.371       2.303       2.242       2.186       2.136       2.088       2.044       2.000    
  34    2.000       2.035       2.070       2.108       2.150       2.195       2.247       2.304       2.369       2.443    
        2.526       2.618       2.722       2.836       2.962       3.099       3.248       3.409       3.580       3.761    
        3.952       4.151       4.356       4.567       4.781       4.997       4.782       4.569       4.359       4.155    
        3.957       3.767       3.587       3.416       3.256       3.108       2.970       2.844       2.729       2.625    
        2.531       2.447       2.371       2.303       2.242       2.186       2.136       2.088       2.044       2.000    
  35    2.000       2.035       2.070       2.108       2.150       2.195       2.247       2.304       2.369       2.443    
        2.526       2.618       2.722       2.836       2.962       3.099       3.248       3.409       3.580       3.761    
        3.952       4.151       4.356       4.567       4.781       4.997       4.782       4.569       4.359       4.155    
        3.957       3.767       3.587       3.416       3.256       3.108       2.970       2.844       2.729       2.625    
        2.531       2.447       2.371       2.303       2.242       2.186       2.136       2.088       2.044       2.000    
  36    2.000       2.035       2.070       2.108       2.150       2.195       2.247       2.304       2.369       2.443    
        2.526       2.618       2.722       2.836       2.962       3.099       3.248       3.409       3.580       3.761    
        3.952       4.151       4.356       4.567       4.781       4.997       4.782       4.569       4.359       4.155    
        3.957       3.767       3.587       3.416       3.256       3.108       2.970       2.844       2.729       2.625    
        2.531       2.447       2.371       2.303       2.242       2.186       2.136       2.088       2.044       2.000    
  37    2.000       2.035       2.070       2.108       2.150       2.195       2.247       2.304       2.369       2.443    
        2.526       2.618       2.722       2.836       2.962       3.099       3.248       3.409       3.580       3.761    
        3.952       4.151       4.356       4.567       4.781       4.997       4.782       4.569       4.359       4.155    
        3.957       3.767       3.587       3.416       3.256       3.108       2.970       2.844       2.729       2.625    
        2.531       2.447       2.371       2.303       2.242       2.186       2.136       2.088       2.044       2.000    
  38    2.000       2.035       2.070       2.108       2.150       2.195       2.247       2.304       2.369       2.443    
        2.526       2.618       2.722       2.836       2.962       3.099       3.248       3.409       3.580       3.761    
        3.952       4.151       4.356       4.567       4.781       4.997       4.782       4.569       4.359       4.155    
        3.957       3.767       3.587       3.416       3.256       3.108       2.970       2.844       2.729       2.625    
        2.531       2.447       2.371       2.303       2.242       2.186       2.136       2.088       2.044       2.000    
  39    2.000       2.035       2.070       2.108       2.150       2.195       2.247       2.304       2.369       2.443    
        2.526       2.618       2.722       2.836       2.962       3.099       3.248       3.409       3.580       3.761    
        3.952       4.151       4.356       4.567       4.781       4.997       4.782       4.569       4.359       4.155    
        3.957       3.767       3.587       3.416       3.256       3.108       2.970       2.844       2.729       2.625    
        2.531       2.447       2.371       2.303       2.242       2.186       2.136       2.088       2.044       2.000    
  40    2.000       2.035       2.070       2.108       2.150       2.195       2.247       2.304       2.369       2.443    
        2.526       2.618       2.722       2.836       2.962       3.099       3.248       3.409       3.580       3.761    
        3.952       4.151       4.356       4.567       4.781       4.997       4.782       4.569       4.359       4.155    
        3.957       3.767       3.587       3.416       3.256       3.108       2.970       2.844       2.729       2.625    
        2.531       2.447       2.371       2.303       2.242       2.186       2.136       2.088       2.044       2.000    
  41    2.000       2.035       2.070       2.108       2.150       2.195       2.247       2.304       2.369       2.443    
        2.526       2.618       2.722       2.836       2.962       3.099       3.248       3.409       3.580       3.761    
        3.952       4.151       4.356       4.567       4.781       4.997       4.782       4.569       4.359       4.155    
        3.957       3.767       3.587       3.416       3.256       3.108       2.970       2.844       2.729       2.625    
        2.531       2.447       2.371       2.303       2.242       2.186       2.136       2.088       2.044       2.000    
  42    2.000       2.035       2.070       2.108       2.150       2.195       2.247       2.304       2.369       2.443    
        2.526       2.618       2.722       2.836       2.962       3.099       3.248       3.409       3.580       3.761    
        3.952       4.151       4.356       4.567       4.781       4.997       4.782       4.569       4.359       4.155    
        3.957       3.767       3.587       3.416       3.256       3.108       2.970       2.844       2.729       2.625    
        2.531       2.447       2.371       2.303       2.242       2.186       2.136       2.088       2.044       2.000    
  43    2.000       2.035       2.070       2.108       2.150       2.195       2.247       2.304       2.369       2.443    
        2.526       2.618       2.722       2.836       2.962       3.099       3.248       3.409       3.580       3.761    
        3.952       4.151       4.356       4.567       4.781       4.997       4.782       4.569       4.359       4.155    
        3.957       3.767       3.587       3.416       3.256       3.108       2.970       2.844       2.729       2.625    
        2.531       2.447       2.371       2.303       2.242       2.186       2.136       2.088       2.044       2.000    
  44    2.000       2.035       2.070       2.108       2.150       2.195       2.247       2.304       2.369       2.443    
        2.526       2.618       2.722       2.836       2.962       3.099       3.248       3.409       3.580       3.761    
        3.952       4.151       4.356       4.567       4.781       4.997       4.782       4.569       4.359       4.155    
        3.957       3.767       3.587       3.416       3.256       3.108       2.970       2.844       2.729       2.625    
        2.531       2.447       2.371       2.303       2.242       2.186       2.136       2.088       2.044       2.000    
  45    2.000       2.035       2.070       2.108       2.150       2.195       2.247       2.304       2.369       2.443    
        2.526       2.618       2.722       2.836       2.962       3.099       3.248       3.409       3.580       3.761    
        3.952       4.151       4.356       4.567       4.781       4.997       4.782       4.569       4.359       4.155    
        3.957       3.767       3.587       3.416       3.256       3.108       2.970       2.844       2.729       2.625    
        2.531       2.447       2.371       2.303       2.242       2.186       2.136       2.088       2.044       2.000    
  46    2.000       2.035       2.070       2.108       2.150       2.195       2.247       2.304       2.369       2.443    
        2.526       2.618       2.722       2.836       2.962       3.099       3.248       3.409       3.580       3.761    
        3.952       4.151       4.356       4.567       4.781       4.997       4.782       4.569       4.359       4.155    
        3.957       3.767       3.587       3.416       3.256       3.108       2.970       2.844       2.729       2.625    
        2.531       2.447       2.371       2.303       2.242       2.186       2.136       2.088       2.044       2.000    
  47    2.000       2.035       2.070       2.108       2.150       2.195       2.247       2.304       2.369       2.443    
        2.526       2.618       2.722       2.836       2.962       3.099       3.248       3.409       3.580       3.761    
        3.952       4.151       4.356       4.567       4.781       4.997       4.782       4.569       4.359       4.155    
        3.957       3.767       3.587       3.416       3.256       3.108       2.970       2.844       2.729       2.625    
        2.531       2.447       2.371       2.303       2.242       2.186       2.136       2.088       2.044       2.000    
  48    2.000       2.035       2.070       2.108       2.150       2.195       2.247       2.304       2.369       2.443    
        2.526       2.618       2.722       2.836       2.962       3.099       3.248       3.409       3.580       3.761    
        3.952       4.151       4.356       4.567       4.781       4.997       4.782       4.569       4.359       4.155    
        3.957       3.767       3.587       3.416       3.256       3.108       2.970       2.844       2.729       2.625    
        2.531       2.447       2.371       2.303       2.242       2.186       2.136       2.088       2.044       2.000    
  49    2.000       2.035       2.070       2.108       2.150       2.195       2.247       2.304       2.369       2.443    
        2.526       2.618       2.722       2.836       2.962       3.099       3.248       3.409       3.580       3.761    
        3.952       4.151       4.356       4.567       4.781       4.997       4.782       4.569       4.359       4.155    
        3.957       3.767       3.587       3.416       3.256       3.108       2.970       2.844       2.729       2.625    
        2.531       2.447       2.371       2.303       2.242       2.186       2.136       2.088       2.044       2.000    
  50    2.000       2.035       2.070       2.108       2.150       2.195       2.247       2.304       2.369       2.443    
        2.526       2.618       2.722       2.836       2.962       3.099       3.248       3.409       3.580       3.761    
        3.952       4.151       4.356       4.567       4.781       4.997       4.782       4.569       4.359       4.155    
        3.957       3.767       3.587       3.416       3.256       3.108       2.970       2.844       2.729       2.625    
        2.531       2.447       2.371       2.303       2.242       2.186       2.136       2.088       2.044       2.000    

 HEAD WILL BE SAVED ON UNIT   51 AT END OF TIME STEP    7, STRESS PERIOD    2

 DRAWDOWN WILL BE SAVED ON UNIT   52 AT END OF TIME STEP    7, STRESS PERIOD    2
1
  VOLUMETRIC BUDGET FOR ENTIRE MODEL AT END OF TIME STEP    7, STRESS PERIOD   2
  ------------------------------------------------------------------------------

     CUMULATIVE VOLUMES      L**3       RATES FOR THIS TIME STEP      L**3/T
     ------------------                 ------------------------

           IN:                                      IN:
           ---                                      ---
             STORAGE =           0.0000               STORAGE =           0.0000
       CONSTANT HEAD =         447.1242         CONSTANT HEAD =           0.0000
       RIVER LEAKAGE =        7584.3174         RIVER LEAKAGE =        1078.1198

            TOTAL IN =        8031.4414              TOTAL IN =        1078.1198

          OUT:                                     OUT:
          ----                                     ----
             STORAGE =        7644.5479               STORAGE =         882.4532
       CONSTANT HEAD =         182.8816         CONSTANT HEAD =         195.6749
       RIVER LEAKAGE =         204.0625         RIVER LEAKAGE =           0.0000

           TOTAL OUT =        8031.4922             TOTAL OUT =        1078.1281

            IN - OUT =      -5.0781E-02              IN - OUT =      -8.3008E-03

 PERCENT DISCREPANCY =          -0.00     PERCENT DISCREPANCY =          -0.00






         TIME SUMMARY AT END OF TIME STEP    7 IN STRESS PERIOD    2
                    SECONDS     MINUTES      HOURS       DAYS        YEARS
                    -----------------------------------------------------------
   TIME STEP LENGTH  43200.      720.00      12.000     0.50000     1.36893E-03
 STRESS PERIOD TIME 3.02400E+05  5040.0      84.000      3.5000     9.58248E-03
         TOTAL TIME 3.88800E+05  6480.0      108.00      4.5000     1.23203E-02
1
 
 SOLVING FOR HEAD 

 OUTPUT CONTROL FOR STRESS PERIOD    2   TIME STEP    8
    SAVE HEAD FOR ALL LAYERS
    SAVE DRAWDOWN FOR ALL LAYERS
    SAVE BUDGET
    PRINT HEAD FOR ALL LAYERS
    PRINT BUDGET
 UBDSV1 SAVING "         STORAGE" ON UNIT  53 AT TIME STEP  8, STRESS PERIOD   2
 UBDSV2 SAVING "   CONSTANT HEAD" ON UNIT  53 AT TIME STEP  8, STRESS PERIOD   2
 UBDSV1 SAVING "FLOW RIGHT FACE " ON UNIT  53 AT TIME STEP  8, STRESS PERIOD   2
 UBDSV1 SAVING "FLOW FRONT FACE " ON UNIT  53 AT TIME STEP  8, STRESS PERIOD   2
 UBDSV4 SAVING "   RIVER LEAKAGE" ON UNIT  53 AT TIME STEP  8, STRESS PERIOD   2
1
              HEAD IN LAYER   1 AT END OF TIME STEP   8 IN STRESS PERIOD    2
  ---------------------------------------------------------------------------

            1           2           3           4           5           6           7           8           9          10
           11          12          13          14          15          16          17          18          19          20
           21          22          23          24          25          26          27          28          29          30
           31          32          33          34          35          36          37          38          39          40
           41          42          43          44          45          46          47          48          49          50
 ........................................................................................................................
   1    2.000       2.047       2.096       2.146       2.199       2.256       2.319       2.387       2.461       2.543    
        2.633       2.731       2.839       2.955       3.082       3.218       3.363       3.518       3.681       3.853    
        4.031       4.217       4.407       4.602       4.799       4.998       4.800       4.603       4.410       4.220    
        4.035       3.857       3.686       3.523       3.368       3.223       3.086       2.959       2.841       2.732    
        2.632       2.540       2.455       2.377       2.305       2.238       2.175       2.115       2.057       2.000    
   2    2.000       2.047       2.096       2.146       2.199       2.256       2.319       2.387       2.461       2.543    
        2.633       2.731       2.839       2.955       3.082       3.218       3.363       3.518       3.681       3.853    
        4.031       4.217       4.407       4.602       4.799       4.998       4.800       4.603       4.410       4.220    
        4.035       3.857       3.686       3.523       3.368       3.223       3.086       2.959       2.841       2.732    
        2.632       2.540       2.455       2.377       2.305       2.238       2.175       2.115       2.057       2.000    
   3    2.000       2.047       2.096       2.146       2.199       2.256       2.319       2.387       2.461       2.543    
        2.633       2.731       2.839       2.955       3.082       3.218       3.363       3.518       3.681       3.853    
        4.031       4.217       4.407       4.602       4.799       4.998       4.800       4.603       4.410       4.220    
        4.035       3.857       3.686       3.523       3.368       3.223       3.086       2.959       2.841       2.732    
        2.632       2.540       2.455       2.377       2.305       2.238       2.175       2.115       2.057       2.000    
   4    2.000       2.047       2.096       2.146       2.199       2.256       2.319       2.387       2.461       2.543    
        2.633       2.731       2.839       2.955       3.082       3.218       3.363       3.518       3.681       3.853    
        4.031       4.217       4.407       4.602       4.799       4.998       4.800       4.603       4.410       4.220    
        4.035       3.857       3.686       3.523       3.368       3.223       3.086       2.959       2.841       2.732    
        2.632       2.540       2.455       2.377       2.305       2.238       2.175       2.115       2.057       2.000    
   5    2.000       2.047       2.096       2.146       2.199       2.256       2.319       2.387       2.461       2.543    
        2.633       2.731       2.839       2.955       3.082       3.218       3.363       3.518       3.681       3.853    
        4.031       4.217       4.407       4.602       4.799       4.998       4.800       4.603       4.410       4.220    
        4.035       3.857       3.686       3.523       3.368       3.223       3.086       2.959       2.841       2.732    
        2.632       2.540       2.455       2.377       2.305       2.238       2.175       2.115       2.057       2.000    
   6    2.000       2.047       2.096       2.146       2.199       2.256       2.319       2.387       2.461       2.543    
        2.633       2.731       2.839       2.955       3.082       3.218       3.363       3.518       3.681       3.853    
        4.031       4.217       4.407       4.602       4.799       4.998       4.800       4.603       4.410       4.220    
        4.035       3.857       3.686       3.523       3.368       3.223       3.086       2.959       2.841       2.732    
        2.632       2.540       2.455       2.377       2.305       2.238       2.175       2.115       2.057       2.000    
   7    2.000       2.047       2.096       2.146       2.199       2.256       2.319       2.387       2.461       2.543    
        2.633       2.731       2.839       2.955       3.082       3.218       3.363       3.518       3.681       3.853    
        4.031       4.217       4.407       4.602       4.799       4.998       4.800       4.603       4.410       4.220    
        4.035       3.857       3.686       3.523       3.368       3.223       3.086       2.959       2.841       2.732    
        2.632       2.540       2.455       2.377       2.305       2.238       2.175       2.115       2.057       2.000    
   8    2.000       2.047       2.096       2.146       2.199       2.256       2.319       2.387       2.461       2.543    
        2.633       2.731       2.839       2.955       3.082       3.218       3.363       3.518       3.681       3.853    
        4.031       4.217       4.407       4.602       4.799       4.998       4.800       4.603       4.410       4.220    
        4.035       3.857       3.686       3.523       3.368       3.223       3.086       2.959       2.841       2.732    
        2.632       2.540       2.455       2.377       2.305       2.238       2.175       2.115       2.057       2.000    
   9    2.000       2.047       2.096       2.146       2.199       2.256       2.319       2.387       2.461       2.543    
        2.633       2.731       2.839       2.955       3.082       3.218       3.363       3.518       3.681       3.853    
        4.031       4.217       4.407       4.602       4.799       4.998       4.800       4.603       4.410       4.220    
        4.035       3.857       3.686       3.523       3.368       3.223       3.086       2.959       2.841       2.732    
        2.632       2.540       2.455       2.377       2.305       2.238       2.175       2.115       2.057       2.000    
  10    2.000       2.047       2.096       2.146       2.199       2.256       2.319       2.387       2.461       2.543    
        2.633       2.731       2.839       2.955       3.082       3.218       3.363       3.518       3.681       3.853    
        4.031       4.217       4.407       4.602       4.799       4.998       4.800       4.603       4.410       4.220    
        4.035       3.857       3.686       3.523       3.368       3.223       3.086       2.959       2.841       2.732    
        2.632       2.540       2.455       2.377       2.305       2.238       2.175       2.115       2.057       2.000    
  11    2.000       2.047       2.096       2.146       2.199       2.256       2.319       2.387       2.461       2.543    
        2.633       2.731       2.839       2.955       3.082       3.218       3.363       3.518       3.681       3.853    
        4.031       4.217       4.407       4.602       4.799       4.998       4.800       4.603       4.410       4.220    
        4.035       3.857       3.686       3.523       3.368       3.223       3.086       2.959       2.841       2.732    
        2.632       2.540       2.455       2.377       2.305       2.238       2.175       2.115       2.057       2.000    
  12    2.000       2.047       2.096       2.146       2.199       2.256       2.319       2.387       2.461       2.543    
        2.633       2.731       2.839       2.955       3.082       3.218       3.363       3.518       3.681       3.853    
        4.031       4.217       4.407       4.602       4.799       4.998       4.800       4.603       4.410       4.220    
        4.035       3.857       3.686       3.523       3.368       3.223       3.086       2.959       2.841       2.732    
        2.632       2.540       2.455       2.377       2.305       2.238       2.175       2.115       2.057       2.000    
  13    2.000       2.047       2.096       2.146       2.199       2.256       2.319       2.387       2.461       2.543    
        2.633       2.731       2.839       2.955       3.082       3.218       3.363       3.518       3.681       3.853    
        4.031       4.217       4.407       4.602       4.799       4.998       4.800       4.603       4.410       4.220    
        4.035       3.857       3.686       3.523       3.368       3.223       3.086       2.959       2.841       2.732    
        2.632       2.540       2.455       2.377       2.305       2.238       2.175       2.115       2.057       2.000    
  14    2.000       2.047       2.096       2.146       2.199       2.256       2.319       2.387       2.461       2.543    
        2.633       2.731       2.839       2.955       3.082       3.218       3.363       3.518       3.681       3.853    
        4.031       4.217       4.407       4.602       4.799       4.998       4.800       4.603       4.410       4.220    
        4.035       3.857       3.686       3.523       3.368       3.223       3.086       2.959       2.841       2.732    
        2.632       2.540       2.455       2.377       2.305       2.238       2.175       2.115       2.057       2.000    
  15    2.000       2.047       2.096       2.146       2.199       2.256       2.319       2.387       2.461       2.543    
        2.633       2.731       2.839       2.955       3.082       3.218       3.363       3.518       3.681       3.853    
        4.031       4.217       4.407       4.602       4.799       4.998       4.800       4.603       4.410       4.220    
        4.035       3.857       3.686       3.523       3.368       3.223       3.086       2.959       2.841       2.732    
        2.632       2.540       2.455       2.377       2.305       2.238       2.175       2.115       2.057       2.000    
  16    2.000       2.047       2.096       2.146       2.199       2.256       2.319       2.387       2.461       2.543    
        2.633       2.731       2.839       2.955       3.082       3.218       3.363       3.518       3.681       3.853    
        4.031       4.217       4.407       4.602       4.799       4.998       4.800       4.603       4.410       4.220    
        4.035       3.857       3.686       3.523       3.368       3.223       3.086       2.959       2.841       2.732    
        2.632       2.540       2.455       2.377       2.305       2.238       2.175       2.115       2.057       2.000    
  17    2.000       2.047       2.096       2.146       2.199       2.256       2.319       2.387       2.461       2.543    
        2.633       2.731       2.839       2.955       3.082       3.218       3.363       3.518       3.681       3.853    
        4.031       4.217       4.407       4.602       4.799       4.998       4.800       4.603       4.410       4.220    
        4.035       3.857       3.686       3.523       3.368       3.223       3.086       2.959       2.841       2.732    
        2.632       2.540       2.455       2.377       2.305       2.238       2.175       2.115       2.057       2.000    
  18    2.000       2.047       2.096       2.146       2.199       2.256       2.319       2.387       2.461       2.543    
        2.633       2.731       2.839       2.955       3.082       3.218       3.363       3.518       3.681       3.853    
        4.031       4.217       4.407       4.602       4.799       4.998       4.800       4.603       4.410       4.220    
        4.035       3.857       3.686       3.523       3.368       3.223       3.086       2.959       2.841       2.732    
        2.632       2.540       2.455       2.377       2.305       2.238       2.175       2.115       2.057       2.000    
  19    2.000       2.047       2.096       2.146       2.199       2.256       2.319       2.387       2.461       2.543    
        2.633       2.731       2.839       2.955       3.082       3.218       3.363       3.518       3.681       3.853    
        4.031       4.217       4.407       4.602       4.799       4.998       4.800       4.603       4.410       4.220    
        4.035       3.857       3.686       3.523       3.368       3.223       3.086       2.959       2.841       2.732    
        2.632       2.540       2.455       2.377       2.305       2.238       2.175       2.115       2.057       2.000    
  20    2.000       2.047       2.096       2.146       2.199       2.256       2.319       2.387       2.461       2.543    
        2.633       2.731       2.839       2.955       3.082       3.218       3.363       3.518       3.681       3.853    
        4.031       4.217       4.407       4.602       4.799       4.998       4.800       4.603       4.410       4.220    
        4.035       3.857       3.686       3.523       3.368       3.223       3.086       2.959       2.841       2.732    
        2.632       2.540       2.455       2.377       2.305       2.238       2.175       2.115       2.057       2.000    
  21    2.000       2.047       2.096       2.146       2.199       2.256       2.319       2.387       2.461       2.543    
        2.633       2.731       2.839       2.955       3.082       3.218       3.363       3.518       3.681       3.853    
        4.031       4.217       4.407       4.602       4.799       4.998       4.800       4.603       4.410       4.220    
        4.035       3.857       3.686       3.523       3.368       3.223       3.086       2.959       2.841       2.732    
        2.632       2.540       2.455       2.377       2.305       2.238       2.175       2.115       2.057       2.000    
  22    2.000       2.047       2.096       2.146       2.199       2.256       2.319       2.387       2.461       2.543    
        2.633       2.731       2.839       2.955       3.082       3.218       3.363       3.518       3.681       3.853    
        4.031       4.217       4.407       4.602       4.799       4.998       4.800       4.603       4.410       4.220    
        4.035       3.857       3.686       3.523       3.368       3.223       3.086       2.959       2.841       2.732    
        2.632       2.540       2.455       2.377       2.305       2.238       2.175       2.115       2.057       2.000    
  23    2.000       2.047       2.096       2.146       2.199       2.256       2.319       2.387       2.461       2.543    
        2.633       2.731       2.839       2.955       3.082       3.218       3.363       3.518       3.681       3.853    
        4.031       4.217       4.407       4.602       4.799       4.998       4.800       4.603       4.410       4.220    
        4.035       3.857       3.686       3.523       3.368       3.223       3.086       2.959       2.841       2.732    
        2.632       2.540       2.455       2.377       2.305       2.238       2.175       2.115       2.057       2.000    
  24    2.000       2.047       2.096       2.146       2.199       2.256       2.319       2.387       2.461       2.543    
        2.633       2.731       2.839       2.955       3.082       3.218       3.363       3.518       3.681       3.853    
        4.031       4.217       4.407       4.602       4.799       4.998       4.800       4.603       4.410       4.220    
        4.035       3.857       3.686       3.523       3.368       3.223       3.086       2.959       2.841       2.732    
        2.632       2.540       2.455       2.377       2.305       2.238       2.175       2.115       2.057       2.000    
  25    2.000       2.047       2.096       2.146       2.199       2.256       2.319       2.387       2.461       2.543    
        2.633       2.731       2.839       2.955       3.082       3.218       3.363       3.518       3.681       3.853    
        4.031       4.217       4.407       4.602       4.799       4.998       4.800       4.603       4.410       4.220    
        4.035       3.857       3.686       3.523       3.368       3.223       3.086       2.959       2.841       2.732    
        2.632       2.540       2.455       2.377       2.305       2.238       2.175       2.115       2.057       2.000    
  26    2.000       2.047       2.096       2.146       2.199       2.256       2.319       2.387       2.461       2.543    
        2.633       2.731       2.839       2.955       3.082       3.218       3.363       3.518       3.681       3.853    
        4.031       4.217       4.407       4.602       4.799       4.998       4.800       4.603       4.410       4.220    
        4.035       3.857       3.686       3.523       3.368       3.223       3.086       2.959       2.841       2.732    
        2.632       2.540       2.455       2.377       2.305       2.238       2.175       2.115       2.057       2.000    
  27    2.000       2.047       2.096       2.146       2.199       2.256       2.319       2.387       2.461       2.543    
        2.633       2.731       2.839       2.955       3.082       3.218       3.363       3.518       3.681       3.853    
        4.031       4.217       4.407       4.602       4.799       4.998       4.800       4.603       4.410       4.220    
        4.035       3.857       3.686       3.523       3.368       3.223       3.086       2.959       2.841       2.732    
        2.632       2.540       2.455       2.377       2.305       2.238       2.175       2.115       2.057       2.000    
  28    2.000       2.047       2.096       2.146       2.199       2.256       2.319       2.387       2.461       2.543    
        2.633       2.731       2.839       2.955       3.082       3.218       3.363       3.518       3.681       3.853    
        4.031       4.217       4.407       4.602       4.799       4.998       4.800       4.603       4.410       4.220    
        4.035       3.857       3.686       3.523       3.368       3.223       3.086       2.959       2.841       2.732    
        2.632       2.540       2.455       2.377       2.305       2.238       2.175       2.115       2.057       2.000    
  29    2.000       2.047       2.096       2.146       2.199       2.256       2.319       2.387       2.461       2.543    
        2.633       2.731       2.839       2.955       3.082       3.218       3.363       3.518       3.681       3.853    
        4.031       4.217       4.407       4.602       4.799       4.998       4.800       4.603       4.410       4.220    
        4.035       3.857       3.686       3.523       3.368       3.223       3.086       2.959       2.841       2.732    
        2.632       2.540       2.455       2.377       2.305       2.238       2.175       2.115       2.057       2.000    
  30    2.000       2.047       2.096       2.146       2.199       2.256       2.319       2.387       2.461       2.543    
        2.633       2.731       2.839       2.955       3.082       3.218       3.363       3.518       3.681       3.853    
        4.031       4.217       4.407       4.602       4.799       4.998       4.800       4.603       4.410       4.220    
        4.035       3.857       3.686       3.523       3.368       3.223       3.086       2.959       2.841       2.732    
        2.632       2.540       2.455       2.377       2.305       2.238       2.175       2.115       2.057       2.000    
  31    2.000       2.047       2.096       2.146       2.199       2.256       2.319       2.387       2.461       2.543    
        2.633       2.731       2.839       2.955       3.082       3.218       3.363       3.518       3.681       3.853    
        4.031       4.217       4.407       4.602       4.799       4.998       4.800       4.603       4.410       4.220    
        4.035       3.857       3.686       3.523       3.368       3.223       3.086       2.959       2.841       2.732    
        2.632       2.540       2.455       2.377       2.305       2.238       2.175       2.115       2.057       2.000    
  32    2.000       2.047       2.096       2.146       2.199       2.256       2.319       2.387       2.461       2.543    
        2.633       2.731       2.839       2.955       3.082       3.218       3.363       3.518       3.681       3.853    
        4.031       4.217       4.407       4.602       4.799       4.998       4.800       4.603       4.410       4.220    
        4.035       3.857       3.686       3.523       3.368       3.223       3.086       2.959       2.841       2.732    
        2.632       2.540       2.455       2.377       2.305       2.238       2.175       2.115       2.057       2.000    
  33    2.000       2.047       2.096       2.146       2.199       2.256       2.319       2.387       2.461       2.543    
        2.633       2.731       2.839       2.955       3.082       3.218       3.363       3.518       3.681       3.853    
        4.031       4.217       4.407       4.602       4.799       4.998       4.800       4.603       4.410       4.220    
        4.035       3.857       3.686       3.523       3.368       3.223       3.086       2.959       2.841       2.732    
        2.632       2.540       2.455       2.377       2.305       2.238       2.175       2.115       2.057       2.000    
  34    2.000       2.047       2.096       2.146       2.199       2.256       2.319       2.387       2.461       2.543    
        2.633       2.731       2.839       2.955       3.082       3.218       3.363       3.518       3.681       3.853    
        4.031       4.217       4.407       4.602       4.799       4.998       4.800       4.603       4.410       4.220    
        4.035       3.857       3.686       3.523       3.368       3.223       3.086       2.959       2.841       2.732    
        2.632       2.540       2.455       2.377       2.305       2.238       2.175       2.115       2.057       2.000    
  35    2.000       2.047       2.096       2.146       2.199       2.256       2.319       2.387       2.461       2.543    
        2.633       2.731       2.839       2.955       3.082       3.218       3.363       3.518       3.681       3.853    
        4.031       4.217       4.407       4.602       4.799       4.998       4.800       4.603       4.410       4.220    
        4.035       3.857       3.686       3.523       3.368       3.223       3.086       2.959       2.841       2.732    
        2.632       2.540       2.455       2.377       2.305       2.238       2.175       2.115       2.057       2.000    
  36    2.000       2.047       2.096       2.146       2.199       2.256       2.319       2.387       2.461       2.543    
        2.633       2.731       2.839       2.955       3.082       3.218       3.363       3.518       3.681       3.853    
        4.031       4.217       4.407       4.602       4.799       4.998       4.800       4.603       4.410       4.220    
        4.035       3.857       3.686       3.523       3.368       3.223       3.086       2.959       2.841       2.732    
        2.632       2.540       2.455       2.377       2.305       2.238       2.175       2.115       2.057       2.000    
  37    2.000       2.047       2.096       2.146       2.199       2.256       2.319       2.387       2.461       2.543    
        2.633       2.731       2.839       2.955       3.082       3.218       3.363       3.518       3.681       3.853    
        4.031       4.217       4.407       4.602       4.799       4.998       4.800       4.603       4.410       4.220    
        4.035       3.857       3.686       3.523       3.368       3.223       3.086       2.959       2.841       2.732    
        2.632       2.540       2.455       2.377       2.305       2.238       2.175       2.115       2.057       2.000    
  38    2.000       2.047       2.096       2.146       2.199       2.256       2.319       2.387       2.461       2.543    
        2.633       2.731       2.839       2.955       3.082       3.218       3.363       3.518       3.681       3.853    
        4.031       4.217       4.407       4.602       4.799       4.998       4.800       4.603       4.410       4.220    
        4.035       3.857       3.686       3.523       3.368       3.223       3.086       2.959       2.841       2.732    
        2.632       2.540       2.455       2.377       2.305       2.238       2.175       2.115       2.057       2.000    
  39    2.000       2.047       2.096       2.146       2.199       2.256       2.319       2.387       2.461       2.543    
        2.633       2.731       2.839       2.955       3.082       3.218       3.363       3.518       3.681       3.853    
        4.031       4.217       4.407       4.602       4.799       4.998       4.800       4.603       4.410       4.220    
        4.035       3.857       3.686       3.523       3.368       3.223       3.086       2.959       2.841       2.732    
        2.632       2.540       2.455       2.377       2.305       2.238       2.175       2.115       2.057       2.000    
  40    2.000       2.047       2.096       2.146       2.199       2.256       2.319       2.387       2.461       2.543    
        2.633       2.731       2.839       2.955       3.082       3.218       3.363       3.518       3.681       3.853    
        4.031       4.217       4.407       4.602       4.799       4.998       4.800       4.603       4.410       4.220    
        4.035       3.857       3.686       3.523       3.368       3.223       3.086       2.959       2.841       2.732    
        2.632       2.540       2.455       2.377       2.305       2.238       2.175       2.115       2.057       2.000    
  41    2.000       2.047       2.096       2.146       2.199       2.256       2.319       2.387       2.461       2.543    
        2.633       2.731       2.839       2.955       3.082       3.218       3.363       3.518       3.681       3.853    
        4.031       4.217       4.407       4.602       4.799       4.998       4.800       4.603       4.410       4.220    
        4.035       3.857       3.686       3.523       3.368       3.223       3.086       2.959       2.841       2.732    
        2.632       2.540       2.455       2.377       2.305       2.238       2.175       2.115       2.057       2.000    
  42    2.000       2.047       2.096       2.146       2.199       2.256       2.319       2.387       2.461       2.543    
        2.633       2.731       2.839       2.955       3.082       3.218       3.363       3.518       3.681       3.853    
        4.031       4.217       4.407       4.602       4.799       4.998       4.800       4.603       4.410       4.220    
        4.035       3.857       3.686       3.523       3.368       3.223       3.086       2.959       2.841       2.732    
        2.632       2.540       2.455       2.377       2.305       2.238       2.175       2.115       2.057       2.000    
  43    2.000       2.047       2.096       2.146       2.199       2.256       2.319       2.387       2.461       2.543    
        2.633       2.731       2.839       2.955       3.082       3.218       3.363       3.518       3.681       3.853    
        4.031       4.217       4.407       4.602       4.799       4.998       4.800       4.603       4.410       4.220    
        4.035       3.857       3.686       3.523       3.368       3.223       3.086       2.959       2.841       2.732    
        2.632       2.540       2.455       2.377       2.305       2.238       2.175       2.115       2.057       2.000    
  44    2.000       2.047       2.096       2.146       2.199       2.256       2.319       2.387       2.461       2.543    
        2.633       2.731       2.839       2.955       3.082       3.218       3.363       3.518       3.681       3.853    
        4.031       4.217       4.407       4.602       4.799       4.998       4.800       4.603       4.410       4.220    
        4.035       3.857       3.686       3.523       3.368       3.223       3.086       2.959       2.841       2.732    
        2.632       2.540       2.455       2.377       2.305       2.238       2.175       2.115       2.057       2.000    
  45    2.000       2.047       2.096       2.146       2.199       2.256       2.319       2.387       2.461       2.543    
        2.633       2.731       2.839       2.955       3.082       3.218       3.363       3.518       3.681       3.853    
        4.031       4.217       4.407       4.602       4.799       4.998       4.800       4.603       4.410       4.220    
        4.035       3.857       3.686       3.523       3.368       3.223       3.086       2.959       2.841       2.732    
        2.632       2.540       2.455       2.377       2.305       2.238       2.175       2.115       2.057       2.000    
  46    2.000       2.047       2.096       2.146       2.199       2.256       2.319       2.387       2.461       2.543    
        2.633       2.731       2.839       2.955       3.082       3.218       3.363       3.518       3.681       3.853    
        4.031       4.217       4.407       4.602       4.799       4.998       4.800       4.603       4.410       4.220    
        4.035       3.857       3.686       3.523       3.368       3.223       3.086       2.959       2.841       2.732    
        2.632       2.540       2.455       2.377       2.305       2.238       2.175       2.115       2.057       2.000    
  47    2.000       2.047       2.096       2.146       2.199       2.256       2.319       2.387       2.461       2.543    
        2.633       2.731       2.839       2.955       3.082       3.218       3.363       3.518       3.681       3.853    
        4.031       4.217       4.407       4.602       4.799       4.998       4.800       4.603       4.410       4.220    
        4.035       3.857       3.686       3.523       3.368       3.223       3.086       2.959       2.841       2.732    
        2.632       2.540       2.455       2.377       2.305       2.238       2.175       2.115       2.057       2.000    
  48    2.000       2.047       2.096       2.146       2.199       2.256       2.319       2.387       2.461       2.543    
        2.633       2.731       2.839       2.955       3.082       3.218       3.363       3.518       3.681       3.853    
        4.031       4.217       4.407       4.602       4.799       4.998       4.800       4.603       4.410       4.220    
        4.035       3.857       3.686       3.523       3.368       3.223       3.086       2.959       2.841       2.732    
        2.632       2.540       2.455       2.377       2.305       2.238       2.175       2.115       2.057       2.000    
  49    2.000       2.047       2.096       2.146       2.199       2.256       2.319       2.387       2.461       2.543    
        2.633       2.731       2.839       2.955       3.082       3.218       3.363       3.518       3.681       3.853    
        4.031       4.217       4.407       4.602       4.799       4.998       4.800       4.603       4.410       4.220    
        4.035       3.857       3.686       3.523       3.368       3.223       3.086       2.959       2.841       2.732    
        2.632       2.540       2.455       2.377       2.305       2.238       2.175       2.115       2.057       2.000    
  50    2.000       2.047       2.096       2.146       2.199       2.256       2.319       2.387       2.461       2.543    
        2.633       2.731       2.839       2.955       3.082       3.218       3.363       3.518       3.681       3.853    
        4.031       4.217       4.407       4.602       4.799       4.998       4.800       4.603       4.410       4.220    
        4.035       3.857       3.686       3.523       3.368       3.223       3.086       2.959       2.841       2.732    
        2.632       2.540       2.455       2.377       2.305       2.238       2.175       2.115       2.057       2.000    

 HEAD WILL BE SAVED ON UNIT   51 AT END OF TIME STEP    8, STRESS PERIOD    2

 DRAWDOWN WILL BE SAVED ON UNIT   52 AT END OF TIME STEP    8, STRESS PERIOD    2
1
  VOLUMETRIC BUDGET FOR ENTIRE MODEL AT END OF TIME STEP    8, STRESS PERIOD   2
  ------------------------------------------------------------------------------

     CUMULATIVE VOLUMES      L**3       RATES FOR THIS TIME STEP      L**3/T
     ------------------                 ------------------------

           IN:                                      IN:
           ---                                      ---
             STORAGE =           0.0000               STORAGE =           0.0000
       CONSTANT HEAD =         447.1242         CONSTANT HEAD =           0.0000
       RIVER LEAKAGE =        8080.0547         RIVER LEAKAGE =         991.4750

            TOTAL IN =        8527.1787              TOTAL IN =         991.4750

          OUT:                                     OUT:
          ----                                     ----
             STORAGE =        8010.1821               STORAGE =         731.2684
       CONSTANT HEAD =         312.9609         CONSTANT HEAD =         260.1587
       RIVER LEAKAGE =         204.0625         RIVER LEAKAGE =           0.0000

           TOTAL OUT =        8527.2051             TOTAL OUT =         991.4271

            IN - OUT =      -2.6367E-02              IN - OUT =       4.7913E-02

 PERCENT DISCREPANCY =          -0.00     PERCENT DISCREPANCY =           0.00






         TIME SUMMARY AT END OF TIME STEP    8 IN STRESS PERIOD    2
                    SECONDS     MINUTES      HOURS       DAYS        YEARS
                    -----------------------------------------------------------
   TIME STEP LENGTH  43200.      720.00      12.000     0.50000     1.36893E-03
 STRESS PERIOD TIME 3.45600E+05  5760.0      96.000      4.0000     1.09514E-02
         TOTAL TIME 4.32000E+05  7200.0      120.00      5.0000     1.36893E-02
1
 
 SOLVING FOR HEAD 

 OUTPUT CONTROL FOR STRESS PERIOD    2   TIME STEP    9
    SAVE HEAD FOR ALL LAYERS
    SAVE DRAWDOWN FOR ALL LAYERS
    SAVE BUDGET
    PRINT HEAD FOR ALL LAYERS
    PRINT BUDGET
 UBDSV1 SAVING "         STORAGE" ON UNIT  53 AT TIME STEP  9, STRESS PERIOD   2
 UBDSV2 SAVING "   CONSTANT HEAD" ON UNIT  53 AT TIME STEP  9, STRESS PERIOD   2
 UBDSV1 SAVING "FLOW RIGHT FACE " ON UNIT  53 AT TIME STEP  9, STRESS PERIOD   2
 UBDSV1 SAVING "FLOW FRONT FACE " ON UNIT  53 AT TIME STEP  9, STRESS PERIOD   2
 UBDSV4 SAVING "   RIVER LEAKAGE" ON UNIT  53 AT TIME STEP  9, STRESS PERIOD   2
1
              HEAD IN LAYER   1 AT END OF TIME STEP   9 IN STRESS PERIOD    2
  ---------------------------------------------------------------------------

            1           2           3           4           5           6           7           8           9          10
           11          12          13          14          15          16          17          18          19          20
           21          22          23          24          25          26          27          28          29          30
           31          32          33          34          35          36          37          38          39          40
           41          42          43          44          45          46          47          48          49          50
 ........................................................................................................................
   1    2.000       2.058       2.118       2.179       2.243       2.310       2.381       2.458       2.540       2.629    
        2.724       2.827       2.937       3.055       3.181       3.315       3.457       3.607       3.763       3.926    
        4.095       4.269       4.448       4.629       4.813       4.998       4.813       4.630       4.449       4.271    
        4.097       3.929       3.766       3.609       3.459       3.317       3.182       3.054       2.934       2.822    
        2.717       2.618       2.526       2.440       2.359       2.282       2.208       2.137       2.068       2.000    
   2    2.000       2.058       2.118       2.179       2.243       2.310       2.381       2.458       2.540       2.629    
        2.724       2.827       2.937       3.055       3.181       3.315       3.457       3.607       3.763       3.926    
        4.095       4.269       4.448       4.629       4.813       4.998       4.813       4.630       4.449       4.271    
        4.097       3.929       3.766       3.609       3.459       3.317       3.182       3.054       2.934       2.822    
        2.717       2.618       2.526       2.440       2.359       2.282       2.208       2.137       2.068       2.000    
   3    2.000       2.058       2.118       2.179       2.243       2.310       2.381       2.458       2.540       2.629    
        2.724       2.827       2.937       3.055       3.181       3.315       3.457       3.607       3.763       3.926    
        4.095       4.269       4.448       4.629       4.813       4.998       4.813       4.630       4.449       4.271    
        4.097       3.929       3.766       3.609       3.459       3.317       3.182       3.054       2.934       2.822    
        2.717       2.618       2.526       2.440       2.359       2.282       2.208       2.137       2.068       2.000    
   4    2.000       2.058       2.118       2.179       2.243       2.310       2.381       2.458       2.540       2.629    
        2.724       2.827       2.937       3.055       3.181       3.315       3.457       3.607       3.763       3.926    
        4.095       4.269       4.448       4.629       4.813       4.998       4.813       4.630       4.449       4.271    
        4.097       3.929       3.766       3.609       3.459       3.317       3.182       3.054       2.934       2.822    
        2.717       2.618       2.526       2.440       2.359       2.282       2.208       2.137       2.068       2.000    
   5    2.000       2.058       2.118       2.179       2.243       2.310       2.381       2.458       2.540       2.629    
        2.724       2.827       2.937       3.055       3.181       3.315       3.457       3.607       3.763       3.926    
        4.095       4.269       4.448       4.629       4.813       4.998       4.813       4.630       4.449       4.271    
        4.097       3.929       3.766       3.609       3.459       3.317       3.182       3.054       2.934       2.822    
        2.717       2.618       2.526       2.440       2.359       2.282       2.208       2.137       2.068       2.000    
   6    2.000       2.058       2.118       2.179       2.243       2.310       2.381       2.458       2.540       2.629    
        2.724       2.827       2.937       3.055       3.181       3.315       3.457       3.607       3.763       3.926    
        4.095       4.269       4.448       4.629       4.813       4.998       4.813       4.630       4.449       4.271    
        4.097       3.929       3.766       3.609       3.459       3.317       3.182       3.054       2.934       2.822    
        2.717       2.618       2.526       2.440       2.359       2.282       2.208       2.137       2.068       2.000    
   7    2.000       2.058       2.118       2.179       2.243       2.310       2.381       2.458       2.540       2.629    
        2.724       2.827       2.937       3.055       3.181       3.315       3.457       3.607       3.763       3.926    
        4.095       4.269       4.448       4.629       4.813       4.998       4.813       4.630       4.449       4.271    
        4.097       3.929       3.766       3.609       3.459       3.317       3.182       3.054       2.934       2.822    
        2.717       2.618       2.526       2.440       2.359       2.282       2.208       2.137       2.068       2.000    
   8    2.000       2.058       2.118       2.179       2.243       2.310       2.381       2.458       2.540       2.629    
        2.724       2.827       2.937       3.055       3.181       3.315       3.457       3.607       3.763       3.926    
        4.095       4.269       4.448       4.629       4.813       4.998       4.813       4.630       4.449       4.271    
        4.097       3.929       3.766       3.609       3.459       3.317       3.182       3.054       2.934       2.822    
        2.717       2.618       2.526       2.440       2.359       2.282       2.208       2.137       2.068       2.000    
   9    2.000       2.058       2.118       2.179       2.243       2.310       2.381       2.458       2.540       2.629    
        2.724       2.827       2.937       3.055       3.181       3.315       3.457       3.607       3.763       3.926    
        4.095       4.269       4.448       4.629       4.813       4.998       4.813       4.630       4.449       4.271    
        4.097       3.929       3.766       3.609       3.459       3.317       3.182       3.054       2.934       2.822    
        2.717       2.618       2.526       2.440       2.359       2.282       2.208       2.137       2.068       2.000    
  10    2.000       2.058       2.118       2.179       2.243       2.310       2.381       2.458       2.540       2.629    
        2.724       2.827       2.937       3.055       3.181       3.315       3.457       3.607       3.763       3.926    
        4.095       4.269       4.448       4.629       4.813       4.998       4.813       4.630       4.449       4.271    
        4.097       3.929       3.766       3.609       3.459       3.317       3.182       3.054       2.934       2.822    
        2.717       2.618       2.526       2.440       2.359       2.282       2.208       2.137       2.068       2.000    
  11    2.000       2.058       2.118       2.179       2.243       2.310       2.381       2.458       2.540       2.629    
        2.724       2.827       2.937       3.055       3.181       3.315       3.457       3.607       3.763       3.926    
        4.095       4.269       4.448       4.629       4.813       4.998       4.813       4.630       4.449       4.271    
        4.097       3.929       3.766       3.609       3.459       3.317       3.182       3.054       2.934       2.822    
        2.717       2.618       2.526       2.440       2.359       2.282       2.208       2.137       2.068       2.000    
  12    2.000       2.058       2.118       2.179       2.243       2.310       2.381       2.458       2.540       2.629    
        2.724       2.827       2.937       3.055       3.181       3.315       3.457       3.607       3.763       3.926    
        4.095       4.269       4.448       4.629       4.813       4.998       4.813       4.630       4.449       4.271    
        4.097       3.929       3.766       3.609       3.459       3.317       3.182       3.054       2.934       2.822    
        2.717       2.618       2.526       2.440       2.359       2.282       2.208       2.137       2.068       2.000    
  13    2.000       2.058       2.118       2.179       2.243       2.310       2.381       2.458       2.540       2.629    
        2.724       2.827       2.937       3.055       3.181       3.315       3.457       3.607       3.763       3.926    
        4.095       4.269       4.448       4.629       4.813       4.998       4.813       4.630       4.449       4.271    
        4.097       3.929       3.766       3.609       3.459       3.317       3.182       3.054       2.934       2.822    
        2.717       2.618       2.526       2.440       2.359       2.282       2.208       2.137       2.068       2.000    
  14    2.000       2.058       2.118       2.179       2.243       2.310       2.381       2.458       2.540       2.629    
        2.724       2.827       2.937       3.055       3.181       3.315       3.457       3.607       3.763       3.926    
        4.095       4.269       4.448       4.629       4.813       4.998       4.813       4.630       4.449       4.271    
        4.097       3.929       3.766       3.609       3.459       3.317       3.182       3.054       2.934       2.822    
        2.717       2.618       2.526       2.440       2.359       2.282       2.208       2.137       2.068       2.000    
  15    2.000       2.058       2.118       2.179       2.243       2.310       2.381       2.458       2.540       2.629    
        2.724       2.827       2.937       3.055       3.181       3.315       3.457       3.607       3.763       3.926    
        4.095       4.269       4.448       4.629       4.813       4.998       4.813       4.630       4.449       4.271    
        4.097       3.929       3.766       3.609       3.459       3.317       3.182       3.054       2.934       2.822    
        2.717       2.618       2.526       2.440       2.359       2.282       2.208       2.137       2.068       2.000    
  16    2.000       2.058       2.118       2.179       2.243       2.310       2.381       2.458       2.540       2.629    
        2.724       2.827       2.937       3.055       3.181       3.315       3.457       3.607       3.763       3.926    
        4.095       4.269       4.448       4.629       4.813       4.998       4.813       4.630       4.449       4.271    
        4.097       3.929       3.766       3.609       3.459       3.317       3.182       3.054       2.934       2.822    
        2.717       2.618       2.526       2.440       2.359       2.282       2.208       2.137       2.068       2.000    
  17    2.000       2.058       2.118       2.179       2.243       2.310       2.381       2.458       2.540       2.629    
        2.724       2.827       2.937       3.055       3.181       3.315       3.457       3.607       3.763       3.926    
        4.095       4.269       4.448       4.629       4.813       4.998       4.813       4.630       4.449       4.271    
        4.097       3.929       3.766       3.609       3.459       3.317       3.182       3.054       2.934       2.822    
        2.717       2.618       2.526       2.440       2.359       2.282       2.208       2.137       2.068       2.000    
  18    2.000       2.058       2.118       2.179       2.243       2.310       2.381       2.458       2.540       2.629    
        2.724       2.827       2.937       3.055       3.181       3.315       3.457       3.607       3.763       3.926    
        4.095       4.269       4.448       4.629       4.813       4.998       4.813       4.630       4.449       4.271    
        4.097       3.929       3.766       3.609       3.459       3.317       3.182       3.054       2.934       2.822    
        2.717       2.618       2.526       2.440       2.359       2.282       2.208       2.137       2.068       2.000    
  19    2.000       2.058       2.118       2.179       2.243       2.310       2.381       2.458       2.540       2.629    
        2.724       2.827       2.937       3.055       3.181       3.315       3.457       3.607       3.763       3.926    
        4.095       4.269       4.448       4.629       4.813       4.998       4.813       4.630       4.449       4.271    
        4.097       3.929       3.766       3.609       3.459       3.317       3.182       3.054       2.934       2.822    
        2.717       2.618       2.526       2.440       2.359       2.282       2.208       2.137       2.068       2.000    
  20    2.000       2.058       2.118       2.179       2.243       2.310       2.381       2.458       2.540       2.629    
        2.724       2.827       2.937       3.055       3.181       3.315       3.457       3.607       3.763       3.926    
        4.095       4.269       4.448       4.629       4.813       4.998       4.813       4.630       4.449       4.271    
        4.097       3.929       3.766       3.609       3.459       3.317       3.182       3.054       2.934       2.822    
        2.717       2.618       2.526       2.440       2.359       2.282       2.208       2.137       2.068       2.000    
  21    2.000       2.058       2.118       2.179       2.243       2.310       2.381       2.458       2.540       2.629    
        2.724       2.827       2.937       3.055       3.181       3.315       3.457       3.607       3.763       3.926    
        4.095       4.269       4.448       4.629       4.813       4.998       4.813       4.630       4.449       4.271    
        4.097       3.929       3.766       3.609       3.459       3.317       3.182       3.054       2.934       2.822    
        2.717       2.618       2.526       2.440       2.359       2.282       2.208       2.137       2.068       2.000    
  22    2.000       2.058       2.118       2.179       2.243       2.310       2.381       2.458       2.540       2.629    
        2.724       2.827       2.937       3.055       3.181       3.315       3.457       3.607       3.763       3.926    
        4.095       4.269       4.448       4.629       4.813       4.998       4.813       4.630       4.449       4.271    
        4.097       3.929       3.766       3.609       3.459       3.317       3.182       3.054       2.934       2.822    
        2.717       2.618       2.526       2.440       2.359       2.282       2.208       2.137       2.068       2.000    
  23    2.000       2.058       2.118       2.179       2.243       2.310       2.381       2.458       2.540       2.629    
        2.724       2.827       2.937       3.055       3.181       3.315       3.457       3.607       3.763       3.926    
        4.095       4.269       4.448       4.629       4.813       4.998       4.813       4.630       4.449       4.271    
        4.097       3.929       3.766       3.609       3.459       3.317       3.182       3.054       2.934       2.822    
        2.717       2.618       2.526       2.440       2.359       2.282       2.208       2.137       2.068       2.000    
  24    2.000       2.058       2.118       2.179       2.243       2.310       2.381       2.458       2.540       2.629    
        2.724       2.827       2.937       3.055       3.181       3.315       3.457       3.607       3.763       3.926    
        4.095       4.269       4.448       4.629       4.813       4.998       4.813       4.630       4.449       4.271    
        4.097       3.929       3.766       3.609       3.459       3.317       3.182       3.054       2.934       2.822    
        2.717       2.618       2.526       2.440       2.359       2.282       2.208       2.137       2.068       2.000    
  25    2.000       2.058       2.118       2.179       2.243       2.310       2.381       2.458       2.540       2.629    
        2.724       2.827       2.937       3.055       3.181       3.315       3.457       3.607       3.763       3.926    
        4.095       4.269       4.448       4.629       4.813       4.998       4.813       4.630       4.449       4.271    
        4.097       3.929       3.766       3.609       3.459       3.317       3.182       3.054       2.934       2.822    
        2.717       2.618       2.526       2.440       2.359       2.282       2.208       2.137       2.068       2.000    
  26    2.000       2.058       2.118       2.179       2.243       2.310       2.381       2.458       2.540       2.629    
        2.724       2.827       2.937       3.055       3.181       3.315       3.457       3.607       3.763       3.926    
        4.095       4.269       4.448       4.629       4.813       4.998       4.813       4.630       4.449       4.271    
        4.097       3.929       3.766       3.609       3.459       3.317       3.182       3.054       2.934       2.822    
        2.717       2.618       2.526       2.440       2.359       2.282       2.208       2.137       2.068       2.000    
  27    2.000       2.058       2.118       2.179       2.243       2.310       2.381       2.458       2.540       2.629    
        2.724       2.827       2.937       3.055       3.181       3.315       3.457       3.607       3.763       3.926    
        4.095       4.269       4.448       4.629       4.813       4.998       4.813       4.630       4.449       4.271    
        4.097       3.929       3.766       3.609       3.459       3.317       3.182       3.054       2.934       2.822    
        2.717       2.618       2.526       2.440       2.359       2.282       2.208       2.137       2.068       2.000    
  28    2.000       2.058       2.118       2.179       2.243       2.310       2.381       2.458       2.540       2.629    
        2.724       2.827       2.937       3.055       3.181       3.315       3.457       3.607       3.763       3.926    
        4.095       4.269       4.448       4.629       4.813       4.998       4.813       4.630       4.449       4.271    
        4.097       3.929       3.766       3.609       3.459       3.317       3.182       3.054       2.934       2.822    
        2.717       2.618       2.526       2.440       2.359       2.282       2.208       2.137       2.068       2.000    
  29    2.000       2.058       2.118       2.179       2.243       2.310       2.381       2.458       2.540       2.629    
        2.724       2.827       2.937       3.055       3.181       3.315       3.457       3.607       3.763       3.926    
        4.095       4.269       4.448       4.629       4.813       4.998       4.813       4.630       4.449       4.271    
        4.097       3.929       3.766       3.609       3.459       3.317       3.182       3.054       2.934       2.822    
        2.717       2.618       2.526       2.440       2.359       2.282       2.208       2.137       2.068       2.000    
  30    2.000       2.058       2.118       2.179       2.243       2.310       2.381       2.458       2.540       2.629    
        2.724       2.827       2.937       3.055       3.181       3.315       3.457       3.607       3.763       3.926    
        4.095       4.269       4.448       4.629       4.813       4.998       4.813       4.630       4.449       4.271    
        4.097       3.929       3.766       3.609       3.459       3.317       3.182       3.054       2.934       2.822    
        2.717       2.618       2.526       2.440       2.359       2.282       2.208       2.137       2.068       2.000    
  31    2.000       2.058       2.118       2.179       2.243       2.310       2.381       2.458       2.540       2.629    
        2.724       2.827       2.937       3.055       3.181       3.315       3.457       3.607       3.763       3.926    
        4.095       4.269       4.448       4.629       4.813       4.998       4.813       4.630       4.449       4.271    
        4.097       3.929       3.766       3.609       3.459       3.317       3.182       3.054       2.934       2.822    
        2.717       2.618       2.526       2.440       2.359       2.282       2.208       2.137       2.068       2.000    
  32    2.000       2.058       2.118       2.179       2.243       2.310       2.381       2.458       2.540       2.629    
        2.724       2.827       2.937       3.055       3.181       3.315       3.457       3.607       3.763       3.926    
        4.095       4.269       4.448       4.629       4.813       4.998       4.813       4.630       4.449       4.271    
        4.097       3.929       3.766       3.609       3.459       3.317       3.182       3.054       2.934       2.822    
        2.717       2.618       2.526       2.440       2.359       2.282       2.208       2.137       2.068       2.000    
  33    2.000       2.058       2.118       2.179       2.243       2.310       2.381       2.458       2.540       2.629    
        2.724       2.827       2.937       3.055       3.181       3.315       3.457       3.607       3.763       3.926    
        4.095       4.269       4.448       4.629       4.813       4.998       4.813       4.630       4.449       4.271    
        4.097       3.929       3.766       3.609       3.459       3.317       3.182       3.054       2.934       2.822    
        2.717       2.618       2.526       2.440       2.359       2.282       2.208       2.137       2.068       2.000    
  34    2.000       2.058       2.118       2.179       2.243       2.310       2.381       2.458       2.540       2.629    
        2.724       2.827       2.937       3.055       3.181       3.315       3.457       3.607       3.763       3.926    
        4.095       4.269       4.448       4.629       4.813       4.998       4.813       4.630       4.449       4.271    
        4.097       3.929       3.766       3.609       3.459       3.317       3.182       3.054       2.934       2.822    
        2.717       2.618       2.526       2.440       2.359       2.282       2.208       2.137       2.068       2.000    
  35    2.000       2.058       2.118       2.179       2.243       2.310       2.381       2.458       2.540       2.629    
        2.724       2.827       2.937       3.055       3.181       3.315       3.457       3.607       3.763       3.926    
        4.095       4.269       4.448       4.629       4.813       4.998       4.813       4.630       4.449       4.271    
        4.097       3.929       3.766       3.609       3.459       3.317       3.182       3.054       2.934       2.822    
        2.717       2.618       2.526       2.440       2.359       2.282       2.208       2.137       2.068       2.000    
  36    2.000       2.058       2.118       2.179       2.243       2.310       2.381       2.458       2.540       2.629    
        2.724       2.827       2.937       3.055       3.181       3.315       3.457       3.607       3.763       3.926    
        4.095       4.269       4.448       4.629       4.813       4.998       4.813       4.630       4.449       4.271    
        4.097       3.929       3.766       3.609       3.459       3.317       3.182       3.054       2.934       2.822    
        2.717       2.618       2.526       2.440       2.359       2.282       2.208       2.137       2.068       2.000    
  37    2.000       2.058       2.118       2.179       2.243       2.310       2.381       2.458       2.540       2.629    
        2.724       2.827       2.937       3.055       3.181       3.315       3.457       3.607       3.763       3.926    
        4.095       4.269       4.448       4.629       4.813       4.998       4.813       4.630       4.449       4.271    
        4.097       3.929       3.766       3.609       3.459       3.317       3.182       3.054       2.934       2.822    
        2.717       2.618       2.526       2.440       2.359       2.282       2.208       2.137       2.068       2.000    
  38    2.000       2.058       2.118       2.179       2.243       2.310       2.381       2.458       2.540       2.629    
        2.724       2.827       2.937       3.055       3.181       3.315       3.457       3.607       3.763       3.926    
        4.095       4.269       4.448       4.629       4.813       4.998       4.813       4.630       4.449       4.271    
        4.097       3.929       3.766       3.609       3.459       3.317       3.182       3.054       2.934       2.822    
        2.717       2.618       2.526       2.440       2.359       2.282       2.208       2.137       2.068       2.000    
  39    2.000       2.058       2.118       2.179       2.243       2.310       2.381       2.458       2.540       2.629    
        2.724       2.827       2.937       3.055       3.181       3.315       3.457       3.607       3.763       3.926    
        4.095       4.269       4.448       4.629       4.813       4.998       4.813       4.630       4.449       4.271    
        4.097       3.929       3.766       3.609       3.459       3.317       3.182       3.054       2.934       2.822    
        2.717       2.618       2.526       2.440       2.359       2.282       2.208       2.137       2.068       2.000    
  40    2.000       2.058       2.118       2.179       2.243       2.310       2.381       2.458       2.540       2.629    
        2.724       2.827       2.937       3.055       3.181       3.315       3.457       3.607       3.763       3.926    
        4.095       4.269       4.448       4.629       4.813       4.998       4.813       4.630       4.449       4.271    
        4.097       3.929       3.766       3.609       3.459       3.317       3.182       3.054       2.934       2.822    
        2.717       2.618       2.526       2.440       2.359       2.282       2.208       2.137       2.068       2.000    
  41    2.000       2.058       2.118       2.179       2.243       2.310       2.381       2.458       2.540       2.629    
        2.724       2.827       2.937       3.055       3.181       3.315       3.457       3.607       3.763       3.926    
        4.095       4.269       4.448       4.629       4.813       4.998       4.813       4.630       4.449       4.271    
        4.097       3.929       3.766       3.609       3.459       3.317       3.182       3.054       2.934       2.822    
        2.717       2.618       2.526       2.440       2.359       2.282       2.208       2.137       2.068       2.000    
  42    2.000       2.058       2.118       2.179       2.243       2.310       2.381       2.458       2.540       2.629    
        2.724       2.827       2.937       3.055       3.181       3.315       3.457       3.607       3.763       3.926    
        4.095       4.269       4.448       4.629       4.813       4.998       4.813       4.630       4.449       4.271    
        4.097       3.929       3.766       3.609       3.459       3.317       3.182       3.054       2.934       2.822    
        2.717       2.618       2.526       2.440       2.359       2.282       2.208       2.137       2.068       2.000    
  43    2.000       2.058       2.118       2.179       2.243       2.310       2.381       2.458       2.540       2.629    
        2.724       2.827       2.937       3.055       3.181       3.315       3.457       3.607       3.763       3.926    
        4.095       4.269       4.448       4.629       4.813       4.998       4.813       4.630       4.449       4.271    
        4.097       3.929       3.766       3.609       3.459       3.317       3.182       3.054       2.934       2.822    
        2.717       2.618       2.526       2.440       2.359       2.282       2.208       2.137       2.068       2.000    
  44    2.000       2.058       2.118       2.179       2.243       2.310       2.381       2.458       2.540       2.629    
        2.724       2.827       2.937       3.055       3.181       3.315       3.457       3.607       3.763       3.926    
        4.095       4.269       4.448       4.629       4.813       4.998       4.813       4.630       4.449       4.271    
        4.097       3.929       3.766       3.609       3.459       3.317       3.182       3.054       2.934       2.822    
        2.717       2.618       2.526       2.440       2.359       2.282       2.208       2.137       2.068       2.000    
  45    2.000       2.058       2.118       2.179       2.243       2.310       2.381       2.458       2.540       2.629    
        2.724       2.827       2.937       3.055       3.181       3.315       3.457       3.607       3.763       3.926    
        4.095       4.269       4.448       4.629       4.813       4.998       4.813       4.630       4.449       4.271    
        4.097       3.929       3.766       3.609       3.459       3.317       3.182       3.054       2.934       2.822    
        2.717       2.618       2.526       2.440       2.359       2.282       2.208       2.137       2.068       2.000    
  46    2.000       2.058       2.118       2.179       2.243       2.310       2.381       2.458       2.540       2.629    
        2.724       2.827       2.937       3.055       3.181       3.315       3.457       3.607       3.763       3.926    
        4.095       4.269       4.448       4.629       4.813       4.998       4.813       4.630       4.449       4.271    
        4.097       3.929       3.766       3.609       3.459       3.317       3.182       3.054       2.934       2.822    
        2.717       2.618       2.526       2.440       2.359       2.282       2.208       2.137       2.068       2.000    
  47    2.000       2.058       2.118       2.179       2.243       2.310       2.381       2.458       2.540       2.629    
        2.724       2.827       2.937       3.055       3.181       3.315       3.457       3.607       3.763       3.926    
        4.095       4.269       4.448       4.629       4.813       4.998       4.813       4.630       4.449       4.271    
        4.097       3.929       3.766       3.609       3.459       3.317       3.182       3.054       2.934       2.822    
        2.717       2.618       2.526       2.440       2.359       2.282       2.208       2.137       2.068       2.000    
  48    2.000       2.058       2.118       2.179       2.243       2.310       2.381       2.458       2.540       2.629    
        2.724       2.827       2.937       3.055       3.181       3.315       3.457       3.607       3.763       3.926    
        4.095       4.269       4.448       4.629       4.813       4.998       4.813       4.630       4.449       4.271    
        4.097       3.929       3.766       3.609       3.459       3.317       3.182       3.054       2.934       2.822    
        2.717       2.618       2.526       2.440       2.359       2.282       2.208       2.137       2.068       2.000    
  49    2.000       2.058       2.118       2.179       2.243       2.310       2.381       2.458       2.540       2.629    
        2.724       2.827       2.937       3.055       3.181       3.315       3.457       3.607       3.763       3.926    
        4.095       4.269       4.448       4.629       4.813       4.998       4.813       4.630       4.449       4.271    
        4.097       3.929       3.766       3.609       3.459       3.317       3.182       3.054       2.934       2.822    
        2.717       2.618       2.526       2.440       2.359       2.282       2.208       2.137       2.068       2.000    
  50    2.000       2.058       2.118       2.179       2.243       2.310       2.381       2.458       2.540       2.629    
        2.724       2.827       2.937       3.055       3.181       3.315       3.457       3.607       3.763       3.926    
        4.095       4.269       4.448       4.629       4.813       4.998       4.813       4.630       4.449       4.271    
        4.097       3.929       3.766       3.609       3.459       3.317       3.182       3.054       2.934       2.822    
        2.717       2.618       2.526       2.440       2.359       2.282       2.208       2.137       2.068       2.000    

 HEAD WILL BE SAVED ON UNIT   51 AT END OF TIME STEP    9, STRESS PERIOD    2

 DRAWDOWN WILL BE SAVED ON UNIT   52 AT END OF TIME STEP    9, STRESS PERIOD    2
1
  VOLUMETRIC BUDGET FOR ENTIRE MODEL AT END OF TIME STEP    9, STRESS PERIOD   2
  ------------------------------------------------------------------------------

     CUMULATIVE VOLUMES      L**3       RATES FOR THIS TIME STEP      L**3/T
     ------------------                 ------------------------

           IN:                                      IN:
           ---                                      ---
             STORAGE =           0.0000               STORAGE =           0.0000
       CONSTANT HEAD =         447.1242         CONSTANT HEAD =           0.0000
       RIVER LEAKAGE =        8541.5723         RIVER LEAKAGE =         923.0355

            TOTAL IN =        8988.6963              TOTAL IN =         923.0355

          OUT:                                     OUT:
          ----                                     ----
             STORAGE =        8313.4404               STORAGE =         606.5159
       CONSTANT HEAD =         471.1751         CONSTANT HEAD =         316.4283
       RIVER LEAKAGE =         204.0625         RIVER LEAKAGE =           0.0000

           TOTAL OUT =        8988.6777             TOTAL OUT =         922.9442

            IN - OUT =       1.8555E-02              IN - OUT =       9.1370E-02

 PERCENT DISCREPANCY =           0.00     PERCENT DISCREPANCY =           0.01






         TIME SUMMARY AT END OF TIME STEP    9 IN STRESS PERIOD    2
                    SECONDS     MINUTES      HOURS       DAYS        YEARS
                    -----------------------------------------------------------
   TIME STEP LENGTH  43200.      720.00      12.000     0.50000     1.36893E-03
 STRESS PERIOD TIME 3.88800E+05  6480.0      108.00      4.5000     1.23203E-02
         TOTAL TIME 4.75200E+05  7920.0      132.00      5.5000     1.50582E-02
1
 
 SOLVING FOR HEAD 

 OUTPUT CONTROL FOR STRESS PERIOD    2   TIME STEP   10
    SAVE HEAD FOR ALL LAYERS
    SAVE DRAWDOWN FOR ALL LAYERS
    SAVE BUDGET
    PRINT HEAD FOR ALL LAYERS
    PRINT BUDGET
 UBDSV1 SAVING "         STORAGE" ON UNIT  53 AT TIME STEP 10, STRESS PERIOD   2
 UBDSV2 SAVING "   CONSTANT HEAD" ON UNIT  53 AT TIME STEP 10, STRESS PERIOD   2
 UBDSV1 SAVING "FLOW RIGHT FACE " ON UNIT  53 AT TIME STEP 10, STRESS PERIOD   2
 UBDSV1 SAVING "FLOW FRONT FACE " ON UNIT  53 AT TIME STEP 10, STRESS PERIOD   2
 UBDSV4 SAVING "   RIVER LEAKAGE" ON UNIT  53 AT TIME STEP 10, STRESS PERIOD   2
1
              HEAD IN LAYER   1 AT END OF TIME STEP  10 IN STRESS PERIOD    2
  ---------------------------------------------------------------------------

            1           2           3           4           5           6           7           8           9          10
           11          12          13          14          15          16          17          18          19          20
           21          22          23          24          25          26          27          28          29          30
           31          32          33          34          35          36          37          38          39          40
           41          42          43          44          45          46          47          48          49          50
 ........................................................................................................................
   1    2.000       2.068       2.137       2.207       2.280       2.356       2.435       2.519       2.607       2.701    
        2.801       2.907       3.019       3.138       3.264       3.396       3.535       3.679       3.830       3.986    
        4.147       4.312       4.480       4.651       4.824       4.998       4.824       4.652       4.481       4.313    
        4.148       3.986       3.830       3.679       3.533       3.393       3.260       3.132       3.011       2.897    
        2.788       2.684       2.586       2.493       2.404       2.319       2.236       2.156       2.078       2.000    
   2    2.000       2.068       2.137       2.207       2.280       2.356       2.435       2.519       2.607       2.701    
        2.801       2.907       3.019       3.138       3.264       3.396       3.535       3.679       3.830       3.986    
        4.147       4.312       4.480       4.651       4.824       4.998       4.824       4.652       4.481       4.313    
        4.148       3.986       3.830       3.679       3.533       3.393       3.260       3.132       3.011       2.897    
        2.788       2.684       2.586       2.493       2.404       2.319       2.236       2.156       2.078       2.000    
   3    2.000       2.068       2.137       2.207       2.280       2.356       2.435       2.519       2.607       2.701    
        2.801       2.907       3.019       3.138       3.264       3.396       3.535       3.679       3.830       3.986    
        4.147       4.312       4.480       4.651       4.824       4.998       4.824       4.652       4.481       4.313    
        4.148       3.986       3.830       3.679       3.533       3.393       3.260       3.132       3.011       2.897    
        2.788       2.684       2.586       2.493       2.404       2.319       2.236       2.156       2.078       2.000    
   4    2.000       2.068       2.137       2.207       2.280       2.356       2.435       2.519       2.607       2.701    
        2.801       2.907       3.019       3.138       3.264       3.396       3.535       3.679       3.830       3.986    
        4.147       4.312       4.480       4.651       4.824       4.998       4.824       4.652       4.481       4.313    
        4.148       3.986       3.830       3.679       3.533       3.393       3.260       3.132       3.011       2.897    
        2.788       2.684       2.586       2.493       2.404       2.319       2.236       2.156       2.078       2.000    
   5    2.000       2.068       2.137       2.207       2.280       2.356       2.435       2.519       2.607       2.701    
        2.801       2.907       3.019       3.138       3.264       3.396       3.535       3.679       3.830       3.986    
        4.147       4.312       4.480       4.651       4.824       4.998       4.824       4.652       4.481       4.313    
        4.148       3.986       3.830       3.679       3.533       3.393       3.260       3.132       3.011       2.897    
        2.788       2.684       2.586       2.493       2.404       2.319       2.236       2.156       2.078       2.000    
   6    2.000       2.068       2.137       2.207       2.280       2.356       2.435       2.519       2.607       2.701    
        2.801       2.907       3.019       3.138       3.264       3.396       3.535       3.679       3.830       3.986    
        4.147       4.312       4.480       4.651       4.824       4.998       4.824       4.652       4.481       4.313    
        4.148       3.986       3.830       3.679       3.533       3.393       3.260       3.132       3.011       2.897    
        2.788       2.684       2.586       2.493       2.404       2.319       2.236       2.156       2.078       2.000    
   7    2.000       2.068       2.137       2.207       2.280       2.356       2.435       2.519       2.607       2.701    
        2.801       2.907       3.019       3.138       3.264       3.396       3.535       3.679       3.830       3.986    
        4.147       4.312       4.480       4.651       4.824       4.998       4.824       4.652       4.481       4.313    
        4.148       3.986       3.830       3.679       3.533       3.393       3.260       3.132       3.011       2.897    
        2.788       2.684       2.586       2.493       2.404       2.319       2.236       2.156       2.078       2.000    
   8    2.000       2.068       2.137       2.207       2.280       2.356       2.435       2.519       2.607       2.701    
        2.801       2.907       3.019       3.138       3.264       3.396       3.535       3.679       3.830       3.986    
        4.147       4.312       4.480       4.651       4.824       4.998       4.824       4.652       4.481       4.313    
        4.148       3.986       3.830       3.679       3.533       3.393       3.260       3.132       3.011       2.897    
        2.788       2.684       2.586       2.493       2.404       2.319       2.236       2.156       2.078       2.000    
   9    2.000       2.068       2.137       2.207       2.280       2.356       2.435       2.519       2.607       2.701    
        2.801       2.907       3.019       3.138       3.264       3.396       3.535       3.679       3.830       3.986    
        4.147       4.312       4.480       4.651       4.824       4.998       4.824       4.652       4.481       4.313    
        4.148       3.986       3.830       3.679       3.533       3.393       3.260       3.132       3.011       2.897    
        2.788       2.684       2.586       2.493       2.404       2.319       2.236       2.156       2.078       2.000    
  10    2.000       2.068       2.137       2.207       2.280       2.356       2.435       2.519       2.607       2.701    
        2.801       2.907       3.019       3.138       3.264       3.396       3.535       3.679       3.830       3.986    
        4.147       4.312       4.480       4.651       4.824       4.998       4.824       4.652       4.481       4.313    
        4.148       3.986       3.830       3.679       3.533       3.393       3.260       3.132       3.011       2.897    
        2.788       2.684       2.586       2.493       2.404       2.319       2.236       2.156       2.078       2.000    
  11    2.000       2.068       2.137       2.207       2.280       2.356       2.435       2.519       2.607       2.701    
        2.801       2.907       3.019       3.138       3.264       3.396       3.535       3.679       3.830       3.986    
        4.147       4.312       4.480       4.651       4.824       4.998       4.824       4.652       4.481       4.313    
        4.148       3.986       3.830       3.679       3.533       3.393       3.260       3.132       3.011       2.897    
        2.788       2.684       2.586       2.493       2.404       2.319       2.236       2.156       2.078       2.000    
  12    2.000       2.068       2.137       2.207       2.280       2.356       2.435       2.519       2.607       2.701    
        2.801       2.907       3.019       3.138       3.264       3.396       3.535       3.679       3.830       3.986    
        4.147       4.312       4.480       4.651       4.824       4.998       4.824       4.652       4.481       4.313    
        4.148       3.986       3.830       3.679       3.533       3.393       3.260       3.132       3.011       2.897    
        2.788       2.684       2.586       2.493       2.404       2.319       2.236       2.156       2.078       2.000    
  13    2.000       2.068       2.137       2.207       2.280       2.356       2.435       2.519       2.607       2.701    
        2.801       2.907       3.019       3.138       3.264       3.396       3.535       3.679       3.830       3.986    
        4.147       4.312       4.480       4.651       4.824       4.998       4.824       4.652       4.481       4.313    
        4.148       3.986       3.830       3.679       3.533       3.393       3.260       3.132       3.011       2.897    
        2.788       2.684       2.586       2.493       2.404       2.319       2.236       2.156       2.078       2.000    
  14    2.000       2.068       2.137       2.207       2.280       2.356       2.435       2.519       2.607       2.701    
        2.801       2.907       3.019       3.138       3.264       3.396       3.535       3.679       3.830       3.986    
        4.147       4.312       4.480       4.651       4.824       4.998       4.824       4.652       4.481       4.313    
        4.148       3.986       3.830       3.679       3.533       3.393       3.260       3.132       3.011       2.897    
        2.788       2.684       2.586       2.493       2.404       2.319       2.236       2.156       2.078       2.000    
  15    2.000       2.068       2.137       2.207       2.280       2.356       2.435       2.519       2.607       2.701    
        2.801       2.907       3.019       3.138       3.264       3.396       3.535       3.679       3.830       3.986    
        4.147       4.312       4.480       4.651       4.824       4.998       4.824       4.652       4.481       4.313    
        4.148       3.986       3.830       3.679       3.533       3.393       3.260       3.132       3.011       2.897    
        2.788       2.684       2.586       2.493       2.404       2.319       2.236       2.156       2.078       2.000    
  16    2.000       2.068       2.137       2.207       2.280       2.356       2.435       2.519       2.607       2.701    
        2.801       2.907       3.019       3.138       3.264       3.396       3.535       3.679       3.830       3.986    
        4.147       4.312       4.480       4.651       4.824       4.998       4.824       4.652       4.481       4.313    
        4.148       3.986       3.830       3.679       3.533       3.393       3.260       3.132       3.011       2.897    
        2.788       2.684       2.586       2.493       2.404       2.319       2.236       2.156       2.078       2.000    
  17    2.000       2.068       2.137       2.207       2.280       2.356       2.435       2.519       2.607       2.701    
        2.801       2.907       3.019       3.138       3.264       3.396       3.535       3.679       3.830       3.986    
        4.147       4.312       4.480       4.651       4.824       4.998       4.824       4.652       4.481       4.313    
        4.148       3.986       3.830       3.679       3.533       3.393       3.260       3.132       3.011       2.897    
        2.788       2.684       2.586       2.493       2.404       2.319       2.236       2.156       2.078       2.000    
  18    2.000       2.068       2.137       2.207       2.280       2.356       2.435       2.519       2.607       2.701    
        2.801       2.907       3.019       3.138       3.264       3.396       3.535       3.679       3.830       3.986    
        4.147       4.312       4.480       4.651       4.824       4.998       4.824       4.652       4.481       4.313    
        4.148       3.986       3.830       3.679       3.533       3.393       3.260       3.132       3.011       2.897    
        2.788       2.684       2.586       2.493       2.404       2.319       2.236       2.156       2.078       2.000    
  19    2.000       2.068       2.137       2.207       2.280       2.356       2.435       2.519       2.607       2.701    
        2.801       2.907       3.019       3.138       3.264       3.396       3.535       3.679       3.830       3.986    
        4.147       4.312       4.480       4.651       4.824       4.998       4.824       4.652       4.481       4.313    
        4.148       3.986       3.830       3.679       3.533       3.393       3.260       3.132       3.011       2.897    
        2.788       2.684       2.586       2.493       2.404       2.319       2.236       2.156       2.078       2.000    
  20    2.000       2.068       2.137       2.207       2.280       2.356       2.435       2.519       2.607       2.701    
        2.801       2.907       3.019       3.138       3.264       3.396       3.535       3.679       3.830       3.986    
        4.147       4.312       4.480       4.651       4.824       4.998       4.824       4.652       4.481       4.313    
        4.148       3.986       3.830       3.679       3.533       3.393       3.260       3.132       3.011       2.897    
        2.788       2.684       2.586       2.493       2.404       2.319       2.236       2.156       2.078       2.000    
  21    2.000       2.068       2.137       2.207       2.280       2.356       2.435       2.519       2.607       2.701    
        2.801       2.907       3.019       3.138       3.264       3.396       3.535       3.679       3.830       3.986    
        4.147       4.312       4.480       4.651       4.824       4.998       4.824       4.652       4.481       4.313    
        4.148       3.986       3.830       3.679       3.533       3.393       3.260       3.132       3.011       2.897    
        2.788       2.684       2.586       2.493       2.404       2.319       2.236       2.156       2.078       2.000    
  22    2.000       2.068       2.137       2.207       2.280       2.356       2.435       2.519       2.607       2.701    
        2.801       2.907       3.019       3.138       3.264       3.396       3.535       3.679       3.830       3.986    
        4.147       4.312       4.480       4.651       4.824       4.998       4.824       4.652       4.481       4.313    
        4.148       3.986       3.830       3.679       3.533       3.393       3.260       3.132       3.011       2.897    
        2.788       2.684       2.586       2.493       2.404       2.319       2.236       2.156       2.078       2.000    
  23    2.000       2.068       2.137       2.207       2.280       2.356       2.435       2.519       2.607       2.701    
        2.801       2.907       3.019       3.138       3.264       3.396       3.535       3.679       3.830       3.986    
        4.147       4.312       4.480       4.651       4.824       4.998       4.824       4.652       4.481       4.313    
        4.148       3.986       3.830       3.679       3.533       3.393       3.260       3.132       3.011       2.897    
        2.788       2.684       2.586       2.493       2.404       2.319       2.236       2.156       2.078       2.000    
  24    2.000       2.068       2.137       2.207       2.280       2.356       2.435       2.519       2.607       2.701    
        2.801       2.907       3.019       3.138       3.264       3.396       3.535       3.679       3.830       3.986    
        4.147       4.312       4.480       4.651       4.824       4.998       4.824       4.652       4.481       4.313    
        4.148       3.986       3.830       3.679       3.533       3.393       3.260       3.132       3.011       2.897    
        2.788       2.684       2.586       2.493       2.404       2.319       2.236       2.156       2.078       2.000    
  25    2.000       2.068       2.137       2.207       2.280       2.356       2.435       2.519       2.607       2.701    
        2.801       2.907       3.019       3.138       3.264       3.396       3.535       3.679       3.830       3.986    
        4.147       4.312       4.480       4.651       4.824       4.998       4.824       4.652       4.481       4.313    
        4.148       3.986       3.830       3.679       3.533       3.393       3.260       3.132       3.011       2.897    
        2.788       2.684       2.586       2.493       2.404       2.319       2.236       2.156       2.078       2.000    
  26    2.000       2.068       2.137       2.207       2.280       2.356       2.435       2.519       2.607       2.701    
        2.801       2.907       3.019       3.138       3.264       3.396       3.535       3.679       3.830       3.986    
        4.147       4.312       4.480       4.651       4.824       4.998       4.824       4.652       4.481       4.313    
        4.148       3.986       3.830       3.679       3.533       3.393       3.260       3.132       3.011       2.897    
        2.788       2.684       2.586       2.493       2.404       2.319       2.236       2.156       2.078       2.000    
  27    2.000       2.068       2.137       2.207       2.280       2.356       2.435       2.519       2.607       2.701    
        2.801       2.907       3.019       3.138       3.264       3.396       3.535       3.679       3.830       3.986    
        4.147       4.312       4.480       4.651       4.824       4.998       4.824       4.652       4.481       4.313    
        4.148       3.986       3.830       3.679       3.533       3.393       3.260       3.132       3.011       2.897    
        2.788       2.684       2.586       2.493       2.404       2.319       2.236       2.156       2.078       2.000    
  28    2.000       2.068       2.137       2.207       2.280       2.356       2.435       2.519       2.607       2.701    
        2.801       2.907       3.019       3.138       3.264       3.396       3.535       3.679       3.830       3.986    
        4.147       4.312       4.480       4.651       4.824       4.998       4.824       4.652       4.481       4.313    
        4.148       3.986       3.830       3.679       3.533       3.393       3.260       3.132       3.011       2.897    
        2.788       2.684       2.586       2.493       2.404       2.319       2.236       2.156       2.078       2.000    
  29    2.000       2.068       2.137       2.207       2.280       2.356       2.435       2.519       2.607       2.701    
        2.801       2.907       3.019       3.138       3.264       3.396       3.535       3.679       3.830       3.986    
        4.147       4.312       4.480       4.651       4.824       4.998       4.824       4.652       4.481       4.313    
        4.148       3.986       3.830       3.679       3.533       3.393       3.260       3.132       3.011       2.897    
        2.788       2.684       2.586       2.493       2.404       2.319       2.236       2.156       2.078       2.000    
  30    2.000       2.068       2.137       2.207       2.280       2.356       2.435       2.519       2.607       2.701    
        2.801       2.907       3.019       3.138       3.264       3.396       3.535       3.679       3.830       3.986    
        4.147       4.312       4.480       4.651       4.824       4.998       4.824       4.652       4.481       4.313    
        4.148       3.986       3.830       3.679       3.533       3.393       3.260       3.132       3.011       2.897    
        2.788       2.684       2.586       2.493       2.404       2.319       2.236       2.156       2.078       2.000    
  31    2.000       2.068       2.137       2.207       2.280       2.356       2.435       2.519       2.607       2.701    
        2.801       2.907       3.019       3.138       3.264       3.396       3.535       3.679       3.830       3.986    
        4.147       4.312       4.480       4.651       4.824       4.998       4.824       4.652       4.481       4.313    
        4.148       3.986       3.830       3.679       3.533       3.393       3.260       3.132       3.011       2.897    
        2.788       2.684       2.586       2.493       2.404       2.319       2.236       2.156       2.078       2.000    
  32    2.000       2.068       2.137       2.207       2.280       2.356       2.435       2.519       2.607       2.701    
        2.801       2.907       3.019       3.138       3.264       3.396       3.535       3.679       3.830       3.986    
        4.147       4.312       4.480       4.651       4.824       4.998       4.824       4.652       4.481       4.313    
        4.148       3.986       3.830       3.679       3.533       3.393       3.260       3.132       3.011       2.897    
        2.788       2.684       2.586       2.493       2.404       2.319       2.236       2.156       2.078       2.000    
  33    2.000       2.068       2.137       2.207       2.280       2.356       2.435       2.519       2.607       2.701    
        2.801       2.907       3.019       3.138       3.264       3.396       3.535       3.679       3.830       3.986    
        4.147       4.312       4.480       4.651       4.824       4.998       4.824       4.652       4.481       4.313    
        4.148       3.986       3.830       3.679       3.533       3.393       3.260       3.132       3.011       2.897    
        2.788       2.684       2.586       2.493       2.404       2.319       2.236       2.156       2.078       2.000    
  34    2.000       2.068       2.137       2.207       2.280       2.356       2.435       2.519       2.607       2.701    
        2.801       2.907       3.019       3.138       3.264       3.396       3.535       3.679       3.830       3.986    
        4.147       4.312       4.480       4.651       4.824       4.998       4.824       4.652       4.481       4.313    
        4.148       3.986       3.830       3.679       3.533       3.393       3.260       3.132       3.011       2.897    
        2.788       2.684       2.586       2.493       2.404       2.319       2.236       2.156       2.078       2.000    
  35    2.000       2.068       2.137       2.207       2.280       2.356       2.435       2.519       2.607       2.701    
        2.801       2.907       3.019       3.138       3.264       3.396       3.535       3.679       3.830       3.986    
        4.147       4.312       4.480       4.651       4.824       4.998       4.824       4.652       4.481       4.313    
        4.148       3.986       3.830       3.679       3.533       3.393       3.260       3.132       3.011       2.897    
        2.788       2.684       2.586       2.493       2.404       2.319       2.236       2.156       2.078       2.000    
  36    2.000       2.068       2.137       2.207       2.280       2.356       2.435       2.519       2.607       2.701    
        2.801       2.907       3.019       3.138       3.264       3.396       3.535       3.679       3.830       3.986    
        4.147       4.312       4.480       4.651       4.824       4.998       4.824       4.652       4.481       4.313    
        4.148       3.986       3.830       3.679       3.533       3.393       3.260       3.132       3.011       2.897    
        2.788       2.684       2.586       2.493       2.404       2.319       2.236       2.156       2.078       2.000    
  37    2.000       2.068       2.137       2.207       2.280       2.356       2.435       2.519       2.607       2.701    
        2.801       2.907       3.019       3.138       3.264       3.396       3.535       3.679       3.830       3.986    
        4.147       4.312       4.480       4.651       4.824       4.998       4.824       4.652       4.481       4.313    
        4.148       3.986       3.830       3.679       3.533       3.393       3.260       3.132       3.011       2.897    
        2.788       2.684       2.586       2.493       2.404       2.319       2.236       2.156       2.078       2.000    
  38    2.000       2.068       2.137       2.207       2.280       2.356       2.435       2.519       2.607       2.701    
        2.801       2.907       3.019       3.138       3.264       3.396       3.535       3.679       3.830       3.986    
        4.147       4.312       4.480       4.651       4.824       4.998       4.824       4.652       4.481       4.313    
        4.148       3.986       3.830       3.679       3.533       3.393       3.260       3.132       3.011       2.897    
        2.788       2.684       2.586       2.493       2.404       2.319       2.236       2.156       2.078       2.000    
  39    2.000       2.068       2.137       2.207       2.280       2.356       2.435       2.519       2.607       2.701    
        2.801       2.907       3.019       3.138       3.264       3.396       3.535       3.679       3.830       3.986    
        4.147       4.312       4.480       4.651       4.824       4.998       4.824       4.652       4.481       4.313    
        4.148       3.986       3.830       3.679       3.533       3.393       3.260       3.132       3.011       2.897    
        2.788       2.684       2.586       2.493       2.404       2.319       2.236       2.156       2.078       2.000    
  40    2.000       2.068       2.137       2.207       2.280       2.356       2.435       2.519       2.607       2.701    
        2.801       2.907       3.019       3.138       3.264       3.396       3.535       3.679       3.830       3.986    
        4.147       4.312       4.480       4.651       4.824       4.998       4.824       4.652       4.481       4.313    
        4.148       3.986       3.830       3.679       3.533       3.393       3.260       3.132       3.011       2.897    
        2.788       2.684       2.586       2.493       2.404       2.319       2.236       2.156       2.078       2.000    
  41    2.000       2.068       2.137       2.207       2.280       2.356       2.435       2.519       2.607       2.701    
        2.801       2.907       3.019       3.138       3.264       3.396       3.535       3.679       3.830       3.986    
        4.147       4.312       4.480       4.651       4.824       4.998       4.824       4.652       4.481       4.313    
        4.148       3.986       3.830       3.679       3.533       3.393       3.260       3.132       3.011       2.897    
        2.788       2.684       2.586       2.493       2.404       2.319       2.236       2.156       2.078       2.000    
  42    2.000       2.068       2.137       2.207       2.280       2.356       2.435       2.519       2.607       2.701    
        2.801       2.907       3.019       3.138       3.264       3.396       3.535       3.679       3.830       3.986    
        4.147       4.312       4.480       4.651       4.824       4.998       4.824       4.652       4.481       4.313    
        4.148       3.986       3.830       3.679       3.533       3.393       3.260       3.132       3.011       2.897    
        2.788       2.684       2.586       2.493       2.404       2.319       2.236       2.156       2.078       2.000    
  43    2.000       2.068       2.137       2.207       2.280       2.356       2.435       2.519       2.607       2.701    
        2.801       2.907       3.019       3.138       3.264       3.396       3.535       3.679       3.830       3.986    
        4.147       4.312       4.480       4.651       4.824       4.998       4.824       4.652       4.481       4.313    
        4.148       3.986       3.830       3.679       3.533       3.393       3.260       3.132       3.011       2.897    
        2.788       2.684       2.586       2.493       2.404       2.319       2.236       2.156       2.078       2.000    
  44    2.000       2.068       2.137       2.207       2.280       2.356       2.435       2.519       2.607       2.701    
        2.801       2.907       3.019       3.138       3.264       3.396       3.535       3.679       3.830       3.986    
        4.147       4.312       4.480       4.651       4.824       4.998       4.824       4.652       4.481       4.313    
        4.148       3.986       3.830       3.679       3.533       3.393       3.260       3.132       3.011       2.897    
        2.788       2.684       2.586       2.493       2.404       2.319       2.236       2.156       2.078       2.000    
  45    2.000       2.068       2.137       2.207       2.280       2.356       2.435       2.519       2.607       2.701    
        2.801       2.907       3.019       3.138       3.264       3.396       3.535       3.679       3.830       3.986    
        4.147       4.312       4.480       4.651       4.824       4.998       4.824       4.652       4.481       4.313    
        4.148       3.986       3.830       3.679       3.533       3.393       3.260       3.132       3.011       2.897    
        2.788       2.684       2.586       2.493       2.404       2.319       2.236       2.156       2.078       2.000    
  46    2.000       2.068       2.137       2.207       2.280       2.356       2.435       2.519       2.607       2.701    
        2.801       2.907       3.019       3.138       3.264       3.396       3.535       3.679       3.830       3.986    
        4.147       4.312       4.480       4.651       4.824       4.998       4.824       4.652       4.481       4.313    
        4.148       3.986       3.830       3.679       3.533       3.393       3.260       3.132       3.011       2.897    
        2.788       2.684       2.586       2.493       2.404       2.319       2.236       2.156       2.078       2.000    
  47    2.000       2.068       2.137       2.207       2.280       2.356       2.435       2.519       2.607       2.701    
        2.801       2.907       3.019       3.138       3.264       3.396       3.535       3.679       3.830       3.986    
        4.147       4.312       4.480       4.651       4.824       4.998       4.824       4.652       4.481       4.313    
        4.148       3.986       3.830       3.679       3.533       3.393       3.260       3.132       3.011       2.897    
        2.788       2.684       2.586       2.493       2.404       2.319       2.236       2.156       2.078       2.000    
  48    2.000       2.068       2.137       2.207       2.280       2.356       2.435       2.519       2.607       2.701    
        2.801       2.907       3.019       3.138       3.264       3.396       3.535       3.679       3.830       3.986    
        4.147       4.312       4.480       4.651       4.824       4.998       4.824       4.652       4.481       4.313    
        4.148       3.986       3.830       3.679       3.533       3.393       3.260       3.132       3.011       2.897    
        2.788       2.684       2.586       2.493       2.404       2.319       2.236       2.156       2.078       2.000    
  49    2.000       2.068       2.137       2.207       2.280       2.356       2.435       2.519       2.607       2.701    
        2.801       2.907       3.019       3.138       3.264       3.396       3.535       3.679       3.830       3.986    
        4.147       4.312       4.480       4.651       4.824       4.998       4.824       4.652       4.481       4.313    
        4.148       3.986       3.830       3.679       3.533       3.393       3.260       3.132       3.011       2.897    
        2.788       2.684       2.586       2.493       2.404       2.319       2.236       2.156       2.078       2.000    
  50    2.000       2.068       2.137       2.207       2.280       2.356       2.435       2.519       2.607       2.701    
        2.801       2.907       3.019       3.138       3.264       3.396       3.535       3.679       3.830       3.986    
        4.147       4.312       4.480       4.651       4.824       4.998       4.824       4.652       4.481       4.313    
        4.148       3.986       3.830       3.679       3.533       3.393       3.260       3.132       3.011       2.897    
        2.788       2.684       2.586       2.493       2.404       2.319       2.236       2.156       2.078       2.000    

 HEAD WILL BE SAVED ON UNIT   51 AT END OF TIME STEP   10, STRESS PERIOD    2

 DRAWDOWN WILL BE SAVED ON UNIT   52 AT END OF TIME STEP   10, STRESS PERIOD    2
1
  VOLUMETRIC BUDGET FOR ENTIRE MODEL AT END OF TIME STEP   10, STRESS PERIOD   2
  ------------------------------------------------------------------------------

     CUMULATIVE VOLUMES      L**3       RATES FOR THIS TIME STEP      L**3/T
     ------------------                 ------------------------

           IN:                                      IN:
           ---                                      ---
             STORAGE =           0.0000               STORAGE =           0.0000
       CONSTANT HEAD =         447.1242         CONSTANT HEAD =           0.0000
       RIVER LEAKAGE =        8975.5117         RIVER LEAKAGE =         867.8779

            TOTAL IN =        9422.6357              TOTAL IN =         867.8779

          OUT:                                     OUT:
          ----                                     ----
             STORAGE =        8565.0645               STORAGE =         503.2484
       CONSTANT HEAD =         653.5248         CONSTANT HEAD =         364.6995
       RIVER LEAKAGE =         204.0625         RIVER LEAKAGE =           0.0000

           TOTAL OUT =        9422.6514             TOTAL OUT =         867.9479

            IN - OUT =      -1.5625E-02              IN - OUT =      -7.0007E-02

 PERCENT DISCREPANCY =          -0.00     PERCENT DISCREPANCY =          -0.01






         TIME SUMMARY AT END OF TIME STEP   10 IN STRESS PERIOD    2
                    SECONDS     MINUTES      HOURS       DAYS        YEARS
                    -----------------------------------------------------------
   TIME STEP LENGTH  43200.      720.00      12.000     0.50000     1.36893E-03
 STRESS PERIOD TIME 4.32000E+05  7200.0      120.00      5.0000     1.36893E-02
         TOTAL TIME 5.18400E+05  8640.0      144.00      6.0000     1.64271E-02
1
1
                            STRESS PERIOD NO.    3, LENGTH =   5.000000    
                            -----------------------------------------------

                              NUMBER OF TIME STEPS =    10

                               MULTIPLIER FOR DELT =     1.000

                            INITIAL TIME STEP SIZE =  0.5000000    

 REACH NO.  LAYER   ROW   COL     STAGE      CONDUCTANCE     BOTTOM EL.         
 -------------------------------------------------------------------------------
      1      1      1     26       1.000           8000.           0.000    
      2      1      2     26       1.000           8000.           0.000    
      3      1      3     26       1.000           8000.           0.000    
      4      1      4     26       1.000           8000.           0.000    
      5      1      5     26       1.000           8000.           0.000    
      6      1      6     26       1.000           8000.           0.000    
      7      1      7     26       1.000           8000.           0.000    
      8      1      8     26       1.000           8000.           0.000    
      9      1      9     26       1.000           8000.           0.000    
     10      1     10     26       1.000           8000.           0.000    
     11      1     11     26       1.000           8000.           0.000    
     12      1     12     26       1.000           8000.           0.000    
     13      1     13     26       1.000           8000.           0.000    
     14      1     14     26       1.000           8000.           0.000    
     15      1     15     26       1.000           8000.           0.000    
     16      1     16     26       1.000           8000.           0.000    
     17      1     17     26       1.000           8000.           0.000    
     18      1     18     26       1.000           8000.           0.000    
     19      1     19     26       1.000           8000.           0.000    
     20      1     20     26       1.000           8000.           0.000    
     21      1     21     26       1.000           8000.           0.000    
     22      1     22     26       1.000           8000.           0.000    
     23      1     23     26       1.000           8000.           0.000    
     24      1     24     26       1.000           8000.           0.000    
     25      1     25     26       1.000           8000.           0.000    
     26      1     26     26       1.000           8000.           0.000    
     27      1     27     26       1.000           8000.           0.000    
     28      1     28     26       1.000           8000.           0.000    
     29      1     29     26       1.000           8000.           0.000    
     30      1     30     26       1.000           8000.           0.000    
     31      1     31     26       1.000           8000.           0.000    
     32      1     32     26       1.000           8000.           0.000    
     33      1     33     26       1.000           8000.           0.000    
     34      1     34     26       1.000           8000.           0.000    
     35      1     35     26       1.000           8000.           0.000    
     36      1     36     26       1.000           8000.           0.000    
     37      1     37     26       1.000           8000.           0.000    
     38      1     38     26       1.000           8000.           0.000    
     39      1     39     26       1.000           8000.           0.000    
     40      1     40     26       1.000           8000.           0.000    
     41      1     41     26       1.000           8000.           0.000    
     42      1     42     26       1.000           8000.           0.000    
     43      1     43     26       1.000           8000.           0.000    
     44      1     44     26       1.000           8000.           0.000    
     45      1     45     26       1.000           8000.           0.000    
     46      1     46     26       1.000           8000.           0.000    
     47      1     47     26       1.000           8000.           0.000    
     48      1     48     26       1.000           8000.           0.000    
     49      1     49     26       1.000           8000.           0.000    
     50      1     50     26       1.000           8000.           0.000    

     50 RIVER REACHES

 REUSING NON-PARAMETER SPECIFIED-HEAD DATA FROM LAST STRESS PERIOD


    100 TIME-VARIANT SPECIFIED-HEAD CELLS
 
 SOLVING FOR HEAD 

 OUTPUT CONTROL FOR STRESS PERIOD    3   TIME STEP    1
    SAVE HEAD FOR ALL LAYERS
    SAVE DRAWDOWN FOR ALL LAYERS
    SAVE BUDGET
    PRINT HEAD FOR ALL LAYERS
    PRINT BUDGET
 UBDSV1 SAVING "         STORAGE" ON UNIT  53 AT TIME STEP  1, STRESS PERIOD   3
 UBDSV2 SAVING "   CONSTANT HEAD" ON UNIT  53 AT TIME STEP  1, STRESS PERIOD   3
 UBDSV1 SAVING "FLOW RIGHT FACE " ON UNIT  53 AT TIME STEP  1, STRESS PERIOD   3
 UBDSV1 SAVING "FLOW FRONT FACE " ON UNIT  53 AT TIME STEP  1, STRESS PERIOD   3
 UBDSV4 SAVING "   RIVER LEAKAGE" ON UNIT  53 AT TIME STEP  1, STRESS PERIOD   3
1
              HEAD IN LAYER   1 AT END OF TIME STEP   1 IN STRESS PERIOD    3
  ---------------------------------------------------------------------------

            1           2           3           4           5           6           7           8           9          10
           11          12          13          14          15          16          17          18          19          20
           21          22          23          24          25          26          27          28          29          30
           31          32          33          34          35          36          37          38          39          40
           41          42          43          44          45          46          47          48          49          50
 ........................................................................................................................
   1    2.000       2.074       2.149       2.225       2.302       2.382       2.463       2.546       2.632       2.719    
        2.808       2.898       2.986       3.072       3.153       3.225       3.284       3.322       3.331       3.301    
        3.216       3.056       2.796       2.401       1.827       1.012       1.827       2.401       2.796       3.055    
        3.215       3.299       3.329       3.318       3.279       3.219       3.145       3.062       2.973       2.882    
        2.789       2.696       2.604       2.513       2.425       2.337       2.252       2.167       2.083       2.000    
   2    2.000       2.074       2.149       2.225       2.302       2.382       2.463       2.546       2.632       2.719    
        2.808       2.898       2.986       3.072       3.153       3.225       3.284       3.322       3.331       3.301    
        3.216       3.056       2.796       2.401       1.827       1.012       1.827       2.401       2.796       3.055    
        3.215       3.299       3.329       3.318       3.279       3.219       3.145       3.062       2.973       2.882    
        2.789       2.696       2.604       2.513       2.425       2.337       2.252       2.167       2.083       2.000    
   3    2.000       2.074       2.149       2.225       2.302       2.382       2.463       2.546       2.632       2.719    
        2.808       2.898       2.986       3.072       3.153       3.225       3.284       3.322       3.331       3.301    
        3.216       3.056       2.796       2.401       1.827       1.012       1.827       2.401       2.796       3.055    
        3.215       3.299       3.329       3.318       3.279       3.219       3.145       3.062       2.973       2.882    
        2.789       2.696       2.604       2.513       2.425       2.337       2.252       2.167       2.083       2.000    
   4    2.000       2.074       2.149       2.225       2.302       2.382       2.463       2.546       2.632       2.719    
        2.808       2.898       2.986       3.072       3.153       3.225       3.284       3.322       3.331       3.301    
        3.216       3.056       2.796       2.401       1.827       1.012       1.827       2.401       2.796       3.055    
        3.215       3.299       3.329       3.318       3.279       3.219       3.145       3.062       2.973       2.882    
        2.789       2.696       2.604       2.513       2.425       2.337       2.252       2.167       2.083       2.000    
   5    2.000       2.074       2.149       2.225       2.302       2.382       2.463       2.546       2.632       2.719    
        2.808       2.898       2.986       3.072       3.153       3.225       3.284       3.322       3.331       3.301    
        3.216       3.056       2.796       2.401       1.827       1.012       1.827       2.401       2.796       3.055    
        3.215       3.299       3.329       3.318       3.279       3.219       3.145       3.062       2.973       2.882    
        2.789       2.696       2.604       2.513       2.425       2.337       2.252       2.167       2.083       2.000    
   6    2.000       2.074       2.149       2.225       2.302       2.382       2.463       2.546       2.632       2.719    
        2.808       2.898       2.986       3.072       3.153       3.225       3.284       3.322       3.331       3.301    
        3.216       3.056       2.796       2.401       1.827       1.012       1.827       2.401       2.796       3.055    
        3.215       3.299       3.329       3.318       3.279       3.219       3.145       3.062       2.973       2.882    
        2.789       2.696       2.604       2.513       2.425       2.337       2.252       2.167       2.083       2.000    
   7    2.000       2.074       2.149       2.225       2.302       2.382       2.463       2.546       2.632       2.719    
        2.808       2.898       2.986       3.072       3.153       3.225       3.284       3.322       3.331       3.301    
        3.216       3.056       2.796       2.401       1.827       1.012       1.827       2.401       2.796       3.055    
        3.215       3.299       3.329       3.318       3.279       3.219       3.145       3.062       2.973       2.882    
        2.789       2.696       2.604       2.513       2.425       2.337       2.252       2.167       2.083       2.000    
   8    2.000       2.074       2.149       2.225       2.302       2.382       2.463       2.546       2.632       2.719    
        2.808       2.898       2.986       3.072       3.153       3.225       3.284       3.322       3.331       3.301    
        3.216       3.056       2.796       2.401       1.827       1.012       1.827       2.401       2.796       3.055    
        3.215       3.299       3.329       3.318       3.279       3.219       3.145       3.062       2.973       2.882    
        2.789       2.696       2.604       2.513       2.425       2.337       2.252       2.167       2.083       2.000    
   9    2.000       2.074       2.149       2.225       2.302       2.382       2.463       2.546       2.632       2.719    
        2.808       2.898       2.986       3.072       3.153       3.225       3.284       3.322       3.331       3.301    
        3.216       3.056       2.796       2.401       1.827       1.012       1.827       2.401       2.796       3.055    
        3.215       3.299       3.329       3.318       3.279       3.219       3.145       3.062       2.973       2.882    
        2.789       2.696       2.604       2.513       2.425       2.337       2.252       2.167       2.083       2.000    
  10    2.000       2.074       2.149       2.225       2.302       2.382       2.463       2.546       2.632       2.719    
        2.808       2.898       2.986       3.072       3.153       3.225       3.284       3.322       3.331       3.301    
        3.216       3.056       2.796       2.401       1.827       1.012       1.827       2.401       2.796       3.055    
        3.215       3.299       3.329       3.318       3.279       3.219       3.145       3.062       2.973       2.882    
        2.789       2.696       2.604       2.513       2.425       2.337       2.252       2.167       2.083       2.000    
  11    2.000       2.074       2.149       2.225       2.302       2.382       2.463       2.546       2.632       2.719    
        2.808       2.898       2.986       3.072       3.153       3.225       3.284       3.322       3.331       3.301    
        3.216       3.056       2.796       2.401       1.827       1.012       1.827       2.401       2.796       3.055    
        3.215       3.299       3.329       3.318       3.279       3.219       3.145       3.062       2.973       2.882    
        2.789       2.696       2.604       2.513       2.425       2.337       2.252       2.167       2.083       2.000    
  12    2.000       2.074       2.149       2.225       2.302       2.382       2.463       2.546       2.632       2.719    
        2.808       2.898       2.986       3.072       3.153       3.225       3.284       3.322       3.331       3.301    
        3.216       3.056       2.796       2.401       1.827       1.012       1.827       2.401       2.796       3.055    
        3.215       3.299       3.329       3.318       3.279       3.219       3.145       3.062       2.973       2.882    
        2.789       2.696       2.604       2.513       2.425       2.337       2.252       2.167       2.083       2.000    
  13    2.000       2.074       2.149       2.225       2.302       2.382       2.463       2.546       2.632       2.719    
        2.808       2.898       2.986       3.072       3.153       3.225       3.284       3.322       3.331       3.301    
        3.216       3.056       2.796       2.401       1.827       1.012       1.827       2.401       2.796       3.055    
        3.215       3.299       3.329       3.318       3.279       3.219       3.145       3.062       2.973       2.882    
        2.789       2.696       2.604       2.513       2.425       2.337       2.252       2.167       2.083       2.000    
  14    2.000       2.074       2.149       2.225       2.302       2.382       2.463       2.546       2.632       2.719    
        2.808       2.898       2.986       3.072       3.153       3.225       3.284       3.322       3.331       3.301    
        3.216       3.056       2.796       2.401       1.827       1.012       1.827       2.401       2.796       3.055    
        3.215       3.299       3.329       3.318       3.279       3.219       3.145       3.062       2.973       2.882    
        2.789       2.696       2.604       2.513       2.425       2.337       2.252       2.167       2.083       2.000    
  15    2.000       2.074       2.149       2.225       2.302       2.382       2.463       2.546       2.632       2.719    
        2.808       2.898       2.986       3.072       3.153       3.225       3.284       3.322       3.331       3.301    
        3.216       3.056       2.796       2.401       1.827       1.012       1.827       2.401       2.796       3.055    
        3.215       3.299       3.329       3.318       3.279       3.219       3.145       3.062       2.973       2.882    
        2.789       2.696       2.604       2.513       2.425       2.337       2.252       2.167       2.083       2.000    
  16    2.000       2.074       2.149       2.225       2.302       2.382       2.463       2.546       2.632       2.719    
        2.808       2.898       2.986       3.072       3.153       3.225       3.284       3.322       3.331       3.301    
        3.216       3.056       2.796       2.401       1.827       1.012       1.827       2.401       2.796       3.055    
        3.215       3.299       3.329       3.318       3.279       3.219       3.145       3.062       2.973       2.882    
        2.789       2.696       2.604       2.513       2.425       2.337       2.252       2.167       2.083       2.000    
  17    2.000       2.074       2.149       2.225       2.302       2.382       2.463       2.546       2.632       2.719    
        2.808       2.898       2.986       3.072       3.153       3.225       3.284       3.322       3.331       3.301    
        3.216       3.056       2.796       2.401       1.827       1.012       1.827       2.401       2.796       3.055    
        3.215       3.299       3.329       3.318       3.279       3.219       3.145       3.062       2.973       2.882    
        2.789       2.696       2.604       2.513       2.425       2.337       2.252       2.167       2.083       2.000    
  18    2.000       2.074       2.149       2.225       2.302       2.382       2.463       2.546       2.632       2.719    
        2.808       2.898       2.986       3.072       3.153       3.225       3.284       3.322       3.331       3.301    
        3.216       3.056       2.796       2.401       1.827       1.012       1.827       2.401       2.796       3.055    
        3.215       3.299       3.329       3.318       3.279       3.219       3.145       3.062       2.973       2.882    
        2.789       2.696       2.604       2.513       2.425       2.337       2.252       2.167       2.083       2.000    
  19    2.000       2.074       2.149       2.225       2.302       2.382       2.463       2.546       2.632       2.719    
        2.808       2.898       2.986       3.072       3.153       3.225       3.284       3.322       3.331       3.301    
        3.216       3.056       2.796       2.401       1.827       1.012       1.827       2.401       2.796       3.055    
        3.215       3.299       3.329       3.318       3.279       3.219       3.145       3.062       2.973       2.882    
        2.789       2.696       2.604       2.513       2.425       2.337       2.252       2.167       2.083       2.000    
  20    2.000       2.074       2.149       2.225       2.302       2.382       2.463       2.546       2.632       2.719    
        2.808       2.898       2.986       3.072       3.153       3.225       3.284       3.322       3.331       3.301    
        3.216       3.056       2.796       2.401       1.827       1.012       1.827       2.401       2.796       3.055    
        3.215       3.299       3.329       3.318       3.279       3.219       3.145       3.062       2.973       2.882    
        2.789       2.696       2.604       2.513       2.425       2.337       2.252       2.167       2.083       2.000    
  21    2.000       2.074       2.149       2.225       2.302       2.382       2.463       2.546       2.632       2.719    
        2.808       2.898       2.986       3.072       3.153       3.225       3.284       3.322       3.331       3.301    
        3.216       3.056       2.796       2.401       1.827       1.012       1.827       2.401       2.796       3.055    
        3.215       3.299       3.329       3.318       3.279       3.219       3.145       3.062       2.973       2.882    
        2.789       2.696       2.604       2.513       2.425       2.337       2.252       2.167       2.083       2.000    
  22    2.000       2.074       2.149       2.225       2.302       2.382       2.463       2.546       2.632       2.719    
        2.808       2.898       2.986       3.072       3.153       3.225       3.284       3.322       3.331       3.301    
        3.216       3.056       2.796       2.401       1.827       1.012       1.827       2.401       2.796       3.055    
        3.215       3.299       3.329       3.318       3.279       3.219       3.145       3.062       2.973       2.882    
        2.789       2.696       2.604       2.513       2.425       2.337       2.252       2.167       2.083       2.000    
  23    2.000       2.074       2.149       2.225       2.302       2.382       2.463       2.546       2.632       2.719    
        2.808       2.898       2.986       3.072       3.153       3.225       3.284       3.322       3.331       3.301    
        3.216       3.056       2.796       2.401       1.827       1.012       1.827       2.401       2.796       3.055    
        3.215       3.299       3.329       3.318       3.279       3.219       3.145       3.062       2.973       2.882    
        2.789       2.696       2.604       2.513       2.425       2.337       2.252       2.167       2.083       2.000    
  24    2.000       2.074       2.149       2.225       2.302       2.382       2.463       2.546       2.632       2.719    
        2.808       2.898       2.986       3.072       3.153       3.225       3.284       3.322       3.331       3.301    
        3.216       3.056       2.796       2.401       1.827       1.012       1.827       2.401       2.796       3.055    
        3.215       3.299       3.329       3.318       3.279       3.219       3.145       3.062       2.973       2.882    
        2.789       2.696       2.604       2.513       2.425       2.337       2.252       2.167       2.083       2.000    
  25    2.000       2.074       2.149       2.225       2.302       2.382       2.463       2.546       2.632       2.719    
        2.808       2.898       2.986       3.072       3.153       3.225       3.284       3.322       3.331       3.301    
        3.216       3.056       2.796       2.401       1.827       1.012       1.827       2.401       2.796       3.055    
        3.215       3.299       3.329       3.318       3.279       3.219       3.145       3.062       2.973       2.882    
        2.789       2.696       2.604       2.513       2.425       2.337       2.252       2.167       2.083       2.000    
  26    2.000       2.074       2.149       2.225       2.302       2.382       2.463       2.546       2.632       2.719    
        2.808       2.898       2.986       3.072       3.153       3.225       3.284       3.322       3.331       3.301    
        3.216       3.056       2.796       2.401       1.827       1.012       1.827       2.401       2.796       3.055    
        3.215       3.299       3.329       3.318       3.279       3.219       3.145       3.062       2.973       2.882    
        2.789       2.696       2.604       2.513       2.425       2.337       2.252       2.167       2.083       2.000    
  27    2.000       2.074       2.149       2.225       2.302       2.382       2.463       2.546       2.632       2.719    
        2.808       2.898       2.986       3.072       3.153       3.225       3.284       3.322       3.331       3.301    
        3.216       3.056       2.796       2.401       1.827       1.012       1.827       2.401       2.796       3.055    
        3.215       3.299       3.329       3.318       3.279       3.219       3.145       3.062       2.973       2.882    
        2.789       2.696       2.604       2.513       2.425       2.337       2.252       2.167       2.083       2.000    
  28    2.000       2.074       2.149       2.225       2.302       2.382       2.463       2.546       2.632       2.719    
        2.808       2.898       2.986       3.072       3.153       3.225       3.284       3.322       3.331       3.301    
        3.216       3.056       2.796       2.401       1.827       1.012       1.827       2.401       2.796       3.055    
        3.215       3.299       3.329       3.318       3.279       3.219       3.145       3.062       2.973       2.882    
        2.789       2.696       2.604       2.513       2.425       2.337       2.252       2.167       2.083       2.000    
  29    2.000       2.074       2.149       2.225       2.302       2.382       2.463       2.546       2.632       2.719    
        2.808       2.898       2.986       3.072       3.153       3.225       3.284       3.322       3.331       3.301    
        3.216       3.056       2.796       2.401       1.827       1.012       1.827       2.401       2.796       3.055    
        3.215       3.299       3.329       3.318       3.279       3.219       3.145       3.062       2.973       2.882    
        2.789       2.696       2.604       2.513       2.425       2.337       2.252       2.167       2.083       2.000    
  30    2.000       2.074       2.149       2.225       2.302       2.382       2.463       2.546       2.632       2.719    
        2.808       2.898       2.986       3.072       3.153       3.225       3.284       3.322       3.331       3.301    
        3.216       3.056       2.796       2.401       1.827       1.012       1.827       2.401       2.796       3.055    
        3.215       3.299       3.329       3.318       3.279       3.219       3.145       3.062       2.973       2.882    
        2.789       2.696       2.604       2.513       2.425       2.337       2.252       2.167       2.083       2.000    
  31    2.000       2.074       2.149       2.225       2.302       2.382       2.463       2.546       2.632       2.719    
        2.808       2.898       2.986       3.072       3.153       3.225       3.284       3.322       3.331       3.301    
        3.216       3.056       2.796       2.401       1.827       1.012       1.827       2.401       2.796       3.055    
        3.215       3.299       3.329       3.318       3.279       3.219       3.145       3.062       2.973       2.882    
        2.789       2.696       2.604       2.513       2.425       2.337       2.252       2.167       2.083       2.000    
  32    2.000       2.074       2.149       2.225       2.302       2.382       2.463       2.546       2.632       2.719    
        2.808       2.898       2.986       3.072       3.153       3.225       3.284       3.322       3.331       3.301    
        3.216       3.056       2.796       2.401       1.827       1.012       1.827       2.401       2.796       3.055    
        3.215       3.299       3.329       3.318       3.279       3.219       3.145       3.062       2.973       2.882    
        2.789       2.696       2.604       2.513       2.425       2.337       2.252       2.167       2.083       2.000    
  33    2.000       2.074       2.149       2.225       2.302       2.382       2.463       2.546       2.632       2.719    
        2.808       2.898       2.986       3.072       3.153       3.225       3.284       3.322       3.331       3.301    
        3.216       3.056       2.796       2.401       1.827       1.012       1.827       2.401       2.796       3.055    
        3.215       3.299       3.329       3.318       3.279       3.219       3.145       3.062       2.973       2.882    
        2.789       2.696       2.604       2.513       2.425       2.337       2.252       2.167       2.083       2.000    
  34    2.000       2.074       2.149       2.225       2.302       2.382       2.463       2.546       2.632       2.719    
        2.808       2.898       2.986       3.072       3.153       3.225       3.284       3.322       3.331       3.301    
        3.216       3.056       2.796       2.401       1.827       1.012       1.827       2.401       2.796       3.055    
        3.215       3.299       3.329       3.318       3.279       3.219       3.145       3.062       2.973       2.882    
        2.789       2.696       2.604       2.513       2.425       2.337       2.252       2.167       2.083       2.000    
  35    2.000       2.074       2.149       2.225       2.302       2.382       2.463       2.546       2.632       2.719    
        2.808       2.898       2.986       3.072       3.153       3.225       3.284       3.322       3.331       3.301    
        3.216       3.056       2.796       2.401       1.827       1.012       1.827       2.401       2.796       3.055    
        3.215       3.299       3.329       3.318       3.279       3.219       3.145       3.062       2.973       2.882    
        2.789       2.696       2.604       2.513       2.425       2.337       2.252       2.167       2.083       2.000    
  36    2.000       2.074       2.149       2.225       2.302       2.382       2.463       2.546       2.632       2.719    
        2.808       2.898       2.986       3.072       3.153       3.225       3.284       3.322       3.331       3.301    
        3.216       3.056       2.796       2.401       1.827       1.012       1.827       2.401       2.796       3.055    
        3.215       3.299       3.329       3.318       3.279       3.219       3.145       3.062       2.973       2.882    
        2.789       2.696       2.604       2.513       2.425       2.337       2.252       2.167       2.083       2.000    
  37    2.000       2.074       2.149       2.225       2.302       2.382       2.463       2.546       2.632       2.719    
        2.808       2.898       2.986       3.072       3.153       3.225       3.284       3.322       3.331       3.301    
        3.216       3.056       2.796       2.401       1.827       1.012       1.827       2.401       2.796       3.055    
        3.215       3.299       3.329       3.318       3.279       3.219       3.145       3.062       2.973       2.882    
        2.789       2.696       2.604       2.513       2.425       2.337       2.252       2.167       2.083       2.000    
  38    2.000       2.074       2.149       2.225       2.302       2.382       2.463       2.546       2.632       2.719    
        2.808       2.898       2.986       3.072       3.153       3.225       3.284       3.322       3.331       3.301    
        3.216       3.056       2.796       2.401       1.827       1.012       1.827       2.401       2.796       3.055    
        3.215       3.299       3.329       3.318       3.279       3.219       3.145       3.062       2.973       2.882    
        2.789       2.696       2.604       2.513       2.425       2.337       2.252       2.167       2.083       2.000    
  39    2.000       2.074       2.149       2.225       2.302       2.382       2.463       2.546       2.632       2.719    
        2.808       2.898       2.986       3.072       3.153       3.225       3.284       3.322       3.331       3.301    
        3.216       3.056       2.796       2.401       1.827       1.012       1.827       2.401       2.796       3.055    
        3.215       3.299       3.329       3.318       3.279       3.219       3.145       3.062       2.973       2.882    
        2.789       2.696       2.604       2.513       2.425       2.337       2.252       2.167       2.083       2.000    
  40    2.000       2.074       2.149       2.225       2.302       2.382       2.463       2.546       2.632       2.719    
        2.808       2.898       2.986       3.072       3.153       3.225       3.284       3.322       3.331       3.301    
        3.216       3.056       2.796       2.401       1.827       1.012       1.827       2.401       2.796       3.055    
        3.215       3.299       3.329       3.318       3.279       3.219       3.145       3.062       2.973       2.882    
        2.789       2.696       2.604       2.513       2.425       2.337       2.252       2.167       2.083       2.000    
  41    2.000       2.074       2.149       2.225       2.302       2.382       2.463       2.546       2.632       2.719    
        2.808       2.898       2.986       3.072       3.153       3.225       3.284       3.322       3.331       3.301    
        3.216       3.056       2.796       2.401       1.827       1.012       1.827       2.401       2.796       3.055    
        3.215       3.299       3.329       3.318       3.279       3.219       3.145       3.062       2.973       2.882    
        2.789       2.696       2.604       2.513       2.425       2.337       2.252       2.167       2.083       2.000    
  42    2.000       2.074       2.149       2.225       2.302       2.382       2.463       2.546       2.632       2.719    
        2.808       2.898       2.986       3.072       3.153       3.225       3.284       3.322       3.331       3.301    
        3.216       3.056       2.796       2.401       1.827       1.012       1.827       2.401       2.796       3.055    
        3.215       3.299       3.329       3.318       3.279       3.219       3.145       3.062       2.973       2.882    
        2.789       2.696       2.604       2.513       2.425       2.337       2.252       2.167       2.083       2.000    
  43    2.000       2.074       2.149       2.225       2.302       2.382       2.463       2.546       2.632       2.719    
        2.808       2.898       2.986       3.072       3.153       3.225       3.284       3.322       3.331       3.301    
        3.216       3.056       2.796       2.401       1.827       1.012       1.827       2.401       2.796       3.055    
        3.215       3.299       3.329       3.318       3.279       3.219       3.145       3.062       2.973       2.882    
        2.789       2.696       2.604       2.513       2.425       2.337       2.252       2.167       2.083       2.000    
  44    2.000       2.074       2.149       2.225       2.302       2.382       2.463       2.546       2.632       2.719    
        2.808       2.898       2.986       3.072       3.153       3.225       3.284       3.322       3.331       3.301    
        3.216       3.056       2.796       2.401       1.827       1.012       1.827       2.401       2.796       3.055    
        3.215       3.299       3.329       3.318       3.279       3.219       3.145       3.062       2.973       2.882    
        2.789       2.696       2.604       2.513       2.425       2.337       2.252       2.167       2.083       2.000    
  45    2.000       2.074       2.149       2.225       2.302       2.382       2.463       2.546       2.632       2.719    
        2.808       2.898       2.986       3.072       3.153       3.225       3.284       3.322       3.331       3.301    
        3.216       3.056       2.796       2.401       1.827       1.012       1.827       2.401       2.796       3.055    
        3.215       3.299       3.329       3.318       3.279       3.219       3.145       3.062       2.973       2.882    
        2.789       2.696       2.604       2.513       2.425       2.337       2.252       2.167       2.083       2.000    
  46    2.000       2.074       2.149       2.225       2.302       2.382       2.463       2.546       2.632       2.719    
        2.808       2.898       2.986       3.072       3.153       3.225       3.284       3.322       3.331       3.301    
        3.216       3.056       2.796       2.401       1.827       1.012       1.827       2.401       2.796       3.055    
        3.215       3.299       3.329       3.318       3.279       3.219       3.145       3.062       2.973       2.882    
        2.789       2.696       2.604       2.513       2.425       2.337       2.252       2.167       2.083       2.000    
  47    2.000       2.074       2.149       2.225       2.302       2.382       2.463       2.546       2.632       2.719    
        2.808       2.898       2.986       3.072       3.153       3.225       3.284       3.322       3.331       3.301    
        3.216       3.056       2.796       2.401       1.827       1.012       1.827       2.401       2.796       3.055    
        3.215       3.299       3.329       3.318       3.279       3.219       3.145       3.062       2.973       2.882    
        2.789       2.696       2.604       2.513       2.425       2.337       2.252       2.167       2.083       2.000    
  48    2.000       2.074       2.149       2.225       2.302       2.382       2.463       2.546       2.632       2.719    
        2.808       2.898       2.986       3.072       3.153       3.225       3.284       3.322       3.331       3.301    
        3.216       3.056       2.796       2.401       1.827       1.012       1.827       2.401       2.796       3.055    
        3.215       3.299       3.329       3.318       3.279       3.219       3.145       3.062       2.973       2.882    
        2.789       2.696       2.604       2.513       2.425       2.337       2.252       2.167       2.083       2.000    
  49    2.000       2.074       2.149       2.225       2.302       2.382       2.463       2.546       2.632       2.719    
        2.808       2.898       2.986       3.072       3.153       3.225       3.284       3.322       3.331       3.301    
        3.216       3.056       2.796       2.401       1.827       1.012       1.827       2.401       2.796       3.055    
        3.215       3.299       3.329       3.318       3.279       3.219       3.145       3.062       2.973       2.882    
        2.789       2.696       2.604       2.513       2.425       2.337       2.252       2.167       2.083       2.000    
  50    2.000       2.074       2.149       2.225       2.302       2.382       2.463       2.546       2.632       2.719    
        2.808       2.898       2.986       3.072       3.153       3.225       3.284       3.322       3.331       3.301    
        3.216       3.056       2.796       2.401       1.827       1.012       1.827       2.401       2.796       3.055    
        3.215       3.299       3.329       3.318       3.279       3.219       3.145       3.062       2.973       2.882    
        2.789       2.696       2.604       2.513       2.425       2.337       2.252       2.167       2.083       2.000    

 HEAD WILL BE SAVED ON UNIT   51 AT END OF TIME STEP    1, STRESS PERIOD    3

 DRAWDOWN WILL BE SAVED ON UNIT   52 AT END OF TIME STEP    1, STRESS PERIOD    3
1
  VOLUMETRIC BUDGET FOR ENTIRE MODEL AT END OF TIME STEP    1, STRESS PERIOD   3
  ------------------------------------------------------------------------------

     CUMULATIVE VOLUMES      L**3       RATES FOR THIS TIME STEP      L**3/T
     ------------------                 ------------------------

           IN:                                      IN:
           ---                                      ---
             STORAGE =        2662.7615               STORAGE =        5325.5229
       CONSTANT HEAD =         447.1242         CONSTANT HEAD =           0.0000
       RIVER LEAKAGE =        8975.5117         RIVER LEAKAGE =           0.0000

            TOTAL IN =       12085.3975              TOTAL IN =        5325.5229

          OUT:                                     OUT:
          ----                                     ----
             STORAGE =        8595.9902               STORAGE =          61.8521
       CONSTANT HEAD =         850.5931         CONSTANT HEAD =         394.1364
       RIVER LEAKAGE =        2638.8267         RIVER LEAKAGE =        4869.5283

           TOTAL OUT =       12085.4102             TOTAL OUT =        5325.5171

            IN - OUT =      -1.2695E-02              IN - OUT =       5.8594E-03

 PERCENT DISCREPANCY =          -0.00     PERCENT DISCREPANCY =           0.00






         TIME SUMMARY AT END OF TIME STEP    1 IN STRESS PERIOD    3
                    SECONDS     MINUTES      HOURS       DAYS        YEARS
                    -----------------------------------------------------------
   TIME STEP LENGTH  43200.      720.00      12.000     0.50000     1.36893E-03
 STRESS PERIOD TIME  43200.      720.00      12.000     0.50000     1.36893E-03
         TOTAL TIME 5.61600E+05  9360.0      156.00      6.5000     1.77960E-02
1
 
 SOLVING FOR HEAD 

 OUTPUT CONTROL FOR STRESS PERIOD    3   TIME STEP    2
    SAVE HEAD FOR ALL LAYERS
    SAVE DRAWDOWN FOR ALL LAYERS
    SAVE BUDGET
    PRINT HEAD FOR ALL LAYERS
    PRINT BUDGET
 UBDSV1 SAVING "         STORAGE" ON UNIT  53 AT TIME STEP  2, STRESS PERIOD   3
 UBDSV2 SAVING "   CONSTANT HEAD" ON UNIT  53 AT TIME STEP  2, STRESS PERIOD   3
 UBDSV1 SAVING "FLOW RIGHT FACE " ON UNIT  53 AT TIME STEP  2, STRESS PERIOD   3
 UBDSV1 SAVING "FLOW FRONT FACE " ON UNIT  53 AT TIME STEP  2, STRESS PERIOD   3
 UBDSV4 SAVING "   RIVER LEAKAGE" ON UNIT  53 AT TIME STEP  2, STRESS PERIOD   3
1
              HEAD IN LAYER   1 AT END OF TIME STEP   2 IN STRESS PERIOD    3
  ---------------------------------------------------------------------------

            1           2           3           4           5           6           7           8           9          10
           11          12          13          14          15          16          17          18          19          20
           21          22          23          24          25          26          27          28          29          30
           31          32          33          34          35          36          37          38          39          40
           41          42          43          44          45          46          47          48          49          50
 ........................................................................................................................
   1    2.000       2.075       2.151       2.227       2.303       2.379       2.454       2.529       2.603       2.674    
        2.741       2.804       2.859       2.903       2.934       2.948       2.939       2.903       2.833       2.723    
        2.568       2.360       2.097       1.777       1.408       1.005       1.407       1.776       2.095       2.358    
        2.564       2.719       2.828       2.896       2.931       2.937       2.922       2.888       2.841       2.783    
        2.717       2.645       2.569       2.491       2.411       2.329       2.247       2.165       2.083       2.000    
   2    2.000       2.075       2.151       2.227       2.303       2.379       2.454       2.529       2.603       2.674    
        2.741       2.804       2.859       2.903       2.934       2.948       2.939       2.903       2.833       2.723    
        2.568       2.360       2.097       1.777       1.408       1.005       1.407       1.776       2.095       2.358    
        2.564       2.719       2.828       2.896       2.931       2.937       2.922       2.888       2.841       2.783    
        2.717       2.645       2.569       2.491       2.411       2.329       2.247       2.165       2.083       2.000    
   3    2.000       2.075       2.151       2.227       2.303       2.379       2.454       2.529       2.603       2.674    
        2.741       2.804       2.859       2.903       2.934       2.948       2.939       2.903       2.833       2.723    
        2.568       2.360       2.097       1.777       1.408       1.005       1.407       1.776       2.095       2.358    
        2.564       2.719       2.828       2.896       2.931       2.937       2.922       2.888       2.841       2.783    
        2.717       2.645       2.569       2.491       2.411       2.329       2.247       2.165       2.083       2.000    
   4    2.000       2.075       2.151       2.227       2.303       2.379       2.454       2.529       2.603       2.674    
        2.741       2.804       2.859       2.903       2.934       2.948       2.939       2.903       2.833       2.723    
        2.568       2.360       2.097       1.777       1.408       1.005       1.407       1.776       2.095       2.358    
        2.564       2.719       2.828       2.896       2.931       2.937       2.922       2.888       2.841       2.783    
        2.717       2.645       2.569       2.491       2.411       2.329       2.247       2.165       2.083       2.000    
   5    2.000       2.075       2.151       2.227       2.303       2.379       2.454       2.529       2.603       2.674    
        2.741       2.804       2.859       2.903       2.934       2.948       2.939       2.903       2.833       2.723    
        2.568       2.360       2.097       1.777       1.408       1.005       1.407       1.776       2.095       2.358    
        2.564       2.719       2.828       2.896       2.931       2.937       2.922       2.888       2.841       2.783    
        2.717       2.645       2.569       2.491       2.411       2.329       2.247       2.165       2.083       2.000    
   6    2.000       2.075       2.151       2.227       2.303       2.379       2.454       2.529       2.603       2.674    
        2.741       2.804       2.859       2.903       2.934       2.948       2.939       2.903       2.833       2.723    
        2.568       2.360       2.097       1.777       1.408       1.005       1.407       1.776       2.095       2.358    
        2.564       2.719       2.828       2.896       2.931       2.937       2.922       2.888       2.841       2.783    
        2.717       2.645       2.569       2.491       2.411       2.329       2.247       2.165       2.083       2.000    
   7    2.000       2.075       2.151       2.227       2.303       2.379       2.454       2.529       2.603       2.674    
        2.741       2.804       2.859       2.903       2.934       2.948       2.939       2.903       2.833       2.723    
        2.568       2.360       2.097       1.777       1.408       1.005       1.407       1.776       2.095       2.358    
        2.564       2.719       2.828       2.896       2.931       2.937       2.922       2.888       2.841       2.783    
        2.717       2.645       2.569       2.491       2.411       2.329       2.247       2.165       2.083       2.000    
   8    2.000       2.075       2.151       2.227       2.303       2.379       2.454       2.529       2.603       2.674    
        2.741       2.804       2.859       2.903       2.934       2.948       2.939       2.903       2.833       2.723    
        2.568       2.360       2.097       1.777       1.408       1.005       1.407       1.776       2.095       2.358    
        2.564       2.719       2.828       2.896       2.931       2.937       2.922       2.888       2.841       2.783    
        2.717       2.645       2.569       2.491       2.411       2.329       2.247       2.165       2.083       2.000    
   9    2.000       2.075       2.151       2.227       2.303       2.379       2.454       2.529       2.603       2.674    
        2.741       2.804       2.859       2.903       2.934       2.948       2.939       2.903       2.833       2.723    
        2.568       2.360       2.097       1.777       1.408       1.005       1.407       1.776       2.095       2.358    
        2.564       2.719       2.828       2.896       2.931       2.937       2.922       2.888       2.841       2.783    
        2.717       2.645       2.569       2.491       2.411       2.329       2.247       2.165       2.083       2.000    
  10    2.000       2.075       2.151       2.227       2.303       2.379       2.454       2.529       2.603       2.674    
        2.741       2.804       2.859       2.903       2.934       2.948       2.939       2.903       2.833       2.723    
        2.568       2.360       2.097       1.777       1.408       1.005       1.407       1.776       2.095       2.358    
        2.564       2.719       2.828       2.896       2.931       2.937       2.922       2.888       2.841       2.783    
        2.717       2.645       2.569       2.491       2.411       2.329       2.247       2.165       2.083       2.000    
  11    2.000       2.075       2.151       2.227       2.303       2.379       2.454       2.529       2.603       2.674    
        2.741       2.804       2.859       2.903       2.934       2.948       2.939       2.903       2.833       2.723    
        2.568       2.360       2.097       1.777       1.408       1.005       1.407       1.776       2.095       2.358    
        2.564       2.719       2.828       2.896       2.931       2.937       2.922       2.888       2.841       2.783    
        2.717       2.645       2.569       2.491       2.411       2.329       2.247       2.165       2.083       2.000    
  12    2.000       2.075       2.151       2.227       2.303       2.379       2.454       2.529       2.603       2.674    
        2.741       2.804       2.859       2.903       2.934       2.948       2.939       2.903       2.833       2.723    
        2.568       2.360       2.097       1.777       1.408       1.005       1.407       1.776       2.095       2.358    
        2.564       2.719       2.828       2.896       2.931       2.937       2.922       2.888       2.841       2.783    
        2.717       2.645       2.569       2.491       2.411       2.329       2.247       2.165       2.083       2.000    
  13    2.000       2.075       2.151       2.227       2.303       2.379       2.454       2.529       2.603       2.674    
        2.741       2.804       2.859       2.903       2.934       2.948       2.939       2.903       2.833       2.723    
        2.568       2.360       2.097       1.777       1.408       1.005       1.407       1.776       2.095       2.358    
        2.564       2.719       2.828       2.896       2.931       2.937       2.922       2.888       2.841       2.783    
        2.717       2.645       2.569       2.491       2.411       2.329       2.247       2.165       2.083       2.000    
  14    2.000       2.075       2.151       2.227       2.303       2.379       2.454       2.529       2.603       2.674    
        2.741       2.804       2.859       2.903       2.934       2.948       2.939       2.903       2.833       2.723    
        2.568       2.360       2.097       1.777       1.408       1.005       1.407       1.776       2.095       2.358    
        2.564       2.719       2.828       2.896       2.931       2.937       2.922       2.888       2.841       2.783    
        2.717       2.645       2.569       2.491       2.411       2.329       2.247       2.165       2.083       2.000    
  15    2.000       2.075       2.151       2.227       2.303       2.379       2.454       2.529       2.603       2.674    
        2.741       2.804       2.859       2.903       2.934       2.948       2.939       2.903       2.833       2.723    
        2.568       2.360       2.097       1.777       1.408       1.005       1.407       1.776       2.095       2.358    
        2.564       2.719       2.828       2.896       2.931       2.937       2.922       2.888       2.841       2.783    
        2.717       2.645       2.569       2.491       2.411       2.329       2.247       2.165       2.083       2.000    
  16    2.000       2.075       2.151       2.227       2.303       2.379       2.454       2.529       2.603       2.674    
        2.741       2.804       2.859       2.903       2.934       2.948       2.939       2.903       2.833       2.723    
        2.568       2.360       2.097       1.777       1.408       1.005       1.407       1.776       2.095       2.358    
        2.564       2.719       2.828       2.896       2.931       2.937       2.922       2.888       2.841       2.783    
        2.717       2.645       2.569       2.491       2.411       2.329       2.247       2.165       2.083       2.000    
  17    2.000       2.075       2.151       2.227       2.303       2.379       2.454       2.529       2.603       2.674    
        2.741       2.804       2.859       2.903       2.934       2.948       2.939       2.903       2.833       2.723    
        2.568       2.360       2.097       1.777       1.408       1.005       1.407       1.776       2.095       2.358    
        2.564       2.719       2.828       2.896       2.931       2.937       2.922       2.888       2.841       2.783    
        2.717       2.645       2.569       2.491       2.411       2.329       2.247       2.165       2.083       2.000    
  18    2.000       2.075       2.151       2.227       2.303       2.379       2.454       2.529       2.603       2.674    
        2.741       2.804       2.859       2.903       2.934       2.948       2.939       2.903       2.833       2.723    
        2.568       2.360       2.097       1.777       1.408       1.005       1.407       1.776       2.095       2.358    
        2.564       2.719       2.828       2.896       2.931       2.937       2.922       2.888       2.841       2.783    
        2.717       2.645       2.569       2.491       2.411       2.329       2.247       2.165       2.083       2.000    
  19    2.000       2.075       2.151       2.227       2.303       2.379       2.454       2.529       2.603       2.674    
        2.741       2.804       2.859       2.903       2.934       2.948       2.939       2.903       2.833       2.723    
        2.568       2.360       2.097       1.777       1.408       1.005       1.407       1.776       2.095       2.358    
        2.564       2.719       2.828       2.896       2.931       2.937       2.922       2.888       2.841       2.783    
        2.717       2.645       2.569       2.491       2.411       2.329       2.247       2.165       2.083       2.000    
  20    2.000       2.075       2.151       2.227       2.303       2.379       2.454       2.529       2.603       2.674    
        2.741       2.804       2.859       2.903       2.934       2.948       2.939       2.903       2.833       2.723    
        2.568       2.360       2.097       1.777       1.408       1.005       1.407       1.776       2.095       2.358    
        2.564       2.719       2.828       2.896       2.931       2.937       2.922       2.888       2.841       2.783    
        2.717       2.645       2.569       2.491       2.411       2.329       2.247       2.165       2.083       2.000    
  21    2.000       2.075       2.151       2.227       2.303       2.379       2.454       2.529       2.603       2.674    
        2.741       2.804       2.859       2.903       2.934       2.948       2.939       2.903       2.833       2.723    
        2.568       2.360       2.097       1.777       1.408       1.005       1.407       1.776       2.095       2.358    
        2.564       2.719       2.828       2.896       2.931       2.937       2.922       2.888       2.841       2.783    
        2.717       2.645       2.569       2.491       2.411       2.329       2.247       2.165       2.083       2.000    
  22    2.000       2.075       2.151       2.227       2.303       2.379       2.454       2.529       2.603       2.674    
        2.741       2.804       2.859       2.903       2.934       2.948       2.939       2.903       2.833       2.723    
        2.568       2.360       2.097       1.777       1.408       1.005       1.407       1.776       2.095       2.358    
        2.564       2.719       2.828       2.896       2.931       2.937       2.922       2.888       2.841       2.783    
        2.717       2.645       2.569       2.491       2.411       2.329       2.247       2.165       2.083       2.000    
  23    2.000       2.075       2.151       2.227       2.303       2.379       2.454       2.529       2.603       2.674    
        2.741       2.804       2.859       2.903       2.934       2.948       2.939       2.903       2.833       2.723    
        2.568       2.360       2.097       1.777       1.408       1.005       1.407       1.776       2.095       2.358    
        2.564       2.719       2.828       2.896       2.931       2.937       2.922       2.888       2.841       2.783    
        2.717       2.645       2.569       2.491       2.411       2.329       2.247       2.165       2.083       2.000    
  24    2.000       2.075       2.151       2.227       2.303       2.379       2.454       2.529       2.603       2.674    
        2.741       2.804       2.859       2.903       2.934       2.948       2.939       2.903       2.833       2.723    
        2.568       2.360       2.097       1.777       1.408       1.005       1.407       1.776       2.095       2.358    
        2.564       2.719       2.828       2.896       2.931       2.937       2.922       2.888       2.841       2.783    
        2.717       2.645       2.569       2.491       2.411       2.329       2.247       2.165       2.083       2.000    
  25    2.000       2.075       2.151       2.227       2.303       2.379       2.454       2.529       2.603       2.674    
        2.741       2.804       2.859       2.903       2.934       2.948       2.939       2.903       2.833       2.723    
        2.568       2.360       2.097       1.777       1.408       1.005       1.407       1.776       2.095       2.358    
        2.564       2.719       2.828       2.896       2.931       2.937       2.922       2.888       2.841       2.783    
        2.717       2.645       2.569       2.491       2.411       2.329       2.247       2.165       2.083       2.000    
  26    2.000       2.075       2.151       2.227       2.303       2.379       2.454       2.529       2.603       2.674    
        2.741       2.804       2.859       2.903       2.934       2.948       2.939       2.903       2.833       2.723    
        2.568       2.360       2.097       1.777       1.408       1.005       1.407       1.776       2.095       2.358    
        2.564       2.719       2.828       2.896       2.931       2.937       2.922       2.888       2.841       2.783    
        2.717       2.645       2.569       2.491       2.411       2.329       2.247       2.165       2.083       2.000    
  27    2.000       2.075       2.151       2.227       2.303       2.379       2.454       2.529       2.603       2.674    
        2.741       2.804       2.859       2.903       2.934       2.948       2.939       2.903       2.833       2.723    
        2.568       2.360       2.097       1.777       1.408       1.005       1.407       1.776       2.095       2.358    
        2.564       2.719       2.828       2.896       2.931       2.937       2.922       2.888       2.841       2.783    
        2.717       2.645       2.569       2.491       2.411       2.329       2.247       2.165       2.083       2.000    
  28    2.000       2.075       2.151       2.227       2.303       2.379       2.454       2.529       2.603       2.674    
        2.741       2.804       2.859       2.903       2.934       2.948       2.939       2.903       2.833       2.723    
        2.568       2.360       2.097       1.777       1.408       1.005       1.407       1.776       2.095       2.358    
        2.564       2.719       2.828       2.896       2.931       2.937       2.922       2.888       2.841       2.783    
        2.717       2.645       2.569       2.491       2.411       2.329       2.247       2.165       2.083       2.000    
  29    2.000       2.075       2.151       2.227       2.303       2.379       2.454       2.529       2.603       2.674    
        2.741       2.804       2.859       2.903       2.934       2.948       2.939       2.903       2.833       2.723    
        2.568       2.360       2.097       1.777       1.408       1.005       1.407       1.776       2.095       2.358    
        2.564       2.719       2.828       2.896       2.931       2.937       2.922       2.888       2.841       2.783    
        2.717       2.645       2.569       2.491       2.411       2.329       2.247       2.165       2.083       2.000    
  30    2.000       2.075       2.151       2.227       2.303       2.379       2.454       2.529       2.603       2.674    
        2.741       2.804       2.859       2.903       2.934       2.948       2.939       2.903       2.833       2.723    
        2.568       2.360       2.097       1.777       1.408       1.005       1.407       1.776       2.095       2.358    
        2.564       2.719       2.828       2.896       2.931       2.937       2.922       2.888       2.841       2.783    
        2.717       2.645       2.569       2.491       2.411       2.329       2.247       2.165       2.083       2.000    
  31    2.000       2.075       2.151       2.227       2.303       2.379       2.454       2.529       2.603       2.674    
        2.741       2.804       2.859       2.903       2.934       2.948       2.939       2.903       2.833       2.723    
        2.568       2.360       2.097       1.777       1.408       1.005       1.407       1.776       2.095       2.358    
        2.564       2.719       2.828       2.896       2.931       2.937       2.922       2.888       2.841       2.783    
        2.717       2.645       2.569       2.491       2.411       2.329       2.247       2.165       2.083       2.000    
  32    2.000       2.075       2.151       2.227       2.303       2.379       2.454       2.529       2.603       2.674    
        2.741       2.804       2.859       2.903       2.934       2.948       2.939       2.903       2.833       2.723    
        2.568       2.360       2.097       1.777       1.408       1.005       1.407       1.776       2.095       2.358    
        2.564       2.719       2.828       2.896       2.931       2.937       2.922       2.888       2.841       2.783    
        2.717       2.645       2.569       2.491       2.411       2.329       2.247       2.165       2.083       2.000    
  33    2.000       2.075       2.151       2.227       2.303       2.379       2.454       2.529       2.603       2.674    
        2.741       2.804       2.859       2.903       2.934       2.948       2.939       2.903       2.833       2.723    
        2.568       2.360       2.097       1.777       1.408       1.005       1.407       1.776       2.095       2.358    
        2.564       2.719       2.828       2.896       2.931       2.937       2.922       2.888       2.841       2.783    
        2.717       2.645       2.569       2.491       2.411       2.329       2.247       2.165       2.083       2.000    
  34    2.000       2.075       2.151       2.227       2.303       2.379       2.454       2.529       2.603       2.674    
        2.741       2.804       2.859       2.903       2.934       2.948       2.939       2.903       2.833       2.723    
        2.568       2.360       2.097       1.777       1.408       1.005       1.407       1.776       2.095       2.358    
        2.564       2.719       2.828       2.896       2.931       2.937       2.922       2.888       2.841       2.783    
        2.717       2.645       2.569       2.491       2.411       2.329       2.247       2.165       2.083       2.000    
  35    2.000       2.075       2.151       2.227       2.303       2.379       2.454       2.529       2.603       2.674    
        2.741       2.804       2.859       2.903       2.934       2.948       2.939       2.903       2.833       2.723    
        2.568       2.360       2.097       1.777       1.408       1.005       1.407       1.776       2.095       2.358    
        2.564       2.719       2.828       2.896       2.931       2.937       2.922       2.888       2.841       2.783    
        2.717       2.645       2.569       2.491       2.411       2.329       2.247       2.165       2.083       2.000    
  36    2.000       2.075       2.151       2.227       2.303       2.379       2.454       2.529       2.603       2.674    
        2.741       2.804       2.859       2.903       2.934       2.948       2.939       2.903       2.833       2.723    
        2.568       2.360       2.097       1.777       1.408       1.005       1.407       1.776       2.095       2.358    
        2.564       2.719       2.828       2.896       2.931       2.937       2.922       2.888       2.841       2.783    
        2.717       2.645       2.569       2.491       2.411       2.329       2.247       2.165       2.083       2.000    
  37    2.000       2.075       2.151       2.227       2.303       2.379       2.454       2.529       2.603       2.674    
        2.741       2.804       2.859       2.903       2.934       2.948       2.939       2.903       2.833       2.723    
        2.568       2.360       2.097       1.777       1.408       1.005       1.407       1.776       2.095       2.358    
        2.564       2.719       2.828       2.896       2.931       2.937       2.922       2.888       2.841       2.783    
        2.717       2.645       2.569       2.491       2.411       2.329       2.247       2.165       2.083       2.000    
  38    2.000       2.075       2.151       2.227       2.303       2.379       2.454       2.529       2.603       2.674    
        2.741       2.804       2.859       2.903       2.934       2.948       2.939       2.903       2.833       2.723    
        2.568       2.360       2.097       1.777       1.408       1.005       1.407       1.776       2.095       2.358    
        2.564       2.719       2.828       2.896       2.931       2.937       2.922       2.888       2.841       2.783    
        2.717       2.645       2.569       2.491       2.411       2.329       2.247       2.165       2.083       2.000    
  39    2.000       2.075       2.151       2.227       2.303       2.379       2.454       2.529       2.603       2.674    
        2.741       2.804       2.859       2.903       2.934       2.948       2.939       2.903       2.833       2.723    
        2.568       2.360       2.097       1.777       1.408       1.005       1.407       1.776       2.095       2.358    
        2.564       2.719       2.828       2.896       2.931       2.937       2.922       2.888       2.841       2.783    
        2.717       2.645       2.569       2.491       2.411       2.329       2.247       2.165       2.083       2.000    
  40    2.000       2.075       2.151       2.227       2.303       2.379       2.454       2.529       2.603       2.674    
        2.741       2.804       2.859       2.903       2.934       2.948       2.939       2.903       2.833       2.723    
        2.568       2.360       2.097       1.777       1.408       1.005       1.407       1.776       2.095       2.358    
        2.564       2.719       2.828       2.896       2.931       2.937       2.922       2.888       2.841       2.783    
        2.717       2.645       2.569       2.491       2.411       2.329       2.247       2.165       2.083       2.000    
  41    2.000       2.075       2.151       2.227       2.303       2.379       2.454       2.529       2.603       2.674    
        2.741       2.804       2.859       2.903       2.934       2.948       2.939       2.903       2.833       2.723    
        2.568       2.360       2.097       1.777       1.408       1.005       1.407       1.776       2.095       2.358    
        2.564       2.719       2.828       2.896       2.931       2.937       2.922       2.888       2.841       2.783    
        2.717       2.645       2.569       2.491       2.411       2.329       2.247       2.165       2.083       2.000    
  42    2.000       2.075       2.151       2.227       2.303       2.379       2.454       2.529       2.603       2.674    
        2.741       2.804       2.859       2.903       2.934       2.948       2.939       2.903       2.833       2.723    
        2.568       2.360       2.097       1.777       1.408       1.005       1.407       1.776       2.095       2.358    
        2.564       2.719       2.828       2.896       2.931       2.937       2.922       2.888       2.841       2.783    
        2.717       2.645       2.569       2.491       2.411       2.329       2.247       2.165       2.083       2.000    
  43    2.000       2.075       2.151       2.227       2.303       2.379       2.454       2.529       2.603       2.674    
        2.741       2.804       2.859       2.903       2.934       2.948       2.939       2.903       2.833       2.723    
        2.568       2.360       2.097       1.777       1.408       1.005       1.407       1.776       2.095       2.358    
        2.564       2.719       2.828       2.896       2.931       2.937       2.922       2.888       2.841       2.783    
        2.717       2.645       2.569       2.491       2.411       2.329       2.247       2.165       2.083       2.000    
  44    2.000       2.075       2.151       2.227       2.303       2.379       2.454       2.529       2.603       2.674    
        2.741       2.804       2.859       2.903       2.934       2.948       2.939       2.903       2.833       2.723    
        2.568       2.360       2.097       1.777       1.408       1.005       1.407       1.776       2.095       2.358    
        2.564       2.719       2.828       2.896       2.931       2.937       2.922       2.888       2.841       2.783    
        2.717       2.645       2.569       2.491       2.411       2.329       2.247       2.165       2.083       2.000    
  45    2.000       2.075       2.151       2.227       2.303       2.379       2.454       2.529       2.603       2.674    
        2.741       2.804       2.859       2.903       2.934       2.948       2.939       2.903       2.833       2.723    
        2.568       2.360       2.097       1.777       1.408       1.005       1.407       1.776       2.095       2.358    
        2.564       2.719       2.828       2.896       2.931       2.937       2.922       2.888       2.841       2.783    
        2.717       2.645       2.569       2.491       2.411       2.329       2.247       2.165       2.083       2.000    
  46    2.000       2.075       2.151       2.227       2.303       2.379       2.454       2.529       2.603       2.674    
        2.741       2.804       2.859       2.903       2.934       2.948       2.939       2.903       2.833       2.723    
        2.568       2.360       2.097       1.777       1.408       1.005       1.407       1.776       2.095       2.358    
        2.564       2.719       2.828       2.896       2.931       2.937       2.922       2.888       2.841       2.783    
        2.717       2.645       2.569       2.491       2.411       2.329       2.247       2.165       2.083       2.000    
  47    2.000       2.075       2.151       2.227       2.303       2.379       2.454       2.529       2.603       2.674    
        2.741       2.804       2.859       2.903       2.934       2.948       2.939       2.903       2.833       2.723    
        2.568       2.360       2.097       1.777       1.408       1.005       1.407       1.776       2.095       2.358    
        2.564       2.719       2.828       2.896       2.931       2.937       2.922       2.888       2.841       2.783    
        2.717       2.645       2.569       2.491       2.411       2.329       2.247       2.165       2.083       2.000    
  48    2.000       2.075       2.151       2.227       2.303       2.379       2.454       2.529       2.603       2.674    
        2.741       2.804       2.859       2.903       2.934       2.948       2.939       2.903       2.833       2.723    
        2.568       2.360       2.097       1.777       1.408       1.005       1.407       1.776       2.095       2.358    
        2.564       2.719       2.828       2.896       2.931       2.937       2.922       2.888       2.841       2.783    
        2.717       2.645       2.569       2.491       2.411       2.329       2.247       2.165       2.083       2.000    
  49    2.000       2.075       2.151       2.227       2.303       2.379       2.454       2.529       2.603       2.674    
        2.741       2.804       2.859       2.903       2.934       2.948       2.939       2.903       2.833       2.723    
        2.568       2.360       2.097       1.777       1.408       1.005       1.407       1.776       2.095       2.358    
        2.564       2.719       2.828       2.896       2.931       2.937       2.922       2.888       2.841       2.783    
        2.717       2.645       2.569       2.491       2.411       2.329       2.247       2.165       2.083       2.000    
  50    2.000       2.075       2.151       2.227       2.303       2.379       2.454       2.529       2.603       2.674    
        2.741       2.804       2.859       2.903       2.934       2.948       2.939       2.903       2.833       2.723    
        2.568       2.360       2.097       1.777       1.408       1.005       1.407       1.776       2.095       2.358    
        2.564       2.719       2.828       2.896       2.931       2.937       2.922       2.888       2.841       2.783    
        2.717       2.645       2.569       2.491       2.411       2.329       2.247       2.165       2.083       2.000    

 HEAD WILL BE SAVED ON UNIT   51 AT END OF TIME STEP    2, STRESS PERIOD    3

 DRAWDOWN WILL BE SAVED ON UNIT   52 AT END OF TIME STEP    2, STRESS PERIOD    3
1
  VOLUMETRIC BUDGET FOR ENTIRE MODEL AT END OF TIME STEP    2, STRESS PERIOD   3
  ------------------------------------------------------------------------------

     CUMULATIVE VOLUMES      L**3       RATES FOR THIS TIME STEP      L**3/T
     ------------------                 ------------------------

           IN:                                      IN:
           ---                                      ---
             STORAGE =        3867.8904               STORAGE =        2410.2578
       CONSTANT HEAD =         447.1242         CONSTANT HEAD =           0.0000
       RIVER LEAKAGE =        8975.5117         RIVER LEAKAGE =           0.0000

            TOTAL IN =       13290.5264              TOTAL IN =        2410.2578

          OUT:                                     OUT:
          ----                                     ----
             STORAGE =        8596.4561               STORAGE =           0.9318
       CONSTANT HEAD =        1048.1362         CONSTANT HEAD =         395.0863
       RIVER LEAKAGE =        3645.9495         RIVER LEAKAGE =        2014.2457

           TOTAL OUT =       13290.5410             TOTAL OUT =        2410.2639

            IN - OUT =      -1.4648E-02              IN - OUT =      -6.1035E-03

 PERCENT DISCREPANCY =          -0.00     PERCENT DISCREPANCY =          -0.00






         TIME SUMMARY AT END OF TIME STEP    2 IN STRESS PERIOD    3
                    SECONDS     MINUTES      HOURS       DAYS        YEARS
                    -----------------------------------------------------------
   TIME STEP LENGTH  43200.      720.00      12.000     0.50000     1.36893E-03
 STRESS PERIOD TIME  86400.      1440.0      24.000      1.0000     2.73785E-03
         TOTAL TIME 6.04800E+05  10080.      168.00      7.0000     1.91650E-02
1
 
 SOLVING FOR HEAD 

 OUTPUT CONTROL FOR STRESS PERIOD    3   TIME STEP    3
    SAVE HEAD FOR ALL LAYERS
    SAVE DRAWDOWN FOR ALL LAYERS
    SAVE BUDGET
    PRINT HEAD FOR ALL LAYERS
    PRINT BUDGET
 UBDSV1 SAVING "         STORAGE" ON UNIT  53 AT TIME STEP  3, STRESS PERIOD   3
 UBDSV2 SAVING "   CONSTANT HEAD" ON UNIT  53 AT TIME STEP  3, STRESS PERIOD   3
 UBDSV1 SAVING "FLOW RIGHT FACE " ON UNIT  53 AT TIME STEP  3, STRESS PERIOD   3
 UBDSV1 SAVING "FLOW FRONT FACE " ON UNIT  53 AT TIME STEP  3, STRESS PERIOD   3
 UBDSV4 SAVING "   RIVER LEAKAGE" ON UNIT  53 AT TIME STEP  3, STRESS PERIOD   3
1
              HEAD IN LAYER   1 AT END OF TIME STEP   3 IN STRESS PERIOD    3
  ---------------------------------------------------------------------------

            1           2           3           4           5           6           7           8           9          10
           11          12          13          14          15          16          17          18          19          20
           21          22          23          24          25          26          27          28          29          30
           31          32          33          34          35          36          37          38          39          40
           41          42          43          44          45          46          47          48          49          50
 ........................................................................................................................
   1    2.000       2.071       2.142       2.212       2.282       2.349       2.414       2.476       2.533       2.585    
        2.630       2.667       2.692       2.703       2.699       2.676       2.631       2.562       2.466       2.340    
        2.183       1.995       1.779       1.537       1.275       1.003       1.274       1.535       1.776       1.992    
        2.178       2.333       2.458       2.553       2.620       2.663       2.683       2.685       2.670       2.642    
        2.602       2.553       2.497       2.435       2.368       2.298       2.226       2.151       2.076       2.000    
   2    2.000       2.071       2.142       2.212       2.282       2.349       2.414       2.476       2.533       2.585    
        2.630       2.667       2.692       2.703       2.699       2.676       2.631       2.562       2.466       2.340    
        2.183       1.995       1.779       1.537       1.275       1.003       1.274       1.535       1.776       1.992    
        2.178       2.333       2.458       2.553       2.620       2.663       2.683       2.685       2.670       2.642    
        2.602       2.553       2.497       2.435       2.368       2.298       2.226       2.151       2.076       2.000    
   3    2.000       2.071       2.142       2.212       2.282       2.349       2.414       2.476       2.533       2.585    
        2.630       2.667       2.692       2.703       2.699       2.676       2.631       2.562       2.466       2.340    
        2.183       1.995       1.779       1.537       1.275       1.003       1.274       1.535       1.776       1.992    
        2.178       2.333       2.458       2.553       2.620       2.663       2.683       2.685       2.670       2.642    
        2.602       2.553       2.497       2.435       2.368       2.298       2.226       2.151       2.076       2.000    
   4    2.000       2.071       2.142       2.212       2.282       2.349       2.414       2.476       2.533       2.585    
        2.630       2.667       2.692       2.703       2.699       2.676       2.631       2.562       2.466       2.340    
        2.183       1.995       1.779       1.537       1.275       1.003       1.274       1.535       1.776       1.992    
        2.178       2.333       2.458       2.553       2.620       2.663       2.683       2.685       2.670       2.642    
        2.602       2.553       2.497       2.435       2.368       2.298       2.226       2.151       2.076       2.000    
   5    2.000       2.071       2.142       2.212       2.282       2.349       2.414       2.476       2.533       2.585    
        2.630       2.667       2.692       2.703       2.699       2.676       2.631       2.562       2.466       2.340    
        2.183       1.995       1.779       1.537       1.275       1.003       1.274       1.535       1.776       1.992    
        2.178       2.333       2.458       2.553       2.620       2.663       2.683       2.685       2.670       2.642    
        2.602       2.553       2.497       2.435       2.368       2.298       2.226       2.151       2.076       2.000    
   6    2.000       2.071       2.142       2.212       2.282       2.349       2.414       2.476       2.533       2.585    
        2.630       2.667       2.692       2.703       2.699       2.676       2.631       2.562       2.466       2.340    
        2.183       1.995       1.779       1.537       1.275       1.003       1.274       1.535       1.776       1.992    
        2.178       2.333       2.458       2.553       2.620       2.663       2.683       2.685       2.670       2.642    
        2.602       2.553       2.497       2.435       2.368       2.298       2.226       2.151       2.076       2.000    
   7    2.000       2.071       2.142       2.212       2.282       2.349       2.414       2.476       2.533       2.585    
        2.630       2.667       2.692       2.703       2.699       2.676       2.631       2.562       2.466       2.340    
        2.183       1.995       1.779       1.537       1.275       1.003       1.274       1.535       1.776       1.992    
        2.178       2.333       2.458       2.553       2.620       2.663       2.683       2.685       2.670       2.642    
        2.602       2.553       2.497       2.435       2.368       2.298       2.226       2.151       2.076       2.000    
   8    2.000       2.071       2.142       2.212       2.282       2.349       2.414       2.476       2.533       2.585    
        2.630       2.667       2.692       2.703       2.699       2.676       2.631       2.562       2.466       2.340    
        2.183       1.995       1.779       1.537       1.275       1.003       1.274       1.535       1.776       1.992    
        2.178       2.333       2.458       2.553       2.620       2.663       2.683       2.685       2.670       2.642    
        2.602       2.553       2.497       2.435       2.368       2.298       2.226       2.151       2.076       2.000    
   9    2.000       2.071       2.142       2.212       2.282       2.349       2.414       2.476       2.533       2.585    
        2.630       2.667       2.692       2.703       2.699       2.676       2.631       2.562       2.466       2.340    
        2.183       1.995       1.779       1.537       1.275       1.003       1.274       1.535       1.776       1.992    
        2.178       2.333       2.458       2.553       2.620       2.663       2.683       2.685       2.670       2.642    
        2.602       2.553       2.497       2.435       2.368       2.298       2.226       2.151       2.076       2.000    
  10    2.000       2.071       2.142       2.212       2.282       2.349       2.414       2.476       2.533       2.585    
        2.630       2.667       2.692       2.703       2.699       2.676       2.631       2.562       2.466       2.340    
        2.183       1.995       1.779       1.537       1.275       1.003       1.274       1.535       1.776       1.992    
        2.178       2.333       2.458       2.553       2.620       2.663       2.683       2.685       2.670       2.642    
        2.602       2.553       2.497       2.435       2.368       2.298       2.226       2.151       2.076       2.000    
  11    2.000       2.071       2.142       2.212       2.282       2.349       2.414       2.476       2.533       2.585    
        2.630       2.667       2.692       2.703       2.699       2.676       2.631       2.562       2.466       2.340    
        2.183       1.995       1.779       1.537       1.275       1.003       1.274       1.535       1.776       1.992    
        2.178       2.333       2.458       2.553       2.620       2.663       2.683       2.685       2.670       2.642    
        2.602       2.553       2.497       2.435       2.368       2.298       2.226       2.151       2.076       2.000    
  12    2.000       2.071       2.142       2.212       2.282       2.349       2.414       2.476       2.533       2.585    
        2.630       2.667       2.692       2.703       2.699       2.676       2.631       2.562       2.466       2.340    
        2.183       1.995       1.779       1.537       1.275       1.003       1.274       1.535       1.776       1.992    
        2.178       2.333       2.458       2.553       2.620       2.663       2.683       2.685       2.670       2.642    
        2.602       2.553       2.497       2.435       2.368       2.298       2.226       2.151       2.076       2.000    
  13    2.000       2.071       2.142       2.212       2.282       2.349       2.414       2.476       2.533       2.585    
        2.630       2.667       2.692       2.703       2.699       2.676       2.631       2.562       2.466       2.340    
        2.183       1.995       1.779       1.537       1.275       1.003       1.274       1.535       1.776       1.992    
        2.178       2.333       2.458       2.553       2.620       2.663       2.683       2.685       2.670       2.642    
        2.602       2.553       2.497       2.435       2.368       2.298       2.226       2.151       2.076       2.000    
  14    2.000       2.071       2.142       2.212       2.282       2.349       2.414       2.476       2.533       2.585    
        2.630       2.667       2.692       2.703       2.699       2.676       2.631       2.562       2.466       2.340    
        2.183       1.995       1.779       1.537       1.275       1.003       1.274       1.535       1.776       1.992    
        2.178       2.333       2.458       2.553       2.620       2.663       2.683       2.685       2.670       2.642    
        2.602       2.553       2.497       2.435       2.368       2.298       2.226       2.151       2.076       2.000    
  15    2.000       2.071       2.142       2.212       2.282       2.349       2.414       2.476       2.533       2.585    
        2.630       2.667       2.692       2.703       2.699       2.676       2.631       2.562       2.466       2.340    
        2.183       1.995       1.779       1.537       1.275       1.003       1.274       1.535       1.776       1.992    
        2.178       2.333       2.458       2.553       2.620       2.663       2.683       2.685       2.670       2.642    
        2.602       2.553       2.497       2.435       2.368       2.298       2.226       2.151       2.076       2.000    
  16    2.000       2.071       2.142       2.212       2.282       2.349       2.414       2.476       2.533       2.585    
        2.630       2.667       2.692       2.703       2.699       2.676       2.631       2.562       2.466       2.340    
        2.183       1.995       1.779       1.537       1.275       1.003       1.274       1.535       1.776       1.992    
        2.178       2.333       2.458       2.553       2.620       2.663       2.683       2.685       2.670       2.642    
        2.602       2.553       2.497       2.435       2.368       2.298       2.226       2.151       2.076       2.000    
  17    2.000       2.071       2.142       2.212       2.282       2.349       2.414       2.476       2.533       2.585    
        2.630       2.667       2.692       2.703       2.699       2.676       2.631       2.562       2.466       2.340    
        2.183       1.995       1.779       1.537       1.275       1.003       1.274       1.535       1.776       1.992    
        2.178       2.333       2.458       2.553       2.620       2.663       2.683       2.685       2.670       2.642    
        2.602       2.553       2.497       2.435       2.368       2.298       2.226       2.151       2.076       2.000    
  18    2.000       2.071       2.142       2.212       2.282       2.349       2.414       2.476       2.533       2.585    
        2.630       2.667       2.692       2.703       2.699       2.676       2.631       2.562       2.466       2.340    
        2.183       1.995       1.779       1.537       1.275       1.003       1.274       1.535       1.776       1.992    
        2.178       2.333       2.458       2.553       2.620       2.663       2.683       2.685       2.670       2.642    
        2.602       2.553       2.497       2.435       2.368       2.298       2.226       2.151       2.076       2.000    
  19    2.000       2.071       2.142       2.212       2.282       2.349       2.414       2.476       2.533       2.585    
        2.630       2.667       2.692       2.703       2.699       2.676       2.631       2.562       2.466       2.340    
        2.183       1.995       1.779       1.537       1.275       1.003       1.274       1.535       1.776       1.992    
        2.178       2.333       2.458       2.553       2.620       2.663       2.683       2.685       2.670       2.642    
        2.602       2.553       2.497       2.435       2.368       2.298       2.226       2.151       2.076       2.000    
  20    2.000       2.071       2.142       2.212       2.282       2.349       2.414       2.476       2.533       2.585    
        2.630       2.667       2.692       2.703       2.699       2.676       2.631       2.562       2.466       2.340    
        2.183       1.995       1.779       1.537       1.275       1.003       1.274       1.535       1.776       1.992    
        2.178       2.333       2.458       2.553       2.620       2.663       2.683       2.685       2.670       2.642    
        2.602       2.553       2.497       2.435       2.368       2.298       2.226       2.151       2.076       2.000    
  21    2.000       2.071       2.142       2.212       2.282       2.349       2.414       2.476       2.533       2.585    
        2.630       2.667       2.692       2.703       2.699       2.676       2.631       2.562       2.466       2.340    
        2.183       1.995       1.779       1.537       1.275       1.003       1.274       1.535       1.776       1.992    
        2.178       2.333       2.458       2.553       2.620       2.663       2.683       2.685       2.670       2.642    
        2.602       2.553       2.497       2.435       2.368       2.298       2.226       2.151       2.076       2.000    
  22    2.000       2.071       2.142       2.212       2.282       2.349       2.414       2.476       2.533       2.585    
        2.630       2.667       2.692       2.703       2.699       2.676       2.631       2.562       2.466       2.340    
        2.183       1.995       1.779       1.537       1.275       1.003       1.274       1.535       1.776       1.992    
        2.178       2.333       2.458       2.553       2.620       2.663       2.683       2.685       2.670       2.642    
        2.602       2.553       2.497       2.435       2.368       2.298       2.226       2.151       2.076       2.000    
  23    2.000       2.071       2.142       2.212       2.282       2.349       2.414       2.476       2.533       2.585    
        2.630       2.667       2.692       2.703       2.699       2.676       2.631       2.562       2.466       2.340    
        2.183       1.995       1.779       1.537       1.275       1.003       1.274       1.535       1.776       1.992    
        2.178       2.333       2.458       2.553       2.620       2.663       2.683       2.685       2.670       2.642    
        2.602       2.553       2.497       2.435       2.368       2.298       2.226       2.151       2.076       2.000    
  24    2.000       2.071       2.142       2.212       2.282       2.349       2.414       2.476       2.533       2.585    
        2.630       2.667       2.692       2.703       2.699       2.676       2.631       2.562       2.466       2.340    
        2.183       1.995       1.779       1.537       1.275       1.003       1.274       1.535       1.776       1.992    
        2.178       2.333       2.458       2.553       2.620       2.663       2.683       2.685       2.670       2.642    
        2.602       2.553       2.497       2.435       2.368       2.298       2.226       2.151       2.076       2.000    
  25    2.000       2.071       2.142       2.212       2.282       2.349       2.414       2.476       2.533       2.585    
        2.630       2.667       2.692       2.703       2.699       2.676       2.631       2.562       2.466       2.340    
        2.183       1.995       1.779       1.537       1.275       1.003       1.274       1.535       1.776       1.992    
        2.178       2.333       2.458       2.553       2.620       2.663       2.683       2.685       2.670       2.642    
        2.602       2.553       2.497       2.435       2.368       2.298       2.226       2.151       2.076       2.000    
  26    2.000       2.071       2.142       2.212       2.282       2.349       2.414       2.476       2.533       2.585    
        2.630       2.667       2.692       2.703       2.699       2.676       2.631       2.562       2.466       2.340    
        2.183       1.995       1.779       1.537       1.275       1.003       1.274       1.535       1.776       1.992    
        2.178       2.333       2.458       2.553       2.620       2.663       2.683       2.685       2.670       2.642    
        2.602       2.553       2.497       2.435       2.368       2.298       2.226       2.151       2.076       2.000    
  27    2.000       2.071       2.142       2.212       2.282       2.349       2.414       2.476       2.533       2.585    
        2.630       2.667       2.692       2.703       2.699       2.676       2.631       2.562       2.466       2.340    
        2.183       1.995       1.779       1.537       1.275       1.003       1.274       1.535       1.776       1.992    
        2.178       2.333       2.458       2.553       2.620       2.663       2.683       2.685       2.670       2.642    
        2.602       2.553       2.497       2.435       2.368       2.298       2.226       2.151       2.076       2.000    
  28    2.000       2.071       2.142       2.212       2.282       2.349       2.414       2.476       2.533       2.585    
        2.630       2.667       2.692       2.703       2.699       2.676       2.631       2.562       2.466       2.340    
        2.183       1.995       1.779       1.537       1.275       1.003       1.274       1.535       1.776       1.992    
        2.178       2.333       2.458       2.553       2.620       2.663       2.683       2.685       2.670       2.642    
        2.602       2.553       2.497       2.435       2.368       2.298       2.226       2.151       2.076       2.000    
  29    2.000       2.071       2.142       2.212       2.282       2.349       2.414       2.476       2.533       2.585    
        2.630       2.667       2.692       2.703       2.699       2.676       2.631       2.562       2.466       2.340    
        2.183       1.995       1.779       1.537       1.275       1.003       1.274       1.535       1.776       1.992    
        2.178       2.333       2.458       2.553       2.620       2.663       2.683       2.685       2.670       2.642    
        2.602       2.553       2.497       2.435       2.368       2.298       2.226       2.151       2.076       2.000    
  30    2.000       2.071       2.142       2.212       2.282       2.349       2.414       2.476       2.533       2.585    
        2.630       2.667       2.692       2.703       2.699       2.676       2.631       2.562       2.466       2.340    
        2.183       1.995       1.779       1.537       1.275       1.003       1.274       1.535       1.776       1.992    
        2.178       2.333       2.458       2.553       2.620       2.663       2.683       2.685       2.670       2.642    
        2.602       2.553       2.497       2.435       2.368       2.298       2.226       2.151       2.076       2.000    
  31    2.000       2.071       2.142       2.212       2.282       2.349       2.414       2.476       2.533       2.585    
        2.630       2.667       2.692       2.703       2.699       2.676       2.631       2.562       2.466       2.340    
        2.183       1.995       1.779       1.537       1.275       1.003       1.274       1.535       1.776       1.992    
        2.178       2.333       2.458       2.553       2.620       2.663       2.683       2.685       2.670       2.642    
        2.602       2.553       2.497       2.435       2.368       2.298       2.226       2.151       2.076       2.000    
  32    2.000       2.071       2.142       2.212       2.282       2.349       2.414       2.476       2.533       2.585    
        2.630       2.667       2.692       2.703       2.699       2.676       2.631       2.562       2.466       2.340    
        2.183       1.995       1.779       1.537       1.275       1.003       1.274       1.535       1.776       1.992    
        2.178       2.333       2.458       2.553       2.620       2.663       2.683       2.685       2.670       2.642    
        2.602       2.553       2.497       2.435       2.368       2.298       2.226       2.151       2.076       2.000    
  33    2.000       2.071       2.142       2.212       2.282       2.349       2.414       2.476       2.533       2.585    
        2.630       2.667       2.692       2.703       2.699       2.676       2.631       2.562       2.466       2.340    
        2.183       1.995       1.779       1.537       1.275       1.003       1.274       1.535       1.776       1.992    
        2.178       2.333       2.458       2.553       2.620       2.663       2.683       2.685       2.670       2.642    
        2.602       2.553       2.497       2.435       2.368       2.298       2.226       2.151       2.076       2.000    
  34    2.000       2.071       2.142       2.212       2.282       2.349       2.414       2.476       2.533       2.585    
        2.630       2.667       2.692       2.703       2.699       2.676       2.631       2.562       2.466       2.340    
        2.183       1.995       1.779       1.537       1.275       1.003       1.274       1.535       1.776       1.992    
        2.178       2.333       2.458       2.553       2.620       2.663       2.683       2.685       2.670       2.642    
        2.602       2.553       2.497       2.435       2.368       2.298       2.226       2.151       2.076       2.000    
  35    2.000       2.071       2.142       2.212       2.282       2.349       2.414       2.476       2.533       2.585    
        2.630       2.667       2.692       2.703       2.699       2.676       2.631       2.562       2.466       2.340    
        2.183       1.995       1.779       1.537       1.275       1.003       1.274       1.535       1.776       1.992    
        2.178       2.333       2.458       2.553       2.620       2.663       2.683       2.685       2.670       2.642    
        2.602       2.553       2.497       2.435       2.368       2.298       2.226       2.151       2.076       2.000    
  36    2.000       2.071       2.142       2.212       2.282       2.349       2.414       2.476       2.533       2.585    
        2.630       2.667       2.692       2.703       2.699       2.676       2.631       2.562       2.466       2.340    
        2.183       1.995       1.779       1.537       1.275       1.003       1.274       1.535       1.776       1.992    
        2.178       2.333       2.458       2.553       2.620       2.663       2.683       2.685       2.670       2.642    
        2.602       2.553       2.497       2.435       2.368       2.298       2.226       2.151       2.076       2.000    
  37    2.000       2.071       2.142       2.212       2.282       2.349       2.414       2.476       2.533       2.585    
        2.630       2.667       2.692       2.703       2.699       2.676       2.631       2.562       2.466       2.340    
        2.183       1.995       1.779       1.537       1.275       1.003       1.274       1.535       1.776       1.992    
        2.178       2.333       2.458       2.553       2.620       2.663       2.683       2.685       2.670       2.642    
        2.602       2.553       2.497       2.435       2.368       2.298       2.226       2.151       2.076       2.000    
  38    2.000       2.071       2.142       2.212       2.282       2.349       2.414       2.476       2.533       2.585    
        2.630       2.667       2.692       2.703       2.699       2.676       2.631       2.562       2.466       2.340    
        2.183       1.995       1.779       1.537       1.275       1.003       1.274       1.535       1.776       1.992    
        2.178       2.333       2.458       2.553       2.620       2.663       2.683       2.685       2.670       2.642    
        2.602       2.553       2.497       2.435       2.368       2.298       2.226       2.151       2.076       2.000    
  39    2.000       2.071       2.142       2.212       2.282       2.349       2.414       2.476       2.533       2.585    
        2.630       2.667       2.692       2.703       2.699       2.676       2.631       2.562       2.466       2.340    
        2.183       1.995       1.779       1.537       1.275       1.003       1.274       1.535       1.776       1.992    
        2.178       2.333       2.458       2.553       2.620       2.663       2.683       2.685       2.670       2.642    
        2.602       2.553       2.497       2.435       2.368       2.298       2.226       2.151       2.076       2.000    
  40    2.000       2.071       2.142       2.212       2.282       2.349       2.414       2.476       2.533       2.585    
        2.630       2.667       2.692       2.703       2.699       2.676       2.631       2.562       2.466       2.340    
        2.183       1.995       1.779       1.537       1.275       1.003       1.274       1.535       1.776       1.992    
        2.178       2.333       2.458       2.553       2.620       2.663       2.683       2.685       2.670       2.642    
        2.602       2.553       2.497       2.435       2.368       2.298       2.226       2.151       2.076       2.000    
  41    2.000       2.071       2.142       2.212       2.282       2.349       2.414       2.476       2.533       2.585    
        2.630       2.667       2.692       2.703       2.699       2.676       2.631       2.562       2.466       2.340    
        2.183       1.995       1.779       1.537       1.275       1.003       1.274       1.535       1.776       1.992    
        2.178       2.333       2.458       2.553       2.620       2.663       2.683       2.685       2.670       2.642    
        2.602       2.553       2.497       2.435       2.368       2.298       2.226       2.151       2.076       2.000    
  42    2.000       2.071       2.142       2.212       2.282       2.349       2.414       2.476       2.533       2.585    
        2.630       2.667       2.692       2.703       2.699       2.676       2.631       2.562       2.466       2.340    
        2.183       1.995       1.779       1.537       1.275       1.003       1.274       1.535       1.776       1.992    
        2.178       2.333       2.458       2.553       2.620       2.663       2.683       2.685       2.670       2.642    
        2.602       2.553       2.497       2.435       2.368       2.298       2.226       2.151       2.076       2.000    
  43    2.000       2.071       2.142       2.212       2.282       2.349       2.414       2.476       2.533       2.585    
        2.630       2.667       2.692       2.703       2.699       2.676       2.631       2.562       2.466       2.340    
        2.183       1.995       1.779       1.537       1.275       1.003       1.274       1.535       1.776       1.992    
        2.178       2.333       2.458       2.553       2.620       2.663       2.683       2.685       2.670       2.642    
        2.602       2.553       2.497       2.435       2.368       2.298       2.226       2.151       2.076       2.000    
  44    2.000       2.071       2.142       2.212       2.282       2.349       2.414       2.476       2.533       2.585    
        2.630       2.667       2.692       2.703       2.699       2.676       2.631       2.562       2.466       2.340    
        2.183       1.995       1.779       1.537       1.275       1.003       1.274       1.535       1.776       1.992    
        2.178       2.333       2.458       2.553       2.620       2.663       2.683       2.685       2.670       2.642    
        2.602       2.553       2.497       2.435       2.368       2.298       2.226       2.151       2.076       2.000    
  45    2.000       2.071       2.142       2.212       2.282       2.349       2.414       2.476       2.533       2.585    
        2.630       2.667       2.692       2.703       2.699       2.676       2.631       2.562       2.466       2.340    
        2.183       1.995       1.779       1.537       1.275       1.003       1.274       1.535       1.776       1.992    
        2.178       2.333       2.458       2.553       2.620       2.663       2.683       2.685       2.670       2.642    
        2.602       2.553       2.497       2.435       2.368       2.298       2.226       2.151       2.076       2.000    
  46    2.000       2.071       2.142       2.212       2.282       2.349       2.414       2.476       2.533       2.585    
        2.630       2.667       2.692       2.703       2.699       2.676       2.631       2.562       2.466       2.340    
        2.183       1.995       1.779       1.537       1.275       1.003       1.274       1.535       1.776       1.992    
        2.178       2.333       2.458       2.553       2.620       2.663       2.683       2.685       2.670       2.642    
        2.602       2.553       2.497       2.435       2.368       2.298       2.226       2.151       2.076       2.000    
  47    2.000       2.071       2.142       2.212       2.282       2.349       2.414       2.476       2.533       2.585    
        2.630       2.667       2.692       2.703       2.699       2.676       2.631       2.562       2.466       2.340    
        2.183       1.995       1.779       1.537       1.275       1.003       1.274       1.535       1.776       1.992    
        2.178       2.333       2.458       2.553       2.620       2.663       2.683       2.685       2.670       2.642    
        2.602       2.553       2.497       2.435       2.368       2.298       2.226       2.151       2.076       2.000    
  48    2.000       2.071       2.142       2.212       2.282       2.349       2.414       2.476       2.533       2.585    
        2.630       2.667       2.692       2.703       2.699       2.676       2.631       2.562       2.466       2.340    
        2.183       1.995       1.779       1.537       1.275       1.003       1.274       1.535       1.776       1.992    
        2.178       2.333       2.458       2.553       2.620       2.663       2.683       2.685       2.670       2.642    
        2.602       2.553       2.497       2.435       2.368       2.298       2.226       2.151       2.076       2.000    
  49    2.000       2.071       2.142       2.212       2.282       2.349       2.414       2.476       2.533       2.585    
        2.630       2.667       2.692       2.703       2.699       2.676       2.631       2.562       2.466       2.340    
        2.183       1.995       1.779       1.537       1.275       1.003       1.274       1.535       1.776       1.992    
        2.178       2.333       2.458       2.553       2.620       2.663       2.683       2.685       2.670       2.642    
        2.602       2.553       2.497       2.435       2.368       2.298       2.226       2.151       2.076       2.000    
  50    2.000       2.071       2.142       2.212       2.282       2.349       2.414       2.476       2.533       2.585    
        2.630       2.667       2.692       2.703       2.699       2.676       2.631       2.562       2.466       2.340    
        2.183       1.995       1.779       1.537       1.275       1.003       1.274       1.535       1.776       1.992    
        2.178       2.333       2.458       2.553       2.620       2.663       2.683       2.685       2.670       2.642    
        2.602       2.553       2.497       2.435       2.368       2.298       2.226       2.151       2.076       2.000    

 HEAD WILL BE SAVED ON UNIT   51 AT END OF TIME STEP    3, STRESS PERIOD    3

 DRAWDOWN WILL BE SAVED ON UNIT   52 AT END OF TIME STEP    3, STRESS PERIOD    3
1
  VOLUMETRIC BUDGET FOR ENTIRE MODEL AT END OF TIME STEP    3, STRESS PERIOD   3
  ------------------------------------------------------------------------------

     CUMULATIVE VOLUMES      L**3       RATES FOR THIS TIME STEP      L**3/T
     ------------------                 ------------------------

           IN:                                      IN:
           ---                                      ---
             STORAGE =        4730.7324               STORAGE =        1725.6838
       CONSTANT HEAD =         447.1242         CONSTANT HEAD =           0.0000
       RIVER LEAKAGE =        8975.5117         RIVER LEAKAGE =           0.0000

            TOTAL IN =       14153.3682              TOTAL IN =        1725.6838

          OUT:                                     OUT:
          ----                                     ----
             STORAGE =        8596.4561               STORAGE =           0.0000
       CONSTANT HEAD =        1232.1125         CONSTANT HEAD =         367.9528
       RIVER LEAKAGE =        4324.8115         RIVER LEAKAGE =        1357.7241

           TOTAL OUT =       14153.3799             TOTAL OUT =        1725.6769

            IN - OUT =      -1.1719E-02              IN - OUT =       6.9580E-03

 PERCENT DISCREPANCY =          -0.00     PERCENT DISCREPANCY =           0.00






         TIME SUMMARY AT END OF TIME STEP    3 IN STRESS PERIOD    3
                    SECONDS     MINUTES      HOURS       DAYS        YEARS
                    -----------------------------------------------------------
   TIME STEP LENGTH  43200.      720.00      12.000     0.50000     1.36893E-03
 STRESS PERIOD TIME 1.29600E+05  2160.0      36.000      1.5000     4.10678E-03
         TOTAL TIME 6.48000E+05  10800.      180.00      7.5000     2.05339E-02
1
 
 SOLVING FOR HEAD 

 OUTPUT CONTROL FOR STRESS PERIOD    3   TIME STEP    4
    SAVE HEAD FOR ALL LAYERS
    SAVE DRAWDOWN FOR ALL LAYERS
    SAVE BUDGET
    PRINT HEAD FOR ALL LAYERS
    PRINT BUDGET
 UBDSV1 SAVING "         STORAGE" ON UNIT  53 AT TIME STEP  4, STRESS PERIOD   3
 UBDSV2 SAVING "   CONSTANT HEAD" ON UNIT  53 AT TIME STEP  4, STRESS PERIOD   3
 UBDSV1 SAVING "FLOW RIGHT FACE " ON UNIT  53 AT TIME STEP  4, STRESS PERIOD   3
 UBDSV1 SAVING "FLOW FRONT FACE " ON UNIT  53 AT TIME STEP  4, STRESS PERIOD   3
 UBDSV4 SAVING "   RIVER LEAKAGE" ON UNIT  53 AT TIME STEP  4, STRESS PERIOD   3
1
              HEAD IN LAYER   1 AT END OF TIME STEP   4 IN STRESS PERIOD    3
  ---------------------------------------------------------------------------

            1           2           3           4           5           6           7           8           9          10
           11          12          13          14          15          16          17          18          19          20
           21          22          23          24          25          26          27          28          29          30
           31          32          33          34          35          36          37          38          39          40
           41          42          43          44          45          46          47          48          49          50
 ........................................................................................................................
   1    2.000       2.063       2.125       2.187       2.246       2.302       2.354       2.402       2.443       2.478    
        2.503       2.519       2.523       2.513       2.488       2.446       2.386       2.306       2.205       2.084    
        1.943       1.782       1.604       1.412       1.210       1.003       1.209       1.409       1.600       1.777    
        1.936       2.076       2.196       2.294       2.372       2.430       2.469       2.492       2.498       2.491    
        2.472       2.443       2.405       2.360       2.308       2.252       2.192       2.130       2.065       2.000    
   2    2.000       2.063       2.125       2.187       2.246       2.302       2.354       2.402       2.443       2.478    
        2.503       2.519       2.523       2.513       2.488       2.446       2.386       2.306       2.205       2.084    
        1.943       1.782       1.604       1.412       1.210       1.003       1.209       1.409       1.600       1.777    
        1.936       2.076       2.196       2.294       2.372       2.430       2.469       2.492       2.498       2.491    
        2.472       2.443       2.405       2.360       2.308       2.252       2.192       2.130       2.065       2.000    
   3    2.000       2.063       2.125       2.187       2.246       2.302       2.354       2.402       2.443       2.478    
        2.503       2.519       2.523       2.513       2.488       2.446       2.386       2.306       2.205       2.084    
        1.943       1.782       1.604       1.412       1.210       1.003       1.209       1.409       1.600       1.777    
        1.936       2.076       2.196       2.294       2.372       2.430       2.469       2.492       2.498       2.491    
        2.472       2.443       2.405       2.360       2.308       2.252       2.192       2.130       2.065       2.000    
   4    2.000       2.063       2.125       2.187       2.246       2.302       2.354       2.402       2.443       2.478    
        2.503       2.519       2.523       2.513       2.488       2.446       2.386       2.306       2.205       2.084    
        1.943       1.782       1.604       1.412       1.210       1.003       1.209       1.409       1.600       1.777    
        1.936       2.076       2.196       2.294       2.372       2.430       2.469       2.492       2.498       2.491    
        2.472       2.443       2.405       2.360       2.308       2.252       2.192       2.130       2.065       2.000    
   5    2.000       2.063       2.125       2.187       2.246       2.302       2.354       2.402       2.443       2.478    
        2.503       2.519       2.523       2.513       2.488       2.446       2.386       2.306       2.205       2.084    
        1.943       1.782       1.604       1.412       1.210       1.003       1.209       1.409       1.600       1.777    
        1.936       2.076       2.196       2.294       2.372       2.430       2.469       2.492       2.498       2.491    
        2.472       2.443       2.405       2.360       2.308       2.252       2.192       2.130       2.065       2.000    
   6    2.000       2.063       2.125       2.187       2.246       2.302       2.354       2.402       2.443       2.478    
        2.503       2.519       2.523       2.513       2.488       2.446       2.386       2.306       2.205       2.084    
        1.943       1.782       1.604       1.412       1.210       1.003       1.209       1.409       1.600       1.777    
        1.936       2.076       2.196       2.294       2.372       2.430       2.469       2.492       2.498       2.491    
        2.472       2.443       2.405       2.360       2.308       2.252       2.192       2.130       2.065       2.000    
   7    2.000       2.063       2.125       2.187       2.246       2.302       2.354       2.402       2.443       2.478    
        2.503       2.519       2.523       2.513       2.488       2.446       2.386       2.306       2.205       2.084    
        1.943       1.782       1.604       1.412       1.210       1.003       1.209       1.409       1.600       1.777    
        1.936       2.076       2.196       2.294       2.372       2.430       2.469       2.492       2.498       2.491    
        2.472       2.443       2.405       2.360       2.308       2.252       2.192       2.130       2.065       2.000    
   8    2.000       2.063       2.125       2.187       2.246       2.302       2.354       2.402       2.443       2.478    
        2.503       2.519       2.523       2.513       2.488       2.446       2.386       2.306       2.205       2.084    
        1.943       1.782       1.604       1.412       1.210       1.003       1.209       1.409       1.600       1.777    
        1.936       2.076       2.196       2.294       2.372       2.430       2.469       2.492       2.498       2.491    
        2.472       2.443       2.405       2.360       2.308       2.252       2.192       2.130       2.065       2.000    
   9    2.000       2.063       2.125       2.187       2.246       2.302       2.354       2.402       2.443       2.478    
        2.503       2.519       2.523       2.513       2.488       2.446       2.386       2.306       2.205       2.084    
        1.943       1.782       1.604       1.412       1.210       1.003       1.209       1.409       1.600       1.777    
        1.936       2.076       2.196       2.294       2.372       2.430       2.469       2.492       2.498       2.491    
        2.472       2.443       2.405       2.360       2.308       2.252       2.192       2.130       2.065       2.000    
  10    2.000       2.063       2.125       2.187       2.246       2.302       2.354       2.402       2.443       2.478    
        2.503       2.519       2.523       2.513       2.488       2.446       2.386       2.306       2.205       2.084    
        1.943       1.782       1.604       1.412       1.210       1.003       1.209       1.409       1.600       1.777    
        1.936       2.076       2.196       2.294       2.372       2.430       2.469       2.492       2.498       2.491    
        2.472       2.443       2.405       2.360       2.308       2.252       2.192       2.130       2.065       2.000    
  11    2.000       2.063       2.125       2.187       2.246       2.302       2.354       2.402       2.443       2.478    
        2.503       2.519       2.523       2.513       2.488       2.446       2.386       2.306       2.205       2.084    
        1.943       1.782       1.604       1.412       1.210       1.003       1.209       1.409       1.600       1.777    
        1.936       2.076       2.196       2.294       2.372       2.430       2.469       2.492       2.498       2.491    
        2.472       2.443       2.405       2.360       2.308       2.252       2.192       2.130       2.065       2.000    
  12    2.000       2.063       2.125       2.187       2.246       2.302       2.354       2.402       2.443       2.478    
        2.503       2.519       2.523       2.513       2.488       2.446       2.386       2.306       2.205       2.084    
        1.943       1.782       1.604       1.412       1.210       1.003       1.209       1.409       1.600       1.777    
        1.936       2.076       2.196       2.294       2.372       2.430       2.469       2.492       2.498       2.491    
        2.472       2.443       2.405       2.360       2.308       2.252       2.192       2.130       2.065       2.000    
  13    2.000       2.063       2.125       2.187       2.246       2.302       2.354       2.402       2.443       2.478    
        2.503       2.519       2.523       2.513       2.488       2.446       2.386       2.306       2.205       2.084    
        1.943       1.782       1.604       1.412       1.210       1.003       1.209       1.409       1.600       1.777    
        1.936       2.076       2.196       2.294       2.372       2.430       2.469       2.492       2.498       2.491    
        2.472       2.443       2.405       2.360       2.308       2.252       2.192       2.130       2.065       2.000    
  14    2.000       2.063       2.125       2.187       2.246       2.302       2.354       2.402       2.443       2.478    
        2.503       2.519       2.523       2.513       2.488       2.446       2.386       2.306       2.205       2.084    
        1.943       1.782       1.604       1.412       1.210       1.003       1.209       1.409       1.600       1.777    
        1.936       2.076       2.196       2.294       2.372       2.430       2.469       2.492       2.498       2.491    
        2.472       2.443       2.405       2.360       2.308       2.252       2.192       2.130       2.065       2.000    
  15    2.000       2.063       2.125       2.187       2.246       2.302       2.354       2.402       2.443       2.478    
        2.503       2.519       2.523       2.513       2.488       2.446       2.386       2.306       2.205       2.084    
        1.943       1.782       1.604       1.412       1.210       1.003       1.209       1.409       1.600       1.777    
        1.936       2.076       2.196       2.294       2.372       2.430       2.469       2.492       2.498       2.491    
        2.472       2.443       2.405       2.360       2.308       2.252       2.192       2.130       2.065       2.000    
  16    2.000       2.063       2.125       2.187       2.246       2.302       2.354       2.402       2.443       2.478    
        2.503       2.519       2.523       2.513       2.488       2.446       2.386       2.306       2.205       2.084    
        1.943       1.782       1.604       1.412       1.210       1.003       1.209       1.409       1.600       1.777    
        1.936       2.076       2.196       2.294       2.372       2.430       2.469       2.492       2.498       2.491    
        2.472       2.443       2.405       2.360       2.308       2.252       2.192       2.130       2.065       2.000    
  17    2.000       2.063       2.125       2.187       2.246       2.302       2.354       2.402       2.443       2.478    
        2.503       2.519       2.523       2.513       2.488       2.446       2.386       2.306       2.205       2.084    
        1.943       1.782       1.604       1.412       1.210       1.003       1.209       1.409       1.600       1.777    
        1.936       2.076       2.196       2.294       2.372       2.430       2.469       2.492       2.498       2.491    
        2.472       2.443       2.405       2.360       2.308       2.252       2.192       2.130       2.065       2.000    
  18    2.000       2.063       2.125       2.187       2.246       2.302       2.354       2.402       2.443       2.478    
        2.503       2.519       2.523       2.513       2.488       2.446       2.386       2.306       2.205       2.084    
        1.943       1.782       1.604       1.412       1.210       1.003       1.209       1.409       1.600       1.777    
        1.936       2.076       2.196       2.294       2.372       2.430       2.469       2.492       2.498       2.491    
        2.472       2.443       2.405       2.360       2.308       2.252       2.192       2.130       2.065       2.000    
  19    2.000       2.063       2.125       2.187       2.246       2.302       2.354       2.402       2.443       2.478    
        2.503       2.519       2.523       2.513       2.488       2.446       2.386       2.306       2.205       2.084    
        1.943       1.782       1.604       1.412       1.210       1.003       1.209       1.409       1.600       1.777    
        1.936       2.076       2.196       2.294       2.372       2.430       2.469       2.492       2.498       2.491    
        2.472       2.443       2.405       2.360       2.308       2.252       2.192       2.130       2.065       2.000    
  20    2.000       2.063       2.125       2.187       2.246       2.302       2.354       2.402       2.443       2.478    
        2.503       2.519       2.523       2.513       2.488       2.446       2.386       2.306       2.205       2.084    
        1.943       1.782       1.604       1.412       1.210       1.003       1.209       1.409       1.600       1.777    
        1.936       2.076       2.196       2.294       2.372       2.430       2.469       2.492       2.498       2.491    
        2.472       2.443       2.405       2.360       2.308       2.252       2.192       2.130       2.065       2.000    
  21    2.000       2.063       2.125       2.187       2.246       2.302       2.354       2.402       2.443       2.478    
        2.503       2.519       2.523       2.513       2.488       2.446       2.386       2.306       2.205       2.084    
        1.943       1.782       1.604       1.412       1.210       1.003       1.209       1.409       1.600       1.777    
        1.936       2.076       2.196       2.294       2.372       2.430       2.469       2.492       2.498       2.491    
        2.472       2.443       2.405       2.360       2.308       2.252       2.192       2.130       2.065       2.000    
  22    2.000       2.063       2.125       2.187       2.246       2.302       2.354       2.402       2.443       2.478    
        2.503       2.519       2.523       2.513       2.488       2.446       2.386       2.306       2.205       2.084    
        1.943       1.782       1.604       1.412       1.210       1.003       1.209       1.409       1.600       1.777    
        1.936       2.076       2.196       2.294       2.372       2.430       2.469       2.492       2.498       2.491    
        2.472       2.443       2.405       2.360       2.308       2.252       2.192       2.130       2.065       2.000    
  23    2.000       2.063       2.125       2.187       2.246       2.302       2.354       2.402       2.443       2.478    
        2.503       2.519       2.523       2.513       2.488       2.446       2.386       2.306       2.205       2.084    
        1.943       1.782       1.604       1.412       1.210       1.003       1.209       1.409       1.600       1.777    
        1.936       2.076       2.196       2.294       2.372       2.430       2.469       2.492       2.498       2.491    
        2.472       2.443       2.405       2.360       2.308       2.252       2.192       2.130       2.065       2.000    
  24    2.000       2.063       2.125       2.187       2.246       2.302       2.354       2.402       2.443       2.478    
        2.503       2.519       2.523       2.513       2.488       2.446       2.386       2.306       2.205       2.084    
        1.943       1.782       1.604       1.412       1.210       1.003       1.209       1.409       1.600       1.777    
        1.936       2.076       2.196       2.294       2.372       2.430       2.469       2.492       2.498       2.491    
        2.472       2.443       2.405       2.360       2.308       2.252       2.192       2.130       2.065       2.000    
  25    2.000       2.063       2.125       2.187       2.246       2.302       2.354       2.402       2.443       2.478    
        2.503       2.519       2.523       2.513       2.488       2.446       2.386       2.306       2.205       2.084    
        1.943       1.782       1.604       1.412       1.210       1.003       1.209       1.409       1.600       1.777    
        1.936       2.076       2.196       2.294       2.372       2.430       2.469       2.492       2.498       2.491    
        2.472       2.443       2.405       2.360       2.308       2.252       2.192       2.130       2.065       2.000    
  26    2.000       2.063       2.125       2.187       2.246       2.302       2.354       2.402       2.443       2.478    
        2.503       2.519       2.523       2.513       2.488       2.446       2.386       2.306       2.205       2.084    
        1.943       1.782       1.604       1.412       1.210       1.003       1.209       1.409       1.600       1.777    
        1.936       2.076       2.196       2.294       2.372       2.430       2.469       2.492       2.498       2.491    
        2.472       2.443       2.405       2.360       2.308       2.252       2.192       2.130       2.065       2.000    
  27    2.000       2.063       2.125       2.187       2.246       2.302       2.354       2.402       2.443       2.478    
        2.503       2.519       2.523       2.513       2.488       2.446       2.386       2.306       2.205       2.084    
        1.943       1.782       1.604       1.412       1.210       1.003       1.209       1.409       1.600       1.777    
        1.936       2.076       2.196       2.294       2.372       2.430       2.469       2.492       2.498       2.491    
        2.472       2.443       2.405       2.360       2.308       2.252       2.192       2.130       2.065       2.000    
  28    2.000       2.063       2.125       2.187       2.246       2.302       2.354       2.402       2.443       2.478    
        2.503       2.519       2.523       2.513       2.488       2.446       2.386       2.306       2.205       2.084    
        1.943       1.782       1.604       1.412       1.210       1.003       1.209       1.409       1.600       1.777    
        1.936       2.076       2.196       2.294       2.372       2.430       2.469       2.492       2.498       2.491    
        2.472       2.443       2.405       2.360       2.308       2.252       2.192       2.130       2.065       2.000    
  29    2.000       2.063       2.125       2.187       2.246       2.302       2.354       2.402       2.443       2.478    
        2.503       2.519       2.523       2.513       2.488       2.446       2.386       2.306       2.205       2.084    
        1.943       1.782       1.604       1.412       1.210       1.003       1.209       1.409       1.600       1.777    
        1.936       2.076       2.196       2.294       2.372       2.430       2.469       2.492       2.498       2.491    
        2.472       2.443       2.405       2.360       2.308       2.252       2.192       2.130       2.065       2.000    
  30    2.000       2.063       2.125       2.187       2.246       2.302       2.354       2.402       2.443       2.478    
        2.503       2.519       2.523       2.513       2.488       2.446       2.386       2.306       2.205       2.084    
        1.943       1.782       1.604       1.412       1.210       1.003       1.209       1.409       1.600       1.777    
        1.936       2.076       2.196       2.294       2.372       2.430       2.469       2.492       2.498       2.491    
        2.472       2.443       2.405       2.360       2.308       2.252       2.192       2.130       2.065       2.000    
  31    2.000       2.063       2.125       2.187       2.246       2.302       2.354       2.402       2.443       2.478    
        2.503       2.519       2.523       2.513       2.488       2.446       2.386       2.306       2.205       2.084    
        1.943       1.782       1.604       1.412       1.210       1.003       1.209       1.409       1.600       1.777    
        1.936       2.076       2.196       2.294       2.372       2.430       2.469       2.492       2.498       2.491    
        2.472       2.443       2.405       2.360       2.308       2.252       2.192       2.130       2.065       2.000    
  32    2.000       2.063       2.125       2.187       2.246       2.302       2.354       2.402       2.443       2.478    
        2.503       2.519       2.523       2.513       2.488       2.446       2.386       2.306       2.205       2.084    
        1.943       1.782       1.604       1.412       1.210       1.003       1.209       1.409       1.600       1.777    
        1.936       2.076       2.196       2.294       2.372       2.430       2.469       2.492       2.498       2.491    
        2.472       2.443       2.405       2.360       2.308       2.252       2.192       2.130       2.065       2.000    
  33    2.000       2.063       2.125       2.187       2.246       2.302       2.354       2.402       2.443       2.478    
        2.503       2.519       2.523       2.513       2.488       2.446       2.386       2.306       2.205       2.084    
        1.943       1.782       1.604       1.412       1.210       1.003       1.209       1.409       1.600       1.777    
        1.936       2.076       2.196       2.294       2.372       2.430       2.469       2.492       2.498       2.491    
        2.472       2.443       2.405       2.360       2.308       2.252       2.192       2.130       2.065       2.000    
  34    2.000       2.063       2.125       2.187       2.246       2.302       2.354       2.402       2.443       2.478    
        2.503       2.519       2.523       2.513       2.488       2.446       2.386       2.306       2.205       2.084    
        1.943       1.782       1.604       1.412       1.210       1.003       1.209       1.409       1.600       1.777    
        1.936       2.076       2.196       2.294       2.372       2.430       2.469       2.492       2.498       2.491    
        2.472       2.443       2.405       2.360       2.308       2.252       2.192       2.130       2.065       2.000    
  35    2.000       2.063       2.125       2.187       2.246       2.302       2.354       2.402       2.443       2.478    
        2.503       2.519       2.523       2.513       2.488       2.446       2.386       2.306       2.205       2.084    
        1.943       1.782       1.604       1.412       1.210       1.003       1.209       1.409       1.600       1.777    
        1.936       2.076       2.196       2.294       2.372       2.430       2.469       2.492       2.498       2.491    
        2.472       2.443       2.405       2.360       2.308       2.252       2.192       2.130       2.065       2.000    
  36    2.000       2.063       2.125       2.187       2.246       2.302       2.354       2.402       2.443       2.478    
        2.503       2.519       2.523       2.513       2.488       2.446       2.386       2.306       2.205       2.084    
        1.943       1.782       1.604       1.412       1.210       1.003       1.209       1.409       1.600       1.777    
        1.936       2.076       2.196       2.294       2.372       2.430       2.469       2.492       2.498       2.491    
        2.472       2.443       2.405       2.360       2.308       2.252       2.192       2.130       2.065       2.000    
  37    2.000       2.063       2.125       2.187       2.246       2.302       2.354       2.402       2.443       2.478    
        2.503       2.519       2.523       2.513       2.488       2.446       2.386       2.306       2.205       2.084    
        1.943       1.782       1.604       1.412       1.210       1.003       1.209       1.409       1.600       1.777    
        1.936       2.076       2.196       2.294       2.372       2.430       2.469       2.492       2.498       2.491    
        2.472       2.443       2.405       2.360       2.308       2.252       2.192       2.130       2.065       2.000    
  38    2.000       2.063       2.125       2.187       2.246       2.302       2.354       2.402       2.443       2.478    
        2.503       2.519       2.523       2.513       2.488       2.446       2.386       2.306       2.205       2.084    
        1.943       1.782       1.604       1.412       1.210       1.003       1.209       1.409       1.600       1.777    
        1.936       2.076       2.196       2.294       2.372       2.430       2.469       2.492       2.498       2.491    
        2.472       2.443       2.405       2.360       2.308       2.252       2.192       2.130       2.065       2.000    
  39    2.000       2.063       2.125       2.187       2.246       2.302       2.354       2.402       2.443       2.478    
        2.503       2.519       2.523       2.513       2.488       2.446       2.386       2.306       2.205       2.084    
        1.943       1.782       1.604       1.412       1.210       1.003       1.209       1.409       1.600       1.777    
        1.936       2.076       2.196       2.294       2.372       2.430       2.469       2.492       2.498       2.491    
        2.472       2.443       2.405       2.360       2.308       2.252       2.192       2.130       2.065       2.000    
  40    2.000       2.063       2.125       2.187       2.246       2.302       2.354       2.402       2.443       2.478    
        2.503       2.519       2.523       2.513       2.488       2.446       2.386       2.306       2.205       2.084    
        1.943       1.782       1.604       1.412       1.210       1.003       1.209       1.409       1.600       1.777    
        1.936       2.076       2.196       2.294       2.372       2.430       2.469       2.492       2.498       2.491    
        2.472       2.443       2.405       2.360       2.308       2.252       2.192       2.130       2.065       2.000    
  41    2.000       2.063       2.125       2.187       2.246       2.302       2.354       2.402       2.443       2.478    
        2.503       2.519       2.523       2.513       2.488       2.446       2.386       2.306       2.205       2.084    
        1.943       1.782       1.604       1.412       1.210       1.003       1.209       1.409       1.600       1.777    
        1.936       2.076       2.196       2.294       2.372       2.430       2.469       2.492       2.498       2.491    
        2.472       2.443       2.405       2.360       2.308       2.252       2.192       2.130       2.065       2.000    
  42    2.000       2.063       2.125       2.187       2.246       2.302       2.354       2.402       2.443       2.478    
        2.503       2.519       2.523       2.513       2.488       2.446       2.386       2.306       2.205       2.084    
        1.943       1.782       1.604       1.412       1.210       1.003       1.209       1.409       1.600       1.777    
        1.936       2.076       2.196       2.294       2.372       2.430       2.469       2.492       2.498       2.491    
        2.472       2.443       2.405       2.360       2.308       2.252       2.192       2.130       2.065       2.000    
  43    2.000       2.063       2.125       2.187       2.246       2.302       2.354       2.402       2.443       2.478    
        2.503       2.519       2.523       2.513       2.488       2.446       2.386       2.306       2.205       2.084    
        1.943       1.782       1.604       1.412       1.210       1.003       1.209       1.409       1.600       1.777    
        1.936       2.076       2.196       2.294       2.372       2.430       2.469       2.492       2.498       2.491    
        2.472       2.443       2.405       2.360       2.308       2.252       2.192       2.130       2.065       2.000    
  44    2.000       2.063       2.125       2.187       2.246       2.302       2.354       2.402       2.443       2.478    
        2.503       2.519       2.523       2.513       2.488       2.446       2.386       2.306       2.205       2.084    
        1.943       1.782       1.604       1.412       1.210       1.003       1.209       1.409       1.600       1.777    
        1.936       2.076       2.196       2.294       2.372       2.430       2.469       2.492       2.498       2.491    
        2.472       2.443       2.405       2.360       2.308       2.252       2.192       2.130       2.065       2.000    
  45    2.000       2.063       2.125       2.187       2.246       2.302       2.354       2.402       2.443       2.478    
        2.503       2.519       2.523       2.513       2.488       2.446       2.386       2.306       2.205       2.084    
        1.943       1.782       1.604       1.412       1.210       1.003       1.209       1.409       1.600       1.777    
        1.936       2.076       2.196       2.294       2.372       2.430       2.469       2.492       2.498       2.491    
        2.472       2.443       2.405       2.360       2.308       2.252       2.192       2.130       2.065       2.000    
  46    2.000       2.063       2.125       2.187       2.246       2.302       2.354       2.402       2.443       2.478    
        2.503       2.519       2.523       2.513       2.488       2.446       2.386       2.306       2.205       2.084    
        1.943       1.782       1.604       1.412       1.210       1.003       1.209       1.409       1.600       1.777    
        1.936       2.076       2.196       2.294       2.372       2.430       2.469       2.492       2.498       2.491    
        2.472       2.443       2.405       2.360       2.308       2.252       2.192       2.130       2.065       2.000    
  47    2.000       2.063       2.125       2.187       2.246       2.302       2.354       2.402       2.443       2.478    
        2.503       2.519       2.523       2.513       2.488       2.446       2.386       2.306       2.205       2.084    
        1.943       1.782       1.604       1.412       1.210       1.003       1.209       1.409       1.600       1.777    
        1.936       2.076       2.196       2.294       2.372       2.430       2.469       2.492       2.498       2.491    
        2.472       2.443       2.405       2.360       2.308       2.252       2.192       2.130       2.065       2.000    
  48    2.000       2.063       2.125       2.187       2.246       2.302       2.354       2.402       2.443       2.478    
        2.503       2.519       2.523       2.513       2.488       2.446       2.386       2.306       2.205       2.084    
        1.943       1.782       1.604       1.412       1.210       1.003       1.209       1.409       1.600       1.777    
        1.936       2.076       2.196       2.294       2.372       2.430       2.469       2.492       2.498       2.491    
        2.472       2.443       2.405       2.360       2.308       2.252       2.192       2.130       2.065       2.000    
  49    2.000       2.063       2.125       2.187       2.246       2.302       2.354       2.402       2.443       2.478    
        2.503       2.519       2.523       2.513       2.488       2.446       2.386       2.306       2.205       2.084    
        1.943       1.782       1.604       1.412       1.210       1.003       1.209       1.409       1.600       1.777    
        1.936       2.076       2.196       2.294       2.372       2.430       2.469       2.492       2.498       2.491    
        2.472       2.443       2.405       2.360       2.308       2.252       2.192       2.130       2.065       2.000    
  50    2.000       2.063       2.125       2.187       2.246       2.302       2.354       2.402       2.443       2.478    
        2.503       2.519       2.523       2.513       2.488       2.446       2.386       2.306       2.205       2.084    
        1.943       1.782       1.604       1.412       1.210       1.003       1.209       1.409       1.600       1.777    
        1.936       2.076       2.196       2.294       2.372       2.430       2.469       2.492       2.498       2.491    
        2.472       2.443       2.405       2.360       2.308       2.252       2.192       2.130       2.065       2.000    

 HEAD WILL BE SAVED ON UNIT   51 AT END OF TIME STEP    4, STRESS PERIOD    3

 DRAWDOWN WILL BE SAVED ON UNIT   52 AT END OF TIME STEP    4, STRESS PERIOD    3
1
  VOLUMETRIC BUDGET FOR ENTIRE MODEL AT END OF TIME STEP    4, STRESS PERIOD   3
  ------------------------------------------------------------------------------

     CUMULATIVE VOLUMES      L**3       RATES FOR THIS TIME STEP      L**3/T
     ------------------                 ------------------------

           IN:                                      IN:
           ---                                      ---
             STORAGE =        5407.6343               STORAGE =        1353.8033
       CONSTANT HEAD =         447.1242         CONSTANT HEAD =           0.0000
       RIVER LEAKAGE =        8975.5117         RIVER LEAKAGE =           0.0000

            TOTAL IN =       14830.2695              TOTAL IN =        1353.8033

          OUT:                                     OUT:
          ----                                     ----
             STORAGE =        8596.4561               STORAGE =           0.0000
       CONSTANT HEAD =        1392.4293         CONSTANT HEAD =         320.6335
       RIVER LEAKAGE =        4841.3984         RIVER LEAKAGE =        1033.1738

           TOTAL OUT =       14830.2842             TOTAL OUT =        1353.8074

            IN - OUT =      -1.4648E-02              IN - OUT =      -4.0283E-03

 PERCENT DISCREPANCY =          -0.00     PERCENT DISCREPANCY =          -0.00






         TIME SUMMARY AT END OF TIME STEP    4 IN STRESS PERIOD    3
                    SECONDS     MINUTES      HOURS       DAYS        YEARS
                    -----------------------------------------------------------
   TIME STEP LENGTH  43200.      720.00      12.000     0.50000     1.36893E-03
 STRESS PERIOD TIME 1.72800E+05  2880.0      48.000      2.0000     5.47570E-03
         TOTAL TIME 6.91200E+05  11520.      192.00      8.0000     2.19028E-02
1
 
 SOLVING FOR HEAD 

 OUTPUT CONTROL FOR STRESS PERIOD    3   TIME STEP    5
    SAVE HEAD FOR ALL LAYERS
    SAVE DRAWDOWN FOR ALL LAYERS
    SAVE BUDGET
    PRINT HEAD FOR ALL LAYERS
    PRINT BUDGET
 UBDSV1 SAVING "         STORAGE" ON UNIT  53 AT TIME STEP  5, STRESS PERIOD   3
 UBDSV2 SAVING "   CONSTANT HEAD" ON UNIT  53 AT TIME STEP  5, STRESS PERIOD   3
 UBDSV1 SAVING "FLOW RIGHT FACE " ON UNIT  53 AT TIME STEP  5, STRESS PERIOD   3
 UBDSV1 SAVING "FLOW FRONT FACE " ON UNIT  53 AT TIME STEP  5, STRESS PERIOD   3
 UBDSV4 SAVING "   RIVER LEAKAGE" ON UNIT  53 AT TIME STEP  5, STRESS PERIOD   3
1
              HEAD IN LAYER   1 AT END OF TIME STEP   5 IN STRESS PERIOD    3
  ---------------------------------------------------------------------------

            1           2           3           4           5           6           7           8           9          10
           11          12          13          14          15          16          17          18          19          20
           21          22          23          24          25          26          27          28          29          30
           31          32          33          34          35          36          37          38          39          40
           41          42          43          44          45          46          47          48          49          50
 ........................................................................................................................
   1    2.000       2.053       2.104       2.154       2.202       2.246       2.285       2.320       2.347       2.367    
        2.378       2.379       2.368       2.346       2.310       2.259       2.194       2.113       2.017       1.906    
        1.781       1.642       1.493       1.334       1.170       1.002       1.168       1.331       1.488       1.636    
        1.773       1.896       2.006       2.100       2.178       2.241       2.289       2.323       2.343       2.350    
        2.346       2.332       2.309       2.279       2.242       2.200       2.153       2.104       2.053       2.000    
   2    2.000       2.053       2.104       2.154       2.202       2.246       2.285       2.320       2.347       2.367    
        2.378       2.379       2.368       2.346       2.310       2.259       2.194       2.113       2.017       1.906    
        1.781       1.642       1.493       1.334       1.170       1.002       1.168       1.331       1.488       1.636    
        1.773       1.896       2.006       2.100       2.178       2.241       2.289       2.323       2.343       2.350    
        2.346       2.332       2.309       2.279       2.242       2.200       2.153       2.104       2.053       2.000    
   3    2.000       2.053       2.104       2.154       2.202       2.246       2.285       2.320       2.347       2.367    
        2.378       2.379       2.368       2.346       2.310       2.259       2.194       2.113       2.017       1.906    
        1.781       1.642       1.493       1.334       1.170       1.002       1.168       1.331       1.488       1.636    
        1.773       1.896       2.006       2.100       2.178       2.241       2.289       2.323       2.343       2.350    
        2.346       2.332       2.309       2.279       2.242       2.200       2.153       2.104       2.053       2.000    
   4    2.000       2.053       2.104       2.154       2.202       2.246       2.285       2.320       2.347       2.367    
        2.378       2.379       2.368       2.346       2.310       2.259       2.194       2.113       2.017       1.906    
        1.781       1.642       1.493       1.334       1.170       1.002       1.168       1.331       1.488       1.636    
        1.773       1.896       2.006       2.100       2.178       2.241       2.289       2.323       2.343       2.350    
        2.346       2.332       2.309       2.279       2.242       2.200       2.153       2.104       2.053       2.000    
   5    2.000       2.053       2.104       2.154       2.202       2.246       2.285       2.320       2.347       2.367    
        2.378       2.379       2.368       2.346       2.310       2.259       2.194       2.113       2.017       1.906    
        1.781       1.642       1.493       1.334       1.170       1.002       1.168       1.331       1.488       1.636    
        1.773       1.896       2.006       2.100       2.178       2.241       2.289       2.323       2.343       2.350    
        2.346       2.332       2.309       2.279       2.242       2.200       2.153       2.104       2.053       2.000    
   6    2.000       2.053       2.104       2.154       2.202       2.246       2.285       2.320       2.347       2.367    
        2.378       2.379       2.368       2.346       2.310       2.259       2.194       2.113       2.017       1.906    
        1.781       1.642       1.493       1.334       1.170       1.002       1.168       1.331       1.488       1.636    
        1.773       1.896       2.006       2.100       2.178       2.241       2.289       2.323       2.343       2.350    
        2.346       2.332       2.309       2.279       2.242       2.200       2.153       2.104       2.053       2.000    
   7    2.000       2.053       2.104       2.154       2.202       2.246       2.285       2.320       2.347       2.367    
        2.378       2.379       2.368       2.346       2.310       2.259       2.194       2.113       2.017       1.906    
        1.781       1.642       1.493       1.334       1.170       1.002       1.168       1.331       1.488       1.636    
        1.773       1.896       2.006       2.100       2.178       2.241       2.289       2.323       2.343       2.350    
        2.346       2.332       2.309       2.279       2.242       2.200       2.153       2.104       2.053       2.000    
   8    2.000       2.053       2.104       2.154       2.202       2.246       2.285       2.320       2.347       2.367    
        2.378       2.379       2.368       2.346       2.310       2.259       2.194       2.113       2.017       1.906    
        1.781       1.642       1.493       1.334       1.170       1.002       1.168       1.331       1.488       1.636    
        1.773       1.896       2.006       2.100       2.178       2.241       2.289       2.323       2.343       2.350    
        2.346       2.332       2.309       2.279       2.242       2.200       2.153       2.104       2.053       2.000    
   9    2.000       2.053       2.104       2.154       2.202       2.246       2.285       2.320       2.347       2.367    
        2.378       2.379       2.368       2.346       2.310       2.259       2.194       2.113       2.017       1.906    
        1.781       1.642       1.493       1.334       1.170       1.002       1.168       1.331       1.488       1.636    
        1.773       1.896       2.006       2.100       2.178       2.241       2.289       2.323       2.343       2.350    
        2.346       2.332       2.309       2.279       2.242       2.200       2.153       2.104       2.053       2.000    
  10    2.000       2.053       2.104       2.154       2.202       2.246       2.285       2.320       2.347       2.367    
        2.378       2.379       2.368       2.346       2.310       2.259       2.194       2.113       2.017       1.906    
        1.781       1.642       1.493       1.334       1.170       1.002       1.168       1.331       1.488       1.636    
        1.773       1.896       2.006       2.100       2.178       2.241       2.289       2.323       2.343       2.350    
        2.346       2.332       2.309       2.279       2.242       2.200       2.153       2.104       2.053       2.000    
  11    2.000       2.053       2.104       2.154       2.202       2.246       2.285       2.320       2.347       2.367    
        2.378       2.379       2.368       2.346       2.310       2.259       2.194       2.113       2.017       1.906    
        1.781       1.642       1.493       1.334       1.170       1.002       1.168       1.331       1.488       1.636    
        1.773       1.896       2.006       2.100       2.178       2.241       2.289       2.323       2.343       2.350    
        2.346       2.332       2.309       2.279       2.242       2.200       2.153       2.104       2.053       2.000    
  12    2.000       2.053       2.104       2.154       2.202       2.246       2.285       2.320       2.347       2.367    
        2.378       2.379       2.368       2.346       2.310       2.259       2.194       2.113       2.017       1.906    
        1.781       1.642       1.493       1.334       1.170       1.002       1.168       1.331       1.488       1.636    
        1.773       1.896       2.006       2.100       2.178       2.241       2.289       2.323       2.343       2.350    
        2.346       2.332       2.309       2.279       2.242       2.200       2.153       2.104       2.053       2.000    
  13    2.000       2.053       2.104       2.154       2.202       2.246       2.285       2.320       2.347       2.367    
        2.378       2.379       2.368       2.346       2.310       2.259       2.194       2.113       2.017       1.906    
        1.781       1.642       1.493       1.334       1.170       1.002       1.168       1.331       1.488       1.636    
        1.773       1.896       2.006       2.100       2.178       2.241       2.289       2.323       2.343       2.350    
        2.346       2.332       2.309       2.279       2.242       2.200       2.153       2.104       2.053       2.000    
  14    2.000       2.053       2.104       2.154       2.202       2.246       2.285       2.320       2.347       2.367    
        2.378       2.379       2.368       2.346       2.310       2.259       2.194       2.113       2.017       1.906    
        1.781       1.642       1.493       1.334       1.170       1.002       1.168       1.331       1.488       1.636    
        1.773       1.896       2.006       2.100       2.178       2.241       2.289       2.323       2.343       2.350    
        2.346       2.332       2.309       2.279       2.242       2.200       2.153       2.104       2.053       2.000    
  15    2.000       2.053       2.104       2.154       2.202       2.246       2.285       2.320       2.347       2.367    
        2.378       2.379       2.368       2.346       2.310       2.259       2.194       2.113       2.017       1.906    
        1.781       1.642       1.493       1.334       1.170       1.002       1.168       1.331       1.488       1.636    
        1.773       1.896       2.006       2.100       2.178       2.241       2.289       2.323       2.343       2.350    
        2.346       2.332       2.309       2.279       2.242       2.200       2.153       2.104       2.053       2.000    
  16    2.000       2.053       2.104       2.154       2.202       2.246       2.285       2.320       2.347       2.367    
        2.378       2.379       2.368       2.346       2.310       2.259       2.194       2.113       2.017       1.906    
        1.781       1.642       1.493       1.334       1.170       1.002       1.168       1.331       1.488       1.636    
        1.773       1.896       2.006       2.100       2.178       2.241       2.289       2.323       2.343       2.350    
        2.346       2.332       2.309       2.279       2.242       2.200       2.153       2.104       2.053       2.000    
  17    2.000       2.053       2.104       2.154       2.202       2.246       2.285       2.320       2.347       2.367    
        2.378       2.379       2.368       2.346       2.310       2.259       2.194       2.113       2.017       1.906    
        1.781       1.642       1.493       1.334       1.170       1.002       1.168       1.331       1.488       1.636    
        1.773       1.896       2.006       2.100       2.178       2.241       2.289       2.323       2.343       2.350    
        2.346       2.332       2.309       2.279       2.242       2.200       2.153       2.104       2.053       2.000    
  18    2.000       2.053       2.104       2.154       2.202       2.246       2.285       2.320       2.347       2.367    
        2.378       2.379       2.368       2.346       2.310       2.259       2.194       2.113       2.017       1.906    
        1.781       1.642       1.493       1.334       1.170       1.002       1.168       1.331       1.488       1.636    
        1.773       1.896       2.006       2.100       2.178       2.241       2.289       2.323       2.343       2.350    
        2.346       2.332       2.309       2.279       2.242       2.200       2.153       2.104       2.053       2.000    
  19    2.000       2.053       2.104       2.154       2.202       2.246       2.285       2.320       2.347       2.367    
        2.378       2.379       2.368       2.346       2.310       2.259       2.194       2.113       2.017       1.906    
        1.781       1.642       1.493       1.334       1.170       1.002       1.168       1.331       1.488       1.636    
        1.773       1.896       2.006       2.100       2.178       2.241       2.289       2.323       2.343       2.350    
        2.346       2.332       2.309       2.279       2.242       2.200       2.153       2.104       2.053       2.000    
  20    2.000       2.053       2.104       2.154       2.202       2.246       2.285       2.320       2.347       2.367    
        2.378       2.379       2.368       2.346       2.310       2.259       2.194       2.113       2.017       1.906    
        1.781       1.642       1.493       1.334       1.170       1.002       1.168       1.331       1.488       1.636    
        1.773       1.896       2.006       2.100       2.178       2.241       2.289       2.323       2.343       2.350    
        2.346       2.332       2.309       2.279       2.242       2.200       2.153       2.104       2.053       2.000    
  21    2.000       2.053       2.104       2.154       2.202       2.246       2.285       2.320       2.347       2.367    
        2.378       2.379       2.368       2.346       2.310       2.259       2.194       2.113       2.017       1.906    
        1.781       1.642       1.493       1.334       1.170       1.002       1.168       1.331       1.488       1.636    
        1.773       1.896       2.006       2.100       2.178       2.241       2.289       2.323       2.343       2.350    
        2.346       2.332       2.309       2.279       2.242       2.200       2.153       2.104       2.053       2.000    
  22    2.000       2.053       2.104       2.154       2.202       2.246       2.285       2.320       2.347       2.367    
        2.378       2.379       2.368       2.346       2.310       2.259       2.194       2.113       2.017       1.906    
        1.781       1.642       1.493       1.334       1.170       1.002       1.168       1.331       1.488       1.636    
        1.773       1.896       2.006       2.100       2.178       2.241       2.289       2.323       2.343       2.350    
        2.346       2.332       2.309       2.279       2.242       2.200       2.153       2.104       2.053       2.000    
  23    2.000       2.053       2.104       2.154       2.202       2.246       2.285       2.320       2.347       2.367    
        2.378       2.379       2.368       2.346       2.310       2.259       2.194       2.113       2.017       1.906    
        1.781       1.642       1.493       1.334       1.170       1.002       1.168       1.331       1.488       1.636    
        1.773       1.896       2.006       2.100       2.178       2.241       2.289       2.323       2.343       2.350    
        2.346       2.332       2.309       2.279       2.242       2.200       2.153       2.104       2.053       2.000    
  24    2.000       2.053       2.104       2.154       2.202       2.246       2.285       2.320       2.347       2.367    
        2.378       2.379       2.368       2.346       2.310       2.259       2.194       2.113       2.017       1.906    
        1.781       1.642       1.493       1.334       1.170       1.002       1.168       1.331       1.488       1.636    
        1.773       1.896       2.006       2.100       2.178       2.241       2.289       2.323       2.343       2.350    
        2.346       2.332       2.309       2.279       2.242       2.200       2.153       2.104       2.053       2.000    
  25    2.000       2.053       2.104       2.154       2.202       2.246       2.285       2.320       2.347       2.367    
        2.378       2.379       2.368       2.346       2.310       2.259       2.194       2.113       2.017       1.906    
        1.781       1.642       1.493       1.334       1.170       1.002       1.168       1.331       1.488       1.636    
        1.773       1.896       2.006       2.100       2.178       2.241       2.289       2.323       2.343       2.350    
        2.346       2.332       2.309       2.279       2.242       2.200       2.153       2.104       2.053       2.000    
  26    2.000       2.053       2.104       2.154       2.202       2.246       2.285       2.320       2.347       2.367    
        2.378       2.379       2.368       2.346       2.310       2.259       2.194       2.113       2.017       1.906    
        1.781       1.642       1.493       1.334       1.170       1.002       1.168       1.331       1.488       1.636    
        1.773       1.896       2.006       2.100       2.178       2.241       2.289       2.323       2.343       2.350    
        2.346       2.332       2.309       2.279       2.242       2.200       2.153       2.104       2.053       2.000    
  27    2.000       2.053       2.104       2.154       2.202       2.246       2.285       2.320       2.347       2.367    
        2.378       2.379       2.368       2.346       2.310       2.259       2.194       2.113       2.017       1.906    
        1.781       1.642       1.493       1.334       1.170       1.002       1.168       1.331       1.488       1.636    
        1.773       1.896       2.006       2.100       2.178       2.241       2.289       2.323       2.343       2.350    
        2.346       2.332       2.309       2.279       2.242       2.200       2.153       2.104       2.053       2.000    
  28    2.000       2.053       2.104       2.154       2.202       2.246       2.285       2.320       2.347       2.367    
        2.378       2.379       2.368       2.346       2.310       2.259       2.194       2.113       2.017       1.906    
        1.781       1.642       1.493       1.334       1.170       1.002       1.168       1.331       1.488       1.636    
        1.773       1.896       2.006       2.100       2.178       2.241       2.289       2.323       2.343       2.350    
        2.346       2.332       2.309       2.279       2.242       2.200       2.153       2.104       2.053       2.000    
  29    2.000       2.053       2.104       2.154       2.202       2.246       2.285       2.320       2.347       2.367    
        2.378       2.379       2.368       2.346       2.310       2.259       2.194       2.113       2.017       1.906    
        1.781       1.642       1.493       1.334       1.170       1.002       1.168       1.331       1.488       1.636    
        1.773       1.896       2.006       2.100       2.178       2.241       2.289       2.323       2.343       2.350    
        2.346       2.332       2.309       2.279       2.242       2.200       2.153       2.104       2.053       2.000    
  30    2.000       2.053       2.104       2.154       2.202       2.246       2.285       2.320       2.347       2.367    
        2.378       2.379       2.368       2.346       2.310       2.259       2.194       2.113       2.017       1.906    
        1.781       1.642       1.493       1.334       1.170       1.002       1.168       1.331       1.488       1.636    
        1.773       1.896       2.006       2.100       2.178       2.241       2.289       2.323       2.343       2.350    
        2.346       2.332       2.309       2.279       2.242       2.200       2.153       2.104       2.053       2.000    
  31    2.000       2.053       2.104       2.154       2.202       2.246       2.285       2.320       2.347       2.367    
        2.378       2.379       2.368       2.346       2.310       2.259       2.194       2.113       2.017       1.906    
        1.781       1.642       1.493       1.334       1.170       1.002       1.168       1.331       1.488       1.636    
        1.773       1.896       2.006       2.100       2.178       2.241       2.289       2.323       2.343       2.350    
        2.346       2.332       2.309       2.279       2.242       2.200       2.153       2.104       2.053       2.000    
  32    2.000       2.053       2.104       2.154       2.202       2.246       2.285       2.320       2.347       2.367    
        2.378       2.379       2.368       2.346       2.310       2.259       2.194       2.113       2.017       1.906    
        1.781       1.642       1.493       1.334       1.170       1.002       1.168       1.331       1.488       1.636    
        1.773       1.896       2.006       2.100       2.178       2.241       2.289       2.323       2.343       2.350    
        2.346       2.332       2.309       2.279       2.242       2.200       2.153       2.104       2.053       2.000    
  33    2.000       2.053       2.104       2.154       2.202       2.246       2.285       2.320       2.347       2.367    
        2.378       2.379       2.368       2.346       2.310       2.259       2.194       2.113       2.017       1.906    
        1.781       1.642       1.493       1.334       1.170       1.002       1.168       1.331       1.488       1.636    
        1.773       1.896       2.006       2.100       2.178       2.241       2.289       2.323       2.343       2.350    
        2.346       2.332       2.309       2.279       2.242       2.200       2.153       2.104       2.053       2.000    
  34    2.000       2.053       2.104       2.154       2.202       2.246       2.285       2.320       2.347       2.367    
        2.378       2.379       2.368       2.346       2.310       2.259       2.194       2.113       2.017       1.906    
        1.781       1.642       1.493       1.334       1.170       1.002       1.168       1.331       1.488       1.636    
        1.773       1.896       2.006       2.100       2.178       2.241       2.289       2.323       2.343       2.350    
        2.346       2.332       2.309       2.279       2.242       2.200       2.153       2.104       2.053       2.000    
  35    2.000       2.053       2.104       2.154       2.202       2.246       2.285       2.320       2.347       2.367    
        2.378       2.379       2.368       2.346       2.310       2.259       2.194       2.113       2.017       1.906    
        1.781       1.642       1.493       1.334       1.170       1.002       1.168       1.331       1.488       1.636    
        1.773       1.896       2.006       2.100       2.178       2.241       2.289       2.323       2.343       2.350    
        2.346       2.332       2.309       2.279       2.242       2.200       2.153       2.104       2.053       2.000    
  36    2.000       2.053       2.104       2.154       2.202       2.246       2.285       2.320       2.347       2.367    
        2.378       2.379       2.368       2.346       2.310       2.259       2.194       2.113       2.017       1.906    
        1.781       1.642       1.493       1.334       1.170       1.002       1.168       1.331       1.488       1.636    
        1.773       1.896       2.006       2.100       2.178       2.241       2.289       2.323       2.343       2.350    
        2.346       2.332       2.309       2.279       2.242       2.200       2.153       2.104       2.053       2.000    
  37    2.000       2.053       2.104       2.154       2.202       2.246       2.285       2.320       2.347       2.367    
        2.378       2.379       2.368       2.346       2.310       2.259       2.194       2.113       2.017       1.906    
        1.781       1.642       1.493       1.334       1.170       1.002       1.168       1.331       1.488       1.636    
        1.773       1.896       2.006       2.100       2.178       2.241       2.289       2.323       2.343       2.350    
        2.346       2.332       2.309       2.279       2.242       2.200       2.153       2.104       2.053       2.000    
  38    2.000       2.053       2.104       2.154       2.202       2.246       2.285       2.320       2.347       2.367    
        2.378       2.379       2.368       2.346       2.310       2.259       2.194       2.113       2.017       1.906    
        1.781       1.642       1.493       1.334       1.170       1.002       1.168       1.331       1.488       1.636    
        1.773       1.896       2.006       2.100       2.178       2.241       2.289       2.323       2.343       2.350    
        2.346       2.332       2.309       2.279       2.242       2.200       2.153       2.104       2.053       2.000    
  39    2.000       2.053       2.104       2.154       2.202       2.246       2.285       2.320       2.347       2.367    
        2.378       2.379       2.368       2.346       2.310       2.259       2.194       2.113       2.017       1.906    
        1.781       1.642       1.493       1.334       1.170       1.002       1.168       1.331       1.488       1.636    
        1.773       1.896       2.006       2.100       2.178       2.241       2.289       2.323       2.343       2.350    
        2.346       2.332       2.309       2.279       2.242       2.200       2.153       2.104       2.053       2.000    
  40    2.000       2.053       2.104       2.154       2.202       2.246       2.285       2.320       2.347       2.367    
        2.378       2.379       2.368       2.346       2.310       2.259       2.194       2.113       2.017       1.906    
        1.781       1.642       1.493       1.334       1.170       1.002       1.168       1.331       1.488       1.636    
        1.773       1.896       2.006       2.100       2.178       2.241       2.289       2.323       2.343       2.350    
        2.346       2.332       2.309       2.279       2.242       2.200       2.153       2.104       2.053       2.000    
  41    2.000       2.053       2.104       2.154       2.202       2.246       2.285       2.320       2.347       2.367    
        2.378       2.379       2.368       2.346       2.310       2.259       2.194       2.113       2.017       1.906    
        1.781       1.642       1.493       1.334       1.170       1.002       1.168       1.331       1.488       1.636    
        1.773       1.896       2.006       2.100       2.178       2.241       2.289       2.323       2.343       2.350    
        2.346       2.332       2.309       2.279       2.242       2.200       2.153       2.104       2.053       2.000    
  42    2.000       2.053       2.104       2.154       2.202       2.246       2.285       2.320       2.347       2.367    
        2.378       2.379       2.368       2.346       2.310       2.259       2.194       2.113       2.017       1.906    
        1.781       1.642       1.493       1.334       1.170       1.002       1.168       1.331       1.488       1.636    
        1.773       1.896       2.006       2.100       2.178       2.241       2.289       2.323       2.343       2.350    
        2.346       2.332       2.309       2.279       2.242       2.200       2.153       2.104       2.053       2.000    
  43    2.000       2.053       2.104       2.154       2.202       2.246       2.285       2.320       2.347       2.367    
        2.378       2.379       2.368       2.346       2.310       2.259       2.194       2.113       2.017       1.906    
        1.781       1.642       1.493       1.334       1.170       1.002       1.168       1.331       1.488       1.636    
        1.773       1.896       2.006       2.100       2.178       2.241       2.289       2.323       2.343       2.350    
        2.346       2.332       2.309       2.279       2.242       2.200       2.153       2.104       2.053       2.000    
  44    2.000       2.053       2.104       2.154       2.202       2.246       2.285       2.320       2.347       2.367    
        2.378       2.379       2.368       2.346       2.310       2.259       2.194       2.113       2.017       1.906    
        1.781       1.642       1.493       1.334       1.170       1.002       1.168       1.331       1.488       1.636    
        1.773       1.896       2.006       2.100       2.178       2.241       2.289       2.323       2.343       2.350    
        2.346       2.332       2.309       2.279       2.242       2.200       2.153       2.104       2.053       2.000    
  45    2.000       2.053       2.104       2.154       2.202       2.246       2.285       2.320       2.347       2.367    
        2.378       2.379       2.368       2.346       2.310       2.259       2.194       2.113       2.017       1.906    
        1.781       1.642       1.493       1.334       1.170       1.002       1.168       1.331       1.488       1.636    
        1.773       1.896       2.006       2.100       2.178       2.241       2.289       2.323       2.343       2.350    
        2.346       2.332       2.309       2.279       2.242       2.200       2.153       2.104       2.053       2.000    
  46    2.000       2.053       2.104       2.154       2.202       2.246       2.285       2.320       2.347       2.367    
        2.378       2.379       2.368       2.346       2.310       2.259       2.194       2.113       2.017       1.906    
        1.781       1.642       1.493       1.334       1.170       1.002       1.168       1.331       1.488       1.636    
        1.773       1.896       2.006       2.100       2.178       2.241       2.289       2.323       2.343       2.350    
        2.346       2.332       2.309       2.279       2.242       2.200       2.153       2.104       2.053       2.000    
  47    2.000       2.053       2.104       2.154       2.202       2.246       2.285       2.320       2.347       2.367    
        2.378       2.379       2.368       2.346       2.310       2.259       2.194       2.113       2.017       1.906    
        1.781       1.642       1.493       1.334       1.170       1.002       1.168       1.331       1.488       1.636    
        1.773       1.896       2.006       2.100       2.178       2.241       2.289       2.323       2.343       2.350    
        2.346       2.332       2.309       2.279       2.242       2.200       2.153       2.104       2.053       2.000    
  48    2.000       2.053       2.104       2.154       2.202       2.246       2.285       2.320       2.347       2.367    
        2.378       2.379       2.368       2.346       2.310       2.259       2.194       2.113       2.017       1.906    
        1.781       1.642       1.493       1.334       1.170       1.002       1.168       1.331       1.488       1.636    
        1.773       1.896       2.006       2.100       2.178       2.241       2.289       2.323       2.343       2.350    
        2.346       2.332       2.309       2.279       2.242       2.200       2.153       2.104       2.053       2.000    
  49    2.000       2.053       2.104       2.154       2.202       2.246       2.285       2.320       2.347       2.367    
        2.378       2.379       2.368       2.346       2.310       2.259       2.194       2.113       2.017       1.906    
        1.781       1.642       1.493       1.334       1.170       1.002       1.168       1.331       1.488       1.636    
        1.773       1.896       2.006       2.100       2.178       2.241       2.289       2.323       2.343       2.350    
        2.346       2.332       2.309       2.279       2.242       2.200       2.153       2.104       2.053       2.000    
  50    2.000       2.053       2.104       2.154       2.202       2.246       2.285       2.320       2.347       2.367    
        2.378       2.379       2.368       2.346       2.310       2.259       2.194       2.113       2.017       1.906    
        1.781       1.642       1.493       1.334       1.170       1.002       1.168       1.331       1.488       1.636    
        1.773       1.896       2.006       2.100       2.178       2.241       2.289       2.323       2.343       2.350    
        2.346       2.332       2.309       2.279       2.242       2.200       2.153       2.104       2.053       2.000    

 HEAD WILL BE SAVED ON UNIT   51 AT END OF TIME STEP    5, STRESS PERIOD    3

 DRAWDOWN WILL BE SAVED ON UNIT   52 AT END OF TIME STEP    5, STRESS PERIOD    3
1
  VOLUMETRIC BUDGET FOR ENTIRE MODEL AT END OF TIME STEP    5, STRESS PERIOD   3
  ------------------------------------------------------------------------------

     CUMULATIVE VOLUMES      L**3       RATES FOR THIS TIME STEP      L**3/T
     ------------------                 ------------------------

           IN:                                      IN:
           ---                                      ---
             STORAGE =        5956.6270               STORAGE =        1097.9851
       CONSTANT HEAD =         447.1242         CONSTANT HEAD =           0.0000
       RIVER LEAKAGE =        8975.5117         RIVER LEAKAGE =           0.0000

            TOTAL IN =       15379.2627              TOTAL IN =        1097.9851

          OUT:                                     OUT:
          ----                                     ----
             STORAGE =        8596.4561               STORAGE =           0.0000
       CONSTANT HEAD =        1523.8203         CONSTANT HEAD =         262.7820
       RIVER LEAKAGE =        5258.9976         RIVER LEAKAGE =         835.1984

           TOTAL OUT =       15379.2734             TOTAL OUT =        1097.9805

            IN - OUT =      -1.0742E-02              IN - OUT =       4.6387E-03

 PERCENT DISCREPANCY =          -0.00     PERCENT DISCREPANCY =           0.00






         TIME SUMMARY AT END OF TIME STEP    5 IN STRESS PERIOD    3
                    SECONDS     MINUTES      HOURS       DAYS        YEARS
                    -----------------------------------------------------------
   TIME STEP LENGTH  43200.      720.00      12.000     0.50000     1.36893E-03
 STRESS PERIOD TIME 2.16000E+05  3600.0      60.000      2.5000     6.84463E-03
         TOTAL TIME 7.34400E+05  12240.      204.00      8.5000     2.32717E-02
1
 
 SOLVING FOR HEAD 

 OUTPUT CONTROL FOR STRESS PERIOD    3   TIME STEP    6
    SAVE HEAD FOR ALL LAYERS
    SAVE DRAWDOWN FOR ALL LAYERS
    SAVE BUDGET
    PRINT HEAD FOR ALL LAYERS
    PRINT BUDGET
 UBDSV1 SAVING "         STORAGE" ON UNIT  53 AT TIME STEP  6, STRESS PERIOD   3
 UBDSV2 SAVING "   CONSTANT HEAD" ON UNIT  53 AT TIME STEP  6, STRESS PERIOD   3
 UBDSV1 SAVING "FLOW RIGHT FACE " ON UNIT  53 AT TIME STEP  6, STRESS PERIOD   3
 UBDSV1 SAVING "FLOW FRONT FACE " ON UNIT  53 AT TIME STEP  6, STRESS PERIOD   3
 UBDSV4 SAVING "   RIVER LEAKAGE" ON UNIT  53 AT TIME STEP  6, STRESS PERIOD   3
1
              HEAD IN LAYER   1 AT END OF TIME STEP   6 IN STRESS PERIOD    3
  ---------------------------------------------------------------------------

            1           2           3           4           5           6           7           8           9          10
           11          12          13          14          15          16          17          18          19          20
           21          22          23          24          25          26          27          28          29          30
           31          32          33          34          35          36          37          38          39          40
           41          42          43          44          45          46          47          48          49          50
 ........................................................................................................................
   1    2.000       2.041       2.082       2.120       2.156       2.189       2.216       2.238       2.254       2.262    
        2.262       2.253       2.234       2.203       2.162       2.108       2.043       1.965       1.876       1.775    
        1.664       1.544       1.416       1.281       1.143       1.002       1.141       1.278       1.411       1.537    
        1.656       1.765       1.864       1.951       2.026       2.089       2.141       2.180       2.208       2.225    
        2.231       2.229       2.219       2.201       2.177       2.148       2.115       2.078       2.040       2.000    
   2    2.000       2.041       2.082       2.120       2.156       2.189       2.216       2.238       2.254       2.262    
        2.262       2.253       2.234       2.203       2.162       2.108       2.043       1.965       1.876       1.775    
        1.664       1.544       1.416       1.281       1.143       1.002       1.141       1.278       1.411       1.537    
        1.656       1.765       1.864       1.951       2.026       2.089       2.141       2.180       2.208       2.225    
        2.231       2.229       2.219       2.201       2.177       2.148       2.115       2.078       2.040       2.000    
   3    2.000       2.041       2.082       2.120       2.156       2.189       2.216       2.238       2.254       2.262    
        2.262       2.253       2.234       2.203       2.162       2.108       2.043       1.965       1.876       1.775    
        1.664       1.544       1.416       1.281       1.143       1.002       1.141       1.278       1.411       1.537    
        1.656       1.765       1.864       1.951       2.026       2.089       2.141       2.180       2.208       2.225    
        2.231       2.229       2.219       2.201       2.177       2.148       2.115       2.078       2.040       2.000    
   4    2.000       2.041       2.082       2.120       2.156       2.189       2.216       2.238       2.254       2.262    
        2.262       2.253       2.234       2.203       2.162       2.108       2.043       1.965       1.876       1.775    
        1.664       1.544       1.416       1.281       1.143       1.002       1.141       1.278       1.411       1.537    
        1.656       1.765       1.864       1.951       2.026       2.089       2.141       2.180       2.208       2.225    
        2.231       2.229       2.219       2.201       2.177       2.148       2.115       2.078       2.040       2.000    
   5    2.000       2.041       2.082       2.120       2.156       2.189       2.216       2.238       2.254       2.262    
        2.262       2.253       2.234       2.203       2.162       2.108       2.043       1.965       1.876       1.775    
        1.664       1.544       1.416       1.281       1.143       1.002       1.141       1.278       1.411       1.537    
        1.656       1.765       1.864       1.951       2.026       2.089       2.141       2.180       2.208       2.225    
        2.231       2.229       2.219       2.201       2.177       2.148       2.115       2.078       2.040       2.000    
   6    2.000       2.041       2.082       2.120       2.156       2.189       2.216       2.238       2.254       2.262    
        2.262       2.253       2.234       2.203       2.162       2.108       2.043       1.965       1.876       1.775    
        1.664       1.544       1.416       1.281       1.143       1.002       1.141       1.278       1.411       1.537    
        1.656       1.765       1.864       1.951       2.026       2.089       2.141       2.180       2.208       2.225    
        2.231       2.229       2.219       2.201       2.177       2.148       2.115       2.078       2.040       2.000    
   7    2.000       2.041       2.082       2.120       2.156       2.189       2.216       2.238       2.254       2.262    
        2.262       2.253       2.234       2.203       2.162       2.108       2.043       1.965       1.876       1.775    
        1.664       1.544       1.416       1.281       1.143       1.002       1.141       1.278       1.411       1.537    
        1.656       1.765       1.864       1.951       2.026       2.089       2.141       2.180       2.208       2.225    
        2.231       2.229       2.219       2.201       2.177       2.148       2.115       2.078       2.040       2.000    
   8    2.000       2.041       2.082       2.120       2.156       2.189       2.216       2.238       2.254       2.262    
        2.262       2.253       2.234       2.203       2.162       2.108       2.043       1.965       1.876       1.775    
        1.664       1.544       1.416       1.281       1.143       1.002       1.141       1.278       1.411       1.537    
        1.656       1.765       1.864       1.951       2.026       2.089       2.141       2.180       2.208       2.225    
        2.231       2.229       2.219       2.201       2.177       2.148       2.115       2.078       2.040       2.000    
   9    2.000       2.041       2.082       2.120       2.156       2.189       2.216       2.238       2.254       2.262    
        2.262       2.253       2.234       2.203       2.162       2.108       2.043       1.965       1.876       1.775    
        1.664       1.544       1.416       1.281       1.143       1.002       1.141       1.278       1.411       1.537    
        1.656       1.765       1.864       1.951       2.026       2.089       2.141       2.180       2.208       2.225    
        2.231       2.229       2.219       2.201       2.177       2.148       2.115       2.078       2.040       2.000    
  10    2.000       2.041       2.082       2.120       2.156       2.189       2.216       2.238       2.254       2.262    
        2.262       2.253       2.234       2.203       2.162       2.108       2.043       1.965       1.876       1.775    
        1.664       1.544       1.416       1.281       1.143       1.002       1.141       1.278       1.411       1.537    
        1.656       1.765       1.864       1.951       2.026       2.089       2.141       2.180       2.208       2.225    
        2.231       2.229       2.219       2.201       2.177       2.148       2.115       2.078       2.040       2.000    
  11    2.000       2.041       2.082       2.120       2.156       2.189       2.216       2.238       2.254       2.262    
        2.262       2.253       2.234       2.203       2.162       2.108       2.043       1.965       1.876       1.775    
        1.664       1.544       1.416       1.281       1.143       1.002       1.141       1.278       1.411       1.537    
        1.656       1.765       1.864       1.951       2.026       2.089       2.141       2.180       2.208       2.225    
        2.231       2.229       2.219       2.201       2.177       2.148       2.115       2.078       2.040       2.000    
  12    2.000       2.041       2.082       2.120       2.156       2.189       2.216       2.238       2.254       2.262    
        2.262       2.253       2.234       2.203       2.162       2.108       2.043       1.965       1.876       1.775    
        1.664       1.544       1.416       1.281       1.143       1.002       1.141       1.278       1.411       1.537    
        1.656       1.765       1.864       1.951       2.026       2.089       2.141       2.180       2.208       2.225    
        2.231       2.229       2.219       2.201       2.177       2.148       2.115       2.078       2.040       2.000    
  13    2.000       2.041       2.082       2.120       2.156       2.189       2.216       2.238       2.254       2.262    
        2.262       2.253       2.234       2.203       2.162       2.108       2.043       1.965       1.876       1.775    
        1.664       1.544       1.416       1.281       1.143       1.002       1.141       1.278       1.411       1.537    
        1.656       1.765       1.864       1.951       2.026       2.089       2.141       2.180       2.208       2.225    
        2.231       2.229       2.219       2.201       2.177       2.148       2.115       2.078       2.040       2.000    
  14    2.000       2.041       2.082       2.120       2.156       2.189       2.216       2.238       2.254       2.262    
        2.262       2.253       2.234       2.203       2.162       2.108       2.043       1.965       1.876       1.775    
        1.664       1.544       1.416       1.281       1.143       1.002       1.141       1.278       1.411       1.537    
        1.656       1.765       1.864       1.951       2.026       2.089       2.141       2.180       2.208       2.225    
        2.231       2.229       2.219       2.201       2.177       2.148       2.115       2.078       2.040       2.000    
  15    2.000       2.041       2.082       2.120       2.156       2.189       2.216       2.238       2.254       2.262    
        2.262       2.253       2.234       2.203       2.162       2.108       2.043       1.965       1.876       1.775    
        1.664       1.544       1.416       1.281       1.143       1.002       1.141       1.278       1.411       1.537    
        1.656       1.765       1.864       1.951       2.026       2.089       2.141       2.180       2.208       2.225    
        2.231       2.229       2.219       2.201       2.177       2.148       2.115       2.078       2.040       2.000    
  16    2.000       2.041       2.082       2.120       2.156       2.189       2.216       2.238       2.254       2.262    
        2.262       2.253       2.234       2.203       2.162       2.108       2.043       1.965       1.876       1.775    
        1.664       1.544       1.416       1.281       1.143       1.002       1.141       1.278       1.411       1.537    
        1.656       1.765       1.864       1.951       2.026       2.089       2.141       2.180       2.208       2.225    
        2.231       2.229       2.219       2.201       2.177       2.148       2.115       2.078       2.040       2.000    
  17    2.000       2.041       2.082       2.120       2.156       2.189       2.216       2.238       2.254       2.262    
        2.262       2.253       2.234       2.203       2.162       2.108       2.043       1.965       1.876       1.775    
        1.664       1.544       1.416       1.281       1.143       1.002       1.141       1.278       1.411       1.537    
        1.656       1.765       1.864       1.951       2.026       2.089       2.141       2.180       2.208       2.225    
        2.231       2.229       2.219       2.201       2.177       2.148       2.115       2.078       2.040       2.000    
  18    2.000       2.041       2.082       2.120       2.156       2.189       2.216       2.238       2.254       2.262    
        2.262       2.253       2.234       2.203       2.162       2.108       2.043       1.965       1.876       1.775    
        1.664       1.544       1.416       1.281       1.143       1.002       1.141       1.278       1.411       1.537    
        1.656       1.765       1.864       1.951       2.026       2.089       2.141       2.180       2.208       2.225    
        2.231       2.229       2.219       2.201       2.177       2.148       2.115       2.078       2.040       2.000    
  19    2.000       2.041       2.082       2.120       2.156       2.189       2.216       2.238       2.254       2.262    
        2.262       2.253       2.234       2.203       2.162       2.108       2.043       1.965       1.876       1.775    
        1.664       1.544       1.416       1.281       1.143       1.002       1.141       1.278       1.411       1.537    
        1.656       1.765       1.864       1.951       2.026       2.089       2.141       2.180       2.208       2.225    
        2.231       2.229       2.219       2.201       2.177       2.148       2.115       2.078       2.040       2.000    
  20    2.000       2.041       2.082       2.120       2.156       2.189       2.216       2.238       2.254       2.262    
        2.262       2.253       2.234       2.203       2.162       2.108       2.043       1.965       1.876       1.775    
        1.664       1.544       1.416       1.281       1.143       1.002       1.141       1.278       1.411       1.537    
        1.656       1.765       1.864       1.951       2.026       2.089       2.141       2.180       2.208       2.225    
        2.231       2.229       2.219       2.201       2.177       2.148       2.115       2.078       2.040       2.000    
  21    2.000       2.041       2.082       2.120       2.156       2.189       2.216       2.238       2.254       2.262    
        2.262       2.253       2.234       2.203       2.162       2.108       2.043       1.965       1.876       1.775    
        1.664       1.544       1.416       1.281       1.143       1.002       1.141       1.278       1.411       1.537    
        1.656       1.765       1.864       1.951       2.026       2.089       2.141       2.180       2.208       2.225    
        2.231       2.229       2.219       2.201       2.177       2.148       2.115       2.078       2.040       2.000    
  22    2.000       2.041       2.082       2.120       2.156       2.189       2.216       2.238       2.254       2.262    
        2.262       2.253       2.234       2.203       2.162       2.108       2.043       1.965       1.876       1.775    
        1.664       1.544       1.416       1.281       1.143       1.002       1.141       1.278       1.411       1.537    
        1.656       1.765       1.864       1.951       2.026       2.089       2.141       2.180       2.208       2.225    
        2.231       2.229       2.219       2.201       2.177       2.148       2.115       2.078       2.040       2.000    
  23    2.000       2.041       2.082       2.120       2.156       2.189       2.216       2.238       2.254       2.262    
        2.262       2.253       2.234       2.203       2.162       2.108       2.043       1.965       1.876       1.775    
        1.664       1.544       1.416       1.281       1.143       1.002       1.141       1.278       1.411       1.537    
        1.656       1.765       1.864       1.951       2.026       2.089       2.141       2.180       2.208       2.225    
        2.231       2.229       2.219       2.201       2.177       2.148       2.115       2.078       2.040       2.000    
  24    2.000       2.041       2.082       2.120       2.156       2.189       2.216       2.238       2.254       2.262    
        2.262       2.253       2.234       2.203       2.162       2.108       2.043       1.965       1.876       1.775    
        1.664       1.544       1.416       1.281       1.143       1.002       1.141       1.278       1.411       1.537    
        1.656       1.765       1.864       1.951       2.026       2.089       2.141       2.180       2.208       2.225    
        2.231       2.229       2.219       2.201       2.177       2.148       2.115       2.078       2.040       2.000    
  25    2.000       2.041       2.082       2.120       2.156       2.189       2.216       2.238       2.254       2.262    
        2.262       2.253       2.234       2.203       2.162       2.108       2.043       1.965       1.876       1.775    
        1.664       1.544       1.416       1.281       1.143       1.002       1.141       1.278       1.411       1.537    
        1.656       1.765       1.864       1.951       2.026       2.089       2.141       2.180       2.208       2.225    
        2.231       2.229       2.219       2.201       2.177       2.148       2.115       2.078       2.040       2.000    
  26    2.000       2.041       2.082       2.120       2.156       2.189       2.216       2.238       2.254       2.262    
        2.262       2.253       2.234       2.203       2.162       2.108       2.043       1.965       1.876       1.775    
        1.664       1.544       1.416       1.281       1.143       1.002       1.141       1.278       1.411       1.537    
        1.656       1.765       1.864       1.951       2.026       2.089       2.141       2.180       2.208       2.225    
        2.231       2.229       2.219       2.201       2.177       2.148       2.115       2.078       2.040       2.000    
  27    2.000       2.041       2.082       2.120       2.156       2.189       2.216       2.238       2.254       2.262    
        2.262       2.253       2.234       2.203       2.162       2.108       2.043       1.965       1.876       1.775    
        1.664       1.544       1.416       1.281       1.143       1.002       1.141       1.278       1.411       1.537    
        1.656       1.765       1.864       1.951       2.026       2.089       2.141       2.180       2.208       2.225    
        2.231       2.229       2.219       2.201       2.177       2.148       2.115       2.078       2.040       2.000    
  28    2.000       2.041       2.082       2.120       2.156       2.189       2.216       2.238       2.254       2.262    
        2.262       2.253       2.234       2.203       2.162       2.108       2.043       1.965       1.876       1.775    
        1.664       1.544       1.416       1.281       1.143       1.002       1.141       1.278       1.411       1.537    
        1.656       1.765       1.864       1.951       2.026       2.089       2.141       2.180       2.208       2.225    
        2.231       2.229       2.219       2.201       2.177       2.148       2.115       2.078       2.040       2.000    
  29    2.000       2.041       2.082       2.120       2.156       2.189       2.216       2.238       2.254       2.262    
        2.262       2.253       2.234       2.203       2.162       2.108       2.043       1.965       1.876       1.775    
        1.664       1.544       1.416       1.281       1.143       1.002       1.141       1.278       1.411       1.537    
        1.656       1.765       1.864       1.951       2.026       2.089       2.141       2.180       2.208       2.225    
        2.231       2.229       2.219       2.201       2.177       2.148       2.115       2.078       2.040       2.000    
  30    2.000       2.041       2.082       2.120       2.156       2.189       2.216       2.238       2.254       2.262    
        2.262       2.253       2.234       2.203       2.162       2.108       2.043       1.965       1.876       1.775    
        1.664       1.544       1.416       1.281       1.143       1.002       1.141       1.278       1.411       1.537    
        1.656       1.765       1.864       1.951       2.026       2.089       2.141       2.180       2.208       2.225    
        2.231       2.229       2.219       2.201       2.177       2.148       2.115       2.078       2.040       2.000    
  31    2.000       2.041       2.082       2.120       2.156       2.189       2.216       2.238       2.254       2.262    
        2.262       2.253       2.234       2.203       2.162       2.108       2.043       1.965       1.876       1.775    
        1.664       1.544       1.416       1.281       1.143       1.002       1.141       1.278       1.411       1.537    
        1.656       1.765       1.864       1.951       2.026       2.089       2.141       2.180       2.208       2.225    
        2.231       2.229       2.219       2.201       2.177       2.148       2.115       2.078       2.040       2.000    
  32    2.000       2.041       2.082       2.120       2.156       2.189       2.216       2.238       2.254       2.262    
        2.262       2.253       2.234       2.203       2.162       2.108       2.043       1.965       1.876       1.775    
        1.664       1.544       1.416       1.281       1.143       1.002       1.141       1.278       1.411       1.537    
        1.656       1.765       1.864       1.951       2.026       2.089       2.141       2.180       2.208       2.225    
        2.231       2.229       2.219       2.201       2.177       2.148       2.115       2.078       2.040       2.000    
  33    2.000       2.041       2.082       2.120       2.156       2.189       2.216       2.238       2.254       2.262    
        2.262       2.253       2.234       2.203       2.162       2.108       2.043       1.965       1.876       1.775    
        1.664       1.544       1.416       1.281       1.143       1.002       1.141       1.278       1.411       1.537    
        1.656       1.765       1.864       1.951       2.026       2.089       2.141       2.180       2.208       2.225    
        2.231       2.229       2.219       2.201       2.177       2.148       2.115       2.078       2.040       2.000    
  34    2.000       2.041       2.082       2.120       2.156       2.189       2.216       2.238       2.254       2.262    
        2.262       2.253       2.234       2.203       2.162       2.108       2.043       1.965       1.876       1.775    
        1.664       1.544       1.416       1.281       1.143       1.002       1.141       1.278       1.411       1.537    
        1.656       1.765       1.864       1.951       2.026       2.089       2.141       2.180       2.208       2.225    
        2.231       2.229       2.219       2.201       2.177       2.148       2.115       2.078       2.040       2.000    
  35    2.000       2.041       2.082       2.120       2.156       2.189       2.216       2.238       2.254       2.262    
        2.262       2.253       2.234       2.203       2.162       2.108       2.043       1.965       1.876       1.775    
        1.664       1.544       1.416       1.281       1.143       1.002       1.141       1.278       1.411       1.537    
        1.656       1.765       1.864       1.951       2.026       2.089       2.141       2.180       2.208       2.225    
        2.231       2.229       2.219       2.201       2.177       2.148       2.115       2.078       2.040       2.000    
  36    2.000       2.041       2.082       2.120       2.156       2.189       2.216       2.238       2.254       2.262    
        2.262       2.253       2.234       2.203       2.162       2.108       2.043       1.965       1.876       1.775    
        1.664       1.544       1.416       1.281       1.143       1.002       1.141       1.278       1.411       1.537    
        1.656       1.765       1.864       1.951       2.026       2.089       2.141       2.180       2.208       2.225    
        2.231       2.229       2.219       2.201       2.177       2.148       2.115       2.078       2.040       2.000    
  37    2.000       2.041       2.082       2.120       2.156       2.189       2.216       2.238       2.254       2.262    
        2.262       2.253       2.234       2.203       2.162       2.108       2.043       1.965       1.876       1.775    
        1.664       1.544       1.416       1.281       1.143       1.002       1.141       1.278       1.411       1.537    
        1.656       1.765       1.864       1.951       2.026       2.089       2.141       2.180       2.208       2.225    
        2.231       2.229       2.219       2.201       2.177       2.148       2.115       2.078       2.040       2.000    
  38    2.000       2.041       2.082       2.120       2.156       2.189       2.216       2.238       2.254       2.262    
        2.262       2.253       2.234       2.203       2.162       2.108       2.043       1.965       1.876       1.775    
        1.664       1.544       1.416       1.281       1.143       1.002       1.141       1.278       1.411       1.537    
        1.656       1.765       1.864       1.951       2.026       2.089       2.141       2.180       2.208       2.225    
        2.231       2.229       2.219       2.201       2.177       2.148       2.115       2.078       2.040       2.000    
  39    2.000       2.041       2.082       2.120       2.156       2.189       2.216       2.238       2.254       2.262    
        2.262       2.253       2.234       2.203       2.162       2.108       2.043       1.965       1.876       1.775    
        1.664       1.544       1.416       1.281       1.143       1.002       1.141       1.278       1.411       1.537    
        1.656       1.765       1.864       1.951       2.026       2.089       2.141       2.180       2.208       2.225    
        2.231       2.229       2.219       2.201       2.177       2.148       2.115       2.078       2.040       2.000    
  40    2.000       2.041       2.082       2.120       2.156       2.189       2.216       2.238       2.254       2.262    
        2.262       2.253       2.234       2.203       2.162       2.108       2.043       1.965       1.876       1.775    
        1.664       1.544       1.416       1.281       1.143       1.002       1.141       1.278       1.411       1.537    
        1.656       1.765       1.864       1.951       2.026       2.089       2.141       2.180       2.208       2.225    
        2.231       2.229       2.219       2.201       2.177       2.148       2.115       2.078       2.040       2.000    
  41    2.000       2.041       2.082       2.120       2.156       2.189       2.216       2.238       2.254       2.262    
        2.262       2.253       2.234       2.203       2.162       2.108       2.043       1.965       1.876       1.775    
        1.664       1.544       1.416       1.281       1.143       1.002       1.141       1.278       1.411       1.537    
        1.656       1.765       1.864       1.951       2.026       2.089       2.141       2.180       2.208       2.225    
        2.231       2.229       2.219       2.201       2.177       2.148       2.115       2.078       2.040       2.000    
  42    2.000       2.041       2.082       2.120       2.156       2.189       2.216       2.238       2.254       2.262    
        2.262       2.253       2.234       2.203       2.162       2.108       2.043       1.965       1.876       1.775    
        1.664       1.544       1.416       1.281       1.143       1.002       1.141       1.278       1.411       1.537    
        1.656       1.765       1.864       1.951       2.026       2.089       2.141       2.180       2.208       2.225    
        2.231       2.229       2.219       2.201       2.177       2.148       2.115       2.078       2.040       2.000    
  43    2.000       2.041       2.082       2.120       2.156       2.189       2.216       2.238       2.254       2.262    
        2.262       2.253       2.234       2.203       2.162       2.108       2.043       1.965       1.876       1.775    
        1.664       1.544       1.416       1.281       1.143       1.002       1.141       1.278       1.411       1.537    
        1.656       1.765       1.864       1.951       2.026       2.089       2.141       2.180       2.208       2.225    
        2.231       2.229       2.219       2.201       2.177       2.148       2.115       2.078       2.040       2.000    
  44    2.000       2.041       2.082       2.120       2.156       2.189       2.216       2.238       2.254       2.262    
        2.262       2.253       2.234       2.203       2.162       2.108       2.043       1.965       1.876       1.775    
        1.664       1.544       1.416       1.281       1.143       1.002       1.141       1.278       1.411       1.537    
        1.656       1.765       1.864       1.951       2.026       2.089       2.141       2.180       2.208       2.225    
        2.231       2.229       2.219       2.201       2.177       2.148       2.115       2.078       2.040       2.000    
  45    2.000       2.041       2.082       2.120       2.156       2.189       2.216       2.238       2.254       2.262    
        2.262       2.253       2.234       2.203       2.162       2.108       2.043       1.965       1.876       1.775    
        1.664       1.544       1.416       1.281       1.143       1.002       1.141       1.278       1.411       1.537    
        1.656       1.765       1.864       1.951       2.026       2.089       2.141       2.180       2.208       2.225    
        2.231       2.229       2.219       2.201       2.177       2.148       2.115       2.078       2.040       2.000    
  46    2.000       2.041       2.082       2.120       2.156       2.189       2.216       2.238       2.254       2.262    
        2.262       2.253       2.234       2.203       2.162       2.108       2.043       1.965       1.876       1.775    
        1.664       1.544       1.416       1.281       1.143       1.002       1.141       1.278       1.411       1.537    
        1.656       1.765       1.864       1.951       2.026       2.089       2.141       2.180       2.208       2.225    
        2.231       2.229       2.219       2.201       2.177       2.148       2.115       2.078       2.040       2.000    
  47    2.000       2.041       2.082       2.120       2.156       2.189       2.216       2.238       2.254       2.262    
        2.262       2.253       2.234       2.203       2.162       2.108       2.043       1.965       1.876       1.775    
        1.664       1.544       1.416       1.281       1.143       1.002       1.141       1.278       1.411       1.537    
        1.656       1.765       1.864       1.951       2.026       2.089       2.141       2.180       2.208       2.225    
        2.231       2.229       2.219       2.201       2.177       2.148       2.115       2.078       2.040       2.000    
  48    2.000       2.041       2.082       2.120       2.156       2.189       2.216       2.238       2.254       2.262    
        2.262       2.253       2.234       2.203       2.162       2.108       2.043       1.965       1.876       1.775    
        1.664       1.544       1.416       1.281       1.143       1.002       1.141       1.278       1.411       1.537    
        1.656       1.765       1.864       1.951       2.026       2.089       2.141       2.180       2.208       2.225    
        2.231       2.229       2.219       2.201       2.177       2.148       2.115       2.078       2.040       2.000    
  49    2.000       2.041       2.082       2.120       2.156       2.189       2.216       2.238       2.254       2.262    
        2.262       2.253       2.234       2.203       2.162       2.108       2.043       1.965       1.876       1.775    
        1.664       1.544       1.416       1.281       1.143       1.002       1.141       1.278       1.411       1.537    
        1.656       1.765       1.864       1.951       2.026       2.089       2.141       2.180       2.208       2.225    
        2.231       2.229       2.219       2.201       2.177       2.148       2.115       2.078       2.040       2.000    
  50    2.000       2.041       2.082       2.120       2.156       2.189       2.216       2.238       2.254       2.262    
        2.262       2.253       2.234       2.203       2.162       2.108       2.043       1.965       1.876       1.775    
        1.664       1.544       1.416       1.281       1.143       1.002       1.141       1.278       1.411       1.537    
        1.656       1.765       1.864       1.951       2.026       2.089       2.141       2.180       2.208       2.225    
        2.231       2.229       2.219       2.201       2.177       2.148       2.115       2.078       2.040       2.000    

 HEAD WILL BE SAVED ON UNIT   51 AT END OF TIME STEP    6, STRESS PERIOD    3

 DRAWDOWN WILL BE SAVED ON UNIT   52 AT END OF TIME STEP    6, STRESS PERIOD    3
1
  VOLUMETRIC BUDGET FOR ENTIRE MODEL AT END OF TIME STEP    6, STRESS PERIOD   3
  ------------------------------------------------------------------------------

     CUMULATIVE VOLUMES      L**3       RATES FOR THIS TIME STEP      L**3/T
     ------------------                 ------------------------

           IN:                                      IN:
           ---                                      ---
             STORAGE =        6407.8345               STORAGE =         902.4151
       CONSTANT HEAD =         447.1242         CONSTANT HEAD =           0.0000
       RIVER LEAKAGE =        8975.5117         RIVER LEAKAGE =           0.0000

            TOTAL IN =       15830.4707              TOTAL IN =         902.4151

          OUT:                                     OUT:
          ----                                     ----
             STORAGE =        8596.4561               STORAGE =           0.0000
       CONSTANT HEAD =        1624.9517         CONSTANT HEAD =         202.2627
       RIVER LEAKAGE =        5609.0723         RIVER LEAKAGE =         700.1491

           TOTAL OUT =       15830.4805             TOTAL OUT =         902.4118

            IN - OUT =      -9.7656E-03              IN - OUT =       3.2959E-03

 PERCENT DISCREPANCY =          -0.00     PERCENT DISCREPANCY =           0.00






         TIME SUMMARY AT END OF TIME STEP    6 IN STRESS PERIOD    3
                    SECONDS     MINUTES      HOURS       DAYS        YEARS
                    -----------------------------------------------------------
   TIME STEP LENGTH  43200.      720.00      12.000     0.50000     1.36893E-03
 STRESS PERIOD TIME 2.59200E+05  4320.0      72.000      3.0000     8.21355E-03
         TOTAL TIME 7.77600E+05  12960.      216.00      9.0000     2.46407E-02
1
 
 SOLVING FOR HEAD 

 OUTPUT CONTROL FOR STRESS PERIOD    3   TIME STEP    7
    SAVE HEAD FOR ALL LAYERS
    SAVE DRAWDOWN FOR ALL LAYERS
    SAVE BUDGET
    PRINT HEAD FOR ALL LAYERS
    PRINT BUDGET
 UBDSV1 SAVING "         STORAGE" ON UNIT  53 AT TIME STEP  7, STRESS PERIOD   3
 UBDSV2 SAVING "   CONSTANT HEAD" ON UNIT  53 AT TIME STEP  7, STRESS PERIOD   3
 UBDSV1 SAVING "FLOW RIGHT FACE " ON UNIT  53 AT TIME STEP  7, STRESS PERIOD   3
 UBDSV1 SAVING "FLOW FRONT FACE " ON UNIT  53 AT TIME STEP  7, STRESS PERIOD   3
 UBDSV4 SAVING "   RIVER LEAKAGE" ON UNIT  53 AT TIME STEP  7, STRESS PERIOD   3
1
              HEAD IN LAYER   1 AT END OF TIME STEP   7 IN STRESS PERIOD    3
  ---------------------------------------------------------------------------

            1           2           3           4           5           6           7           8           9          10
           11          12          13          14          15          16          17          18          19          20
           21          22          23          24          25          26          27          28          29          30
           31          32          33          34          35          36          37          38          39          40
           41          42          43          44          45          46          47          48          49          50
 ........................................................................................................................
   1    2.000       2.030       2.060       2.087       2.113       2.134       2.151       2.163       2.169       2.168    
        2.160       2.144       2.118       2.084       2.040       1.986       1.923       1.850       1.767       1.676    
        1.577       1.471       1.359       1.242       1.123       1.002       1.121       1.239       1.353       1.464    
        1.568       1.665       1.754       1.835       1.906       1.967       2.019       2.061       2.093       2.117    
        2.131       2.138       2.137       2.130       2.117       2.100       2.078       2.054       2.027       2.000    
   2    2.000       2.030       2.060       2.087       2.113       2.134       2.151       2.163       2.169       2.168    
        2.160       2.144       2.118       2.084       2.040       1.986       1.923       1.850       1.767       1.676    
        1.577       1.471       1.359       1.242       1.123       1.002       1.121       1.239       1.353       1.464    
        1.568       1.665       1.754       1.835       1.906       1.967       2.019       2.061       2.093       2.117    
        2.131       2.138       2.137       2.130       2.117       2.100       2.078       2.054       2.027       2.000    
   3    2.000       2.030       2.060       2.087       2.113       2.134       2.151       2.163       2.169       2.168    
        2.160       2.144       2.118       2.084       2.040       1.986       1.923       1.850       1.767       1.676    
        1.577       1.471       1.359       1.242       1.123       1.002       1.121       1.239       1.353       1.464    
        1.568       1.665       1.754       1.835       1.906       1.967       2.019       2.061       2.093       2.117    
        2.131       2.138       2.137       2.130       2.117       2.100       2.078       2.054       2.027       2.000    
   4    2.000       2.030       2.060       2.087       2.113       2.134       2.151       2.163       2.169       2.168    
        2.160       2.144       2.118       2.084       2.040       1.986       1.923       1.850       1.767       1.676    
        1.577       1.471       1.359       1.242       1.123       1.002       1.121       1.239       1.353       1.464    
        1.568       1.665       1.754       1.835       1.906       1.967       2.019       2.061       2.093       2.117    
        2.131       2.138       2.137       2.130       2.117       2.100       2.078       2.054       2.027       2.000    
   5    2.000       2.030       2.060       2.087       2.113       2.134       2.151       2.163       2.169       2.168    
        2.160       2.144       2.118       2.084       2.040       1.986       1.923       1.850       1.767       1.676    
        1.577       1.471       1.359       1.242       1.123       1.002       1.121       1.239       1.353       1.464    
        1.568       1.665       1.754       1.835       1.906       1.967       2.019       2.061       2.093       2.117    
        2.131       2.138       2.137       2.130       2.117       2.100       2.078       2.054       2.027       2.000    
   6    2.000       2.030       2.060       2.087       2.113       2.134       2.151       2.163       2.169       2.168    
        2.160       2.144       2.118       2.084       2.040       1.986       1.923       1.850       1.767       1.676    
        1.577       1.471       1.359       1.242       1.123       1.002       1.121       1.239       1.353       1.464    
        1.568       1.665       1.754       1.835       1.906       1.967       2.019       2.061       2.093       2.117    
        2.131       2.138       2.137       2.130       2.117       2.100       2.078       2.054       2.027       2.000    
   7    2.000       2.030       2.060       2.087       2.113       2.134       2.151       2.163       2.169       2.168    
        2.160       2.144       2.118       2.084       2.040       1.986       1.923       1.850       1.767       1.676    
        1.577       1.471       1.359       1.242       1.123       1.002       1.121       1.239       1.353       1.464    
        1.568       1.665       1.754       1.835       1.906       1.967       2.019       2.061       2.093       2.117    
        2.131       2.138       2.137       2.130       2.117       2.100       2.078       2.054       2.027       2.000    
   8    2.000       2.030       2.060       2.087       2.113       2.134       2.151       2.163       2.169       2.168    
        2.160       2.144       2.118       2.084       2.040       1.986       1.923       1.850       1.767       1.676    
        1.577       1.471       1.359       1.242       1.123       1.002       1.121       1.239       1.353       1.464    
        1.568       1.665       1.754       1.835       1.906       1.967       2.019       2.061       2.093       2.117    
        2.131       2.138       2.137       2.130       2.117       2.100       2.078       2.054       2.027       2.000    
   9    2.000       2.030       2.060       2.087       2.113       2.134       2.151       2.163       2.169       2.168    
        2.160       2.144       2.118       2.084       2.040       1.986       1.923       1.850       1.767       1.676    
        1.577       1.471       1.359       1.242       1.123       1.002       1.121       1.239       1.353       1.464    
        1.568       1.665       1.754       1.835       1.906       1.967       2.019       2.061       2.093       2.117    
        2.131       2.138       2.137       2.130       2.117       2.100       2.078       2.054       2.027       2.000    
  10    2.000       2.030       2.060       2.087       2.113       2.134       2.151       2.163       2.169       2.168    
        2.160       2.144       2.118       2.084       2.040       1.986       1.923       1.850       1.767       1.676    
        1.577       1.471       1.359       1.242       1.123       1.002       1.121       1.239       1.353       1.464    
        1.568       1.665       1.754       1.835       1.906       1.967       2.019       2.061       2.093       2.117    
        2.131       2.138       2.137       2.130       2.117       2.100       2.078       2.054       2.027       2.000    
  11    2.000       2.030       2.060       2.087       2.113       2.134       2.151       2.163       2.169       2.168    
        2.160       2.144       2.118       2.084       2.040       1.986       1.923       1.850       1.767       1.676    
        1.577       1.471       1.359       1.242       1.123       1.002       1.121       1.239       1.353       1.464    
        1.568       1.665       1.754       1.835       1.906       1.967       2.019       2.061       2.093       2.117    
        2.131       2.138       2.137       2.130       2.117       2.100       2.078       2.054       2.027       2.000    
  12    2.000       2.030       2.060       2.087       2.113       2.134       2.151       2.163       2.169       2.168    
        2.160       2.144       2.118       2.084       2.040       1.986       1.923       1.850       1.767       1.676    
        1.577       1.471       1.359       1.242       1.123       1.002       1.121       1.239       1.353       1.464    
        1.568       1.665       1.754       1.835       1.906       1.967       2.019       2.061       2.093       2.117    
        2.131       2.138       2.137       2.130       2.117       2.100       2.078       2.054       2.027       2.000    
  13    2.000       2.030       2.060       2.087       2.113       2.134       2.151       2.163       2.169       2.168    
        2.160       2.144       2.118       2.084       2.040       1.986       1.923       1.850       1.767       1.676    
        1.577       1.471       1.359       1.242       1.123       1.002       1.121       1.239       1.353       1.464    
        1.568       1.665       1.754       1.835       1.906       1.967       2.019       2.061       2.093       2.117    
        2.131       2.138       2.137       2.130       2.117       2.100       2.078       2.054       2.027       2.000    
  14    2.000       2.030       2.060       2.087       2.113       2.134       2.151       2.163       2.169       2.168    
        2.160       2.144       2.118       2.084       2.040       1.986       1.923       1.850       1.767       1.676    
        1.577       1.471       1.359       1.242       1.123       1.002       1.121       1.239       1.353       1.464    
        1.568       1.665       1.754       1.835       1.906       1.967       2.019       2.061       2.093       2.117    
        2.131       2.138       2.137       2.130       2.117       2.100       2.078       2.054       2.027       2.000    
  15    2.000       2.030       2.060       2.087       2.113       2.134       2.151       2.163       2.169       2.168    
        2.160       2.144       2.118       2.084       2.040       1.986       1.923       1.850       1.767       1.676    
        1.577       1.471       1.359       1.242       1.123       1.002       1.121       1.239       1.353       1.464    
        1.568       1.665       1.754       1.835       1.906       1.967       2.019       2.061       2.093       2.117    
        2.131       2.138       2.137       2.130       2.117       2.100       2.078       2.054       2.027       2.000    
  16    2.000       2.030       2.060       2.087       2.113       2.134       2.151       2.163       2.169       2.168    
        2.160       2.144       2.118       2.084       2.040       1.986       1.923       1.850       1.767       1.676    
        1.577       1.471       1.359       1.242       1.123       1.002       1.121       1.239       1.353       1.464    
        1.568       1.665       1.754       1.835       1.906       1.967       2.019       2.061       2.093       2.117    
        2.131       2.138       2.137       2.130       2.117       2.100       2.078       2.054       2.027       2.000    
  17    2.000       2.030       2.060       2.087       2.113       2.134       2.151       2.163       2.169       2.168    
        2.160       2.144       2.118       2.084       2.040       1.986       1.923       1.850       1.767       1.676    
        1.577       1.471       1.359       1.242       1.123       1.002       1.121       1.239       1.353       1.464    
        1.568       1.665       1.754       1.835       1.906       1.967       2.019       2.061       2.093       2.117    
        2.131       2.138       2.137       2.130       2.117       2.100       2.078       2.054       2.027       2.000    
  18    2.000       2.030       2.060       2.087       2.113       2.134       2.151       2.163       2.169       2.168    
        2.160       2.144       2.118       2.084       2.040       1.986       1.923       1.850       1.767       1.676    
        1.577       1.471       1.359       1.242       1.123       1.002       1.121       1.239       1.353       1.464    
        1.568       1.665       1.754       1.835       1.906       1.967       2.019       2.061       2.093       2.117    
        2.131       2.138       2.137       2.130       2.117       2.100       2.078       2.054       2.027       2.000    
  19    2.000       2.030       2.060       2.087       2.113       2.134       2.151       2.163       2.169       2.168    
        2.160       2.144       2.118       2.084       2.040       1.986       1.923       1.850       1.767       1.676    
        1.577       1.471       1.359       1.242       1.123       1.002       1.121       1.239       1.353       1.464    
        1.568       1.665       1.754       1.835       1.906       1.967       2.019       2.061       2.093       2.117    
        2.131       2.138       2.137       2.130       2.117       2.100       2.078       2.054       2.027       2.000    
  20    2.000       2.030       2.060       2.087       2.113       2.134       2.151       2.163       2.169       2.168    
        2.160       2.144       2.118       2.084       2.040       1.986       1.923       1.850       1.767       1.676    
        1.577       1.471       1.359       1.242       1.123       1.002       1.121       1.239       1.353       1.464    
        1.568       1.665       1.754       1.835       1.906       1.967       2.019       2.061       2.093       2.117    
        2.131       2.138       2.137       2.130       2.117       2.100       2.078       2.054       2.027       2.000    
  21    2.000       2.030       2.060       2.087       2.113       2.134       2.151       2.163       2.169       2.168    
        2.160       2.144       2.118       2.084       2.040       1.986       1.923       1.850       1.767       1.676    
        1.577       1.471       1.359       1.242       1.123       1.002       1.121       1.239       1.353       1.464    
        1.568       1.665       1.754       1.835       1.906       1.967       2.019       2.061       2.093       2.117    
        2.131       2.138       2.137       2.130       2.117       2.100       2.078       2.054       2.027       2.000    
  22    2.000       2.030       2.060       2.087       2.113       2.134       2.151       2.163       2.169       2.168    
        2.160       2.144       2.118       2.084       2.040       1.986       1.923       1.850       1.767       1.676    
        1.577       1.471       1.359       1.242       1.123       1.002       1.121       1.239       1.353       1.464    
        1.568       1.665       1.754       1.835       1.906       1.967       2.019       2.061       2.093       2.117    
        2.131       2.138       2.137       2.130       2.117       2.100       2.078       2.054       2.027       2.000    
  23    2.000       2.030       2.060       2.087       2.113       2.134       2.151       2.163       2.169       2.168    
        2.160       2.144       2.118       2.084       2.040       1.986       1.923       1.850       1.767       1.676    
        1.577       1.471       1.359       1.242       1.123       1.002       1.121       1.239       1.353       1.464    
        1.568       1.665       1.754       1.835       1.906       1.967       2.019       2.061       2.093       2.117    
        2.131       2.138       2.137       2.130       2.117       2.100       2.078       2.054       2.027       2.000    
  24    2.000       2.030       2.060       2.087       2.113       2.134       2.151       2.163       2.169       2.168    
        2.160       2.144       2.118       2.084       2.040       1.986       1.923       1.850       1.767       1.676    
        1.577       1.471       1.359       1.242       1.123       1.002       1.121       1.239       1.353       1.464    
        1.568       1.665       1.754       1.835       1.906       1.967       2.019       2.061       2.093       2.117    
        2.131       2.138       2.137       2.130       2.117       2.100       2.078       2.054       2.027       2.000    
  25    2.000       2.030       2.060       2.087       2.113       2.134       2.151       2.163       2.169       2.168    
        2.160       2.144       2.118       2.084       2.040       1.986       1.923       1.850       1.767       1.676    
        1.577       1.471       1.359       1.242       1.123       1.002       1.121       1.239       1.353       1.464    
        1.568       1.665       1.754       1.835       1.906       1.967       2.019       2.061       2.093       2.117    
        2.131       2.138       2.137       2.130       2.117       2.100       2.078       2.054       2.027       2.000    
  26    2.000       2.030       2.060       2.087       2.113       2.134       2.151       2.163       2.169       2.168    
        2.160       2.144       2.118       2.084       2.040       1.986       1.923       1.850       1.767       1.676    
        1.577       1.471       1.359       1.242       1.123       1.002       1.121       1.239       1.353       1.464    
        1.568       1.665       1.754       1.835       1.906       1.967       2.019       2.061       2.093       2.117    
        2.131       2.138       2.137       2.130       2.117       2.100       2.078       2.054       2.027       2.000    
  27    2.000       2.030       2.060       2.087       2.113       2.134       2.151       2.163       2.169       2.168    
        2.160       2.144       2.118       2.084       2.040       1.986       1.923       1.850       1.767       1.676    
        1.577       1.471       1.359       1.242       1.123       1.002       1.121       1.239       1.353       1.464    
        1.568       1.665       1.754       1.835       1.906       1.967       2.019       2.061       2.093       2.117    
        2.131       2.138       2.137       2.130       2.117       2.100       2.078       2.054       2.027       2.000    
  28    2.000       2.030       2.060       2.087       2.113       2.134       2.151       2.163       2.169       2.168    
        2.160       2.144       2.118       2.084       2.040       1.986       1.923       1.850       1.767       1.676    
        1.577       1.471       1.359       1.242       1.123       1.002       1.121       1.239       1.353       1.464    
        1.568       1.665       1.754       1.835       1.906       1.967       2.019       2.061       2.093       2.117    
        2.131       2.138       2.137       2.130       2.117       2.100       2.078       2.054       2.027       2.000    
  29    2.000       2.030       2.060       2.087       2.113       2.134       2.151       2.163       2.169       2.168    
        2.160       2.144       2.118       2.084       2.040       1.986       1.923       1.850       1.767       1.676    
        1.577       1.471       1.359       1.242       1.123       1.002       1.121       1.239       1.353       1.464    
        1.568       1.665       1.754       1.835       1.906       1.967       2.019       2.061       2.093       2.117    
        2.131       2.138       2.137       2.130       2.117       2.100       2.078       2.054       2.027       2.000    
  30    2.000       2.030       2.060       2.087       2.113       2.134       2.151       2.163       2.169       2.168    
        2.160       2.144       2.118       2.084       2.040       1.986       1.923       1.850       1.767       1.676    
        1.577       1.471       1.359       1.242       1.123       1.002       1.121       1.239       1.353       1.464    
        1.568       1.665       1.754       1.835       1.906       1.967       2.019       2.061       2.093       2.117    
        2.131       2.138       2.137       2.130       2.117       2.100       2.078       2.054       2.027       2.000    
  31    2.000       2.030       2.060       2.087       2.113       2.134       2.151       2.163       2.169       2.168    
        2.160       2.144       2.118       2.084       2.040       1.986       1.923       1.850       1.767       1.676    
        1.577       1.471       1.359       1.242       1.123       1.002       1.121       1.239       1.353       1.464    
        1.568       1.665       1.754       1.835       1.906       1.967       2.019       2.061       2.093       2.117    
        2.131       2.138       2.137       2.130       2.117       2.100       2.078       2.054       2.027       2.000    
  32    2.000       2.030       2.060       2.087       2.113       2.134       2.151       2.163       2.169       2.168    
        2.160       2.144       2.118       2.084       2.040       1.986       1.923       1.850       1.767       1.676    
        1.577       1.471       1.359       1.242       1.123       1.002       1.121       1.239       1.353       1.464    
        1.568       1.665       1.754       1.835       1.906       1.967       2.019       2.061       2.093       2.117    
        2.131       2.138       2.137       2.130       2.117       2.100       2.078       2.054       2.027       2.000    
  33    2.000       2.030       2.060       2.087       2.113       2.134       2.151       2.163       2.169       2.168    
        2.160       2.144       2.118       2.084       2.040       1.986       1.923       1.850       1.767       1.676    
        1.577       1.471       1.359       1.242       1.123       1.002       1.121       1.239       1.353       1.464    
        1.568       1.665       1.754       1.835       1.906       1.967       2.019       2.061       2.093       2.117    
        2.131       2.138       2.137       2.130       2.117       2.100       2.078       2.054       2.027       2.000    
  34    2.000       2.030       2.060       2.087       2.113       2.134       2.151       2.163       2.169       2.168    
        2.160       2.144       2.118       2.084       2.040       1.986       1.923       1.850       1.767       1.676    
        1.577       1.471       1.359       1.242       1.123       1.002       1.121       1.239       1.353       1.464    
        1.568       1.665       1.754       1.835       1.906       1.967       2.019       2.061       2.093       2.117    
        2.131       2.138       2.137       2.130       2.117       2.100       2.078       2.054       2.027       2.000    
  35    2.000       2.030       2.060       2.087       2.113       2.134       2.151       2.163       2.169       2.168    
        2.160       2.144       2.118       2.084       2.040       1.986       1.923       1.850       1.767       1.676    
        1.577       1.471       1.359       1.242       1.123       1.002       1.121       1.239       1.353       1.464    
        1.568       1.665       1.754       1.835       1.906       1.967       2.019       2.061       2.093       2.117    
        2.131       2.138       2.137       2.130       2.117       2.100       2.078       2.054       2.027       2.000    
  36    2.000       2.030       2.060       2.087       2.113       2.134       2.151       2.163       2.169       2.168    
        2.160       2.144       2.118       2.084       2.040       1.986       1.923       1.850       1.767       1.676    
        1.577       1.471       1.359       1.242       1.123       1.002       1.121       1.239       1.353       1.464    
        1.568       1.665       1.754       1.835       1.906       1.967       2.019       2.061       2.093       2.117    
        2.131       2.138       2.137       2.130       2.117       2.100       2.078       2.054       2.027       2.000    
  37    2.000       2.030       2.060       2.087       2.113       2.134       2.151       2.163       2.169       2.168    
        2.160       2.144       2.118       2.084       2.040       1.986       1.923       1.850       1.767       1.676    
        1.577       1.471       1.359       1.242       1.123       1.002       1.121       1.239       1.353       1.464    
        1.568       1.665       1.754       1.835       1.906       1.967       2.019       2.061       2.093       2.117    
        2.131       2.138       2.137       2.130       2.117       2.100       2.078       2.054       2.027       2.000    
  38    2.000       2.030       2.060       2.087       2.113       2.134       2.151       2.163       2.169       2.168    
        2.160       2.144       2.118       2.084       2.040       1.986       1.923       1.850       1.767       1.676    
        1.577       1.471       1.359       1.242       1.123       1.002       1.121       1.239       1.353       1.464    
        1.568       1.665       1.754       1.835       1.906       1.967       2.019       2.061       2.093       2.117    
        2.131       2.138       2.137       2.130       2.117       2.100       2.078       2.054       2.027       2.000    
  39    2.000       2.030       2.060       2.087       2.113       2.134       2.151       2.163       2.169       2.168    
        2.160       2.144       2.118       2.084       2.040       1.986       1.923       1.850       1.767       1.676    
        1.577       1.471       1.359       1.242       1.123       1.002       1.121       1.239       1.353       1.464    
        1.568       1.665       1.754       1.835       1.906       1.967       2.019       2.061       2.093       2.117    
        2.131       2.138       2.137       2.130       2.117       2.100       2.078       2.054       2.027       2.000    
  40    2.000       2.030       2.060       2.087       2.113       2.134       2.151       2.163       2.169       2.168    
        2.160       2.144       2.118       2.084       2.040       1.986       1.923       1.850       1.767       1.676    
        1.577       1.471       1.359       1.242       1.123       1.002       1.121       1.239       1.353       1.464    
        1.568       1.665       1.754       1.835       1.906       1.967       2.019       2.061       2.093       2.117    
        2.131       2.138       2.137       2.130       2.117       2.100       2.078       2.054       2.027       2.000    
  41    2.000       2.030       2.060       2.087       2.113       2.134       2.151       2.163       2.169       2.168    
        2.160       2.144       2.118       2.084       2.040       1.986       1.923       1.850       1.767       1.676    
        1.577       1.471       1.359       1.242       1.123       1.002       1.121       1.239       1.353       1.464    
        1.568       1.665       1.754       1.835       1.906       1.967       2.019       2.061       2.093       2.117    
        2.131       2.138       2.137       2.130       2.117       2.100       2.078       2.054       2.027       2.000    
  42    2.000       2.030       2.060       2.087       2.113       2.134       2.151       2.163       2.169       2.168    
        2.160       2.144       2.118       2.084       2.040       1.986       1.923       1.850       1.767       1.676    
        1.577       1.471       1.359       1.242       1.123       1.002       1.121       1.239       1.353       1.464    
        1.568       1.665       1.754       1.835       1.906       1.967       2.019       2.061       2.093       2.117    
        2.131       2.138       2.137       2.130       2.117       2.100       2.078       2.054       2.027       2.000    
  43    2.000       2.030       2.060       2.087       2.113       2.134       2.151       2.163       2.169       2.168    
        2.160       2.144       2.118       2.084       2.040       1.986       1.923       1.850       1.767       1.676    
        1.577       1.471       1.359       1.242       1.123       1.002       1.121       1.239       1.353       1.464    
        1.568       1.665       1.754       1.835       1.906       1.967       2.019       2.061       2.093       2.117    
        2.131       2.138       2.137       2.130       2.117       2.100       2.078       2.054       2.027       2.000    
  44    2.000       2.030       2.060       2.087       2.113       2.134       2.151       2.163       2.169       2.168    
        2.160       2.144       2.118       2.084       2.040       1.986       1.923       1.850       1.767       1.676    
        1.577       1.471       1.359       1.242       1.123       1.002       1.121       1.239       1.353       1.464    
        1.568       1.665       1.754       1.835       1.906       1.967       2.019       2.061       2.093       2.117    
        2.131       2.138       2.137       2.130       2.117       2.100       2.078       2.054       2.027       2.000    
  45    2.000       2.030       2.060       2.087       2.113       2.134       2.151       2.163       2.169       2.168    
        2.160       2.144       2.118       2.084       2.040       1.986       1.923       1.850       1.767       1.676    
        1.577       1.471       1.359       1.242       1.123       1.002       1.121       1.239       1.353       1.464    
        1.568       1.665       1.754       1.835       1.906       1.967       2.019       2.061       2.093       2.117    
        2.131       2.138       2.137       2.130       2.117       2.100       2.078       2.054       2.027       2.000    
  46    2.000       2.030       2.060       2.087       2.113       2.134       2.151       2.163       2.169       2.168    
        2.160       2.144       2.118       2.084       2.040       1.986       1.923       1.850       1.767       1.676    
        1.577       1.471       1.359       1.242       1.123       1.002       1.121       1.239       1.353       1.464    
        1.568       1.665       1.754       1.835       1.906       1.967       2.019       2.061       2.093       2.117    
        2.131       2.138       2.137       2.130       2.117       2.100       2.078       2.054       2.027       2.000    
  47    2.000       2.030       2.060       2.087       2.113       2.134       2.151       2.163       2.169       2.168    
        2.160       2.144       2.118       2.084       2.040       1.986       1.923       1.850       1.767       1.676    
        1.577       1.471       1.359       1.242       1.123       1.002       1.121       1.239       1.353       1.464    
        1.568       1.665       1.754       1.835       1.906       1.967       2.019       2.061       2.093       2.117    
        2.131       2.138       2.137       2.130       2.117       2.100       2.078       2.054       2.027       2.000    
  48    2.000       2.030       2.060       2.087       2.113       2.134       2.151       2.163       2.169       2.168    
        2.160       2.144       2.118       2.084       2.040       1.986       1.923       1.850       1.767       1.676    
        1.577       1.471       1.359       1.242       1.123       1.002       1.121       1.239       1.353       1.464    
        1.568       1.665       1.754       1.835       1.906       1.967       2.019       2.061       2.093       2.117    
        2.131       2.138       2.137       2.130       2.117       2.100       2.078       2.054       2.027       2.000    
  49    2.000       2.030       2.060       2.087       2.113       2.134       2.151       2.163       2.169       2.168    
        2.160       2.144       2.118       2.084       2.040       1.986       1.923       1.850       1.767       1.676    
        1.577       1.471       1.359       1.242       1.123       1.002       1.121       1.239       1.353       1.464    
        1.568       1.665       1.754       1.835       1.906       1.967       2.019       2.061       2.093       2.117    
        2.131       2.138       2.137       2.130       2.117       2.100       2.078       2.054       2.027       2.000    
  50    2.000       2.030       2.060       2.087       2.113       2.134       2.151       2.163       2.169       2.168    
        2.160       2.144       2.118       2.084       2.040       1.986       1.923       1.850       1.767       1.676    
        1.577       1.471       1.359       1.242       1.123       1.002       1.121       1.239       1.353       1.464    
        1.568       1.665       1.754       1.835       1.906       1.967       2.019       2.061       2.093       2.117    
        2.131       2.138       2.137       2.130       2.117       2.100       2.078       2.054       2.027       2.000    

 HEAD WILL BE SAVED ON UNIT   51 AT END OF TIME STEP    7, STRESS PERIOD    3

 DRAWDOWN WILL BE SAVED ON UNIT   52 AT END OF TIME STEP    7, STRESS PERIOD    3
1
  VOLUMETRIC BUDGET FOR ENTIRE MODEL AT END OF TIME STEP    7, STRESS PERIOD   3
  ------------------------------------------------------------------------------

     CUMULATIVE VOLUMES      L**3       RATES FOR THIS TIME STEP      L**3/T
     ------------------                 ------------------------

           IN:                                      IN:
           ---                                      ---
             STORAGE =        6780.7290               STORAGE =         745.7888
       CONSTANT HEAD =         447.1242         CONSTANT HEAD =           0.0000
       RIVER LEAKAGE =        8975.5117         RIVER LEAKAGE =           0.0000

            TOTAL IN =       16203.3652              TOTAL IN =         745.7888

          OUT:                                     OUT:
          ----                                     ----
             STORAGE =        8596.4561               STORAGE =           0.0000
       CONSTANT HEAD =        1697.0426         CONSTANT HEAD =         144.1819
       RIVER LEAKAGE =        5909.8711         RIVER LEAKAGE =         601.5981

           TOTAL OUT =       16203.3701             TOTAL OUT =         745.7800

            IN - OUT =      -4.8828E-03              IN - OUT =       8.8501E-03

 PERCENT DISCREPANCY =          -0.00     PERCENT DISCREPANCY =           0.00






         TIME SUMMARY AT END OF TIME STEP    7 IN STRESS PERIOD    3
                    SECONDS     MINUTES      HOURS       DAYS        YEARS
                    -----------------------------------------------------------
   TIME STEP LENGTH  43200.      720.00      12.000     0.50000     1.36893E-03
 STRESS PERIOD TIME 3.02400E+05  5040.0      84.000      3.5000     9.58248E-03
         TOTAL TIME 8.20800E+05  13680.      228.00      9.5000     2.60096E-02
1
 
 SOLVING FOR HEAD 

 OUTPUT CONTROL FOR STRESS PERIOD    3   TIME STEP    8
    SAVE HEAD FOR ALL LAYERS
    SAVE DRAWDOWN FOR ALL LAYERS
    SAVE BUDGET
    PRINT HEAD FOR ALL LAYERS
    PRINT BUDGET
 UBDSV1 SAVING "         STORAGE" ON UNIT  53 AT TIME STEP  8, STRESS PERIOD   3
 UBDSV2 SAVING "   CONSTANT HEAD" ON UNIT  53 AT TIME STEP  8, STRESS PERIOD   3
 UBDSV1 SAVING "FLOW RIGHT FACE " ON UNIT  53 AT TIME STEP  8, STRESS PERIOD   3
 UBDSV1 SAVING "FLOW FRONT FACE " ON UNIT  53 AT TIME STEP  8, STRESS PERIOD   3
 UBDSV4 SAVING "   RIVER LEAKAGE" ON UNIT  53 AT TIME STEP  8, STRESS PERIOD   3
1
              HEAD IN LAYER   1 AT END OF TIME STEP   8 IN STRESS PERIOD    3
  ---------------------------------------------------------------------------

            1           2           3           4           5           6           7           8           9          10
           11          12          13          14          15          16          17          18          19          20
           21          22          23          24          25          26          27          28          29          30
           31          32          33          34          35          36          37          38          39          40
           41          42          43          44          45          46          47          48          49          50
 ........................................................................................................................
   1    2.000       2.020       2.039       2.057       2.072       2.085       2.093       2.096       2.094       2.086    
        2.072       2.050       2.021       1.984       1.939       1.886       1.826       1.757       1.681       1.598    
        1.509       1.414       1.315       1.213       1.108       1.001       1.106       1.209       1.310       1.407    
        1.500       1.587       1.668       1.742       1.809       1.868       1.919       1.962       1.998       2.025    
        2.046       2.059       2.066       2.068       2.064       2.057       2.046       2.032       2.016       2.000    
   2    2.000       2.020       2.039       2.057       2.072       2.085       2.093       2.096       2.094       2.086    
        2.072       2.050       2.021       1.984       1.939       1.886       1.826       1.757       1.681       1.598    
        1.509       1.414       1.315       1.213       1.108       1.001       1.106       1.209       1.310       1.407    
        1.500       1.587       1.668       1.742       1.809       1.868       1.919       1.962       1.998       2.025    
        2.046       2.059       2.066       2.068       2.064       2.057       2.046       2.032       2.016       2.000    
   3    2.000       2.020       2.039       2.057       2.072       2.085       2.093       2.096       2.094       2.086    
        2.072       2.050       2.021       1.984       1.939       1.886       1.826       1.757       1.681       1.598    
        1.509       1.414       1.315       1.213       1.108       1.001       1.106       1.209       1.310       1.407    
        1.500       1.587       1.668       1.742       1.809       1.868       1.919       1.962       1.998       2.025    
        2.046       2.059       2.066       2.068       2.064       2.057       2.046       2.032       2.016       2.000    
   4    2.000       2.020       2.039       2.057       2.072       2.085       2.093       2.096       2.094       2.086    
        2.072       2.050       2.021       1.984       1.939       1.886       1.826       1.757       1.681       1.598    
        1.509       1.414       1.315       1.213       1.108       1.001       1.106       1.209       1.310       1.407    
        1.500       1.587       1.668       1.742       1.809       1.868       1.919       1.962       1.998       2.025    
        2.046       2.059       2.066       2.068       2.064       2.057       2.046       2.032       2.016       2.000    
   5    2.000       2.020       2.039       2.057       2.072       2.085       2.093       2.096       2.094       2.086    
        2.072       2.050       2.021       1.984       1.939       1.886       1.826       1.757       1.681       1.598    
        1.509       1.414       1.315       1.213       1.108       1.001       1.106       1.209       1.310       1.407    
        1.500       1.587       1.668       1.742       1.809       1.868       1.919       1.962       1.998       2.025    
        2.046       2.059       2.066       2.068       2.064       2.057       2.046       2.032       2.016       2.000    
   6    2.000       2.020       2.039       2.057       2.072       2.085       2.093       2.096       2.094       2.086    
        2.072       2.050       2.021       1.984       1.939       1.886       1.826       1.757       1.681       1.598    
        1.509       1.414       1.315       1.213       1.108       1.001       1.106       1.209       1.310       1.407    
        1.500       1.587       1.668       1.742       1.809       1.868       1.919       1.962       1.998       2.025    
        2.046       2.059       2.066       2.068       2.064       2.057       2.046       2.032       2.016       2.000    
   7    2.000       2.020       2.039       2.057       2.072       2.085       2.093       2.096       2.094       2.086    
        2.072       2.050       2.021       1.984       1.939       1.886       1.826       1.757       1.681       1.598    
        1.509       1.414       1.315       1.213       1.108       1.001       1.106       1.209       1.310       1.407    
        1.500       1.587       1.668       1.742       1.809       1.868       1.919       1.962       1.998       2.025    
        2.046       2.059       2.066       2.068       2.064       2.057       2.046       2.032       2.016       2.000    
   8    2.000       2.020       2.039       2.057       2.072       2.085       2.093       2.096       2.094       2.086    
        2.072       2.050       2.021       1.984       1.939       1.886       1.826       1.757       1.681       1.598    
        1.509       1.414       1.315       1.213       1.108       1.001       1.106       1.209       1.310       1.407    
        1.500       1.587       1.668       1.742       1.809       1.868       1.919       1.962       1.998       2.025    
        2.046       2.059       2.066       2.068       2.064       2.057       2.046       2.032       2.016       2.000    
   9    2.000       2.020       2.039       2.057       2.072       2.085       2.093       2.096       2.094       2.086    
        2.072       2.050       2.021       1.984       1.939       1.886       1.826       1.757       1.681       1.598    
        1.509       1.414       1.315       1.213       1.108       1.001       1.106       1.209       1.310       1.407    
        1.500       1.587       1.668       1.742       1.809       1.868       1.919       1.962       1.998       2.025    
        2.046       2.059       2.066       2.068       2.064       2.057       2.046       2.032       2.016       2.000    
  10    2.000       2.020       2.039       2.057       2.072       2.085       2.093       2.096       2.094       2.086    
        2.072       2.050       2.021       1.984       1.939       1.886       1.826       1.757       1.681       1.598    
        1.509       1.414       1.315       1.213       1.108       1.001       1.106       1.209       1.310       1.407    
        1.500       1.587       1.668       1.742       1.809       1.868       1.919       1.962       1.998       2.025    
        2.046       2.059       2.066       2.068       2.064       2.057       2.046       2.032       2.016       2.000    
  11    2.000       2.020       2.039       2.057       2.072       2.085       2.093       2.096       2.094       2.086    
        2.072       2.050       2.021       1.984       1.939       1.886       1.826       1.757       1.681       1.598    
        1.509       1.414       1.315       1.213       1.108       1.001       1.106       1.209       1.310       1.407    
        1.500       1.587       1.668       1.742       1.809       1.868       1.919       1.962       1.998       2.025    
        2.046       2.059       2.066       2.068       2.064       2.057       2.046       2.032       2.016       2.000    
  12    2.000       2.020       2.039       2.057       2.072       2.085       2.093       2.096       2.094       2.086    
        2.072       2.050       2.021       1.984       1.939       1.886       1.826       1.757       1.681       1.598    
        1.509       1.414       1.315       1.213       1.108       1.001       1.106       1.209       1.310       1.407    
        1.500       1.587       1.668       1.742       1.809       1.868       1.919       1.962       1.998       2.025    
        2.046       2.059       2.066       2.068       2.064       2.057       2.046       2.032       2.016       2.000    
  13    2.000       2.020       2.039       2.057       2.072       2.085       2.093       2.096       2.094       2.086    
        2.072       2.050       2.021       1.984       1.939       1.886       1.826       1.757       1.681       1.598    
        1.509       1.414       1.315       1.213       1.108       1.001       1.106       1.209       1.310       1.407    
        1.500       1.587       1.668       1.742       1.809       1.868       1.919       1.962       1.998       2.025    
        2.046       2.059       2.066       2.068       2.064       2.057       2.046       2.032       2.016       2.000    
  14    2.000       2.020       2.039       2.057       2.072       2.085       2.093       2.096       2.094       2.086    
        2.072       2.050       2.021       1.984       1.939       1.886       1.826       1.757       1.681       1.598    
        1.509       1.414       1.315       1.213       1.108       1.001       1.106       1.209       1.310       1.407    
        1.500       1.587       1.668       1.742       1.809       1.868       1.919       1.962       1.998       2.025    
        2.046       2.059       2.066       2.068       2.064       2.057       2.046       2.032       2.016       2.000    
  15    2.000       2.020       2.039       2.057       2.072       2.085       2.093       2.096       2.094       2.086    
        2.072       2.050       2.021       1.984       1.939       1.886       1.826       1.757       1.681       1.598    
        1.509       1.414       1.315       1.213       1.108       1.001       1.106       1.209       1.310       1.407    
        1.500       1.587       1.668       1.742       1.809       1.868       1.919       1.962       1.998       2.025    
        2.046       2.059       2.066       2.068       2.064       2.057       2.046       2.032       2.016       2.000    
  16    2.000       2.020       2.039       2.057       2.072       2.085       2.093       2.096       2.094       2.086    
        2.072       2.050       2.021       1.984       1.939       1.886       1.826       1.757       1.681       1.598    
        1.509       1.414       1.315       1.213       1.108       1.001       1.106       1.209       1.310       1.407    
        1.500       1.587       1.668       1.742       1.809       1.868       1.919       1.962       1.998       2.025    
        2.046       2.059       2.066       2.068       2.064       2.057       2.046       2.032       2.016       2.000    
  17    2.000       2.020       2.039       2.057       2.072       2.085       2.093       2.096       2.094       2.086    
        2.072       2.050       2.021       1.984       1.939       1.886       1.826       1.757       1.681       1.598    
        1.509       1.414       1.315       1.213       1.108       1.001       1.106       1.209       1.310       1.407    
        1.500       1.587       1.668       1.742       1.809       1.868       1.919       1.962       1.998       2.025    
        2.046       2.059       2.066       2.068       2.064       2.057       2.046       2.032       2.016       2.000    
  18    2.000       2.020       2.039       2.057       2.072       2.085       2.093       2.096       2.094       2.086    
        2.072       2.050       2.021       1.984       1.939       1.886       1.826       1.757       1.681       1.598    
        1.509       1.414       1.315       1.213       1.108       1.001       1.106       1.209       1.310       1.407    
        1.500       1.587       1.668       1.742       1.809       1.868       1.919       1.962       1.998       2.025    
        2.046       2.059       2.066       2.068       2.064       2.057       2.046       2.032       2.016       2.000    
  19    2.000       2.020       2.039       2.057       2.072       2.085       2.093       2.096       2.094       2.086    
        2.072       2.050       2.021       1.984       1.939       1.886       1.826       1.757       1.681       1.598    
        1.509       1.414       1.315       1.213       1.108       1.001       1.106       1.209       1.310       1.407    
        1.500       1.587       1.668       1.742       1.809       1.868       1.919       1.962       1.998       2.025    
        2.046       2.059       2.066       2.068       2.064       2.057       2.046       2.032       2.016       2.000    
  20    2.000       2.020       2.039       2.057       2.072       2.085       2.093       2.096       2.094       2.086    
        2.072       2.050       2.021       1.984       1.939       1.886       1.826       1.757       1.681       1.598    
        1.509       1.414       1.315       1.213       1.108       1.001       1.106       1.209       1.310       1.407    
        1.500       1.587       1.668       1.742       1.809       1.868       1.919       1.962       1.998       2.025    
        2.046       2.059       2.066       2.068       2.064       2.057       2.046       2.032       2.016       2.000    
  21    2.000       2.020       2.039       2.057       2.072       2.085       2.093       2.096       2.094       2.086    
        2.072       2.050       2.021       1.984       1.939       1.886       1.826       1.757       1.681       1.598    
        1.509       1.414       1.315       1.213       1.108       1.001       1.106       1.209       1.310       1.407    
        1.500       1.587       1.668       1.742       1.809       1.868       1.919       1.962       1.998       2.025    
        2.046       2.059       2.066       2.068       2.064       2.057       2.046       2.032       2.016       2.000    
  22    2.000       2.020       2.039       2.057       2.072       2.085       2.093       2.096       2.094       2.086    
        2.072       2.050       2.021       1.984       1.939       1.886       1.826       1.757       1.681       1.598    
        1.509       1.414       1.315       1.213       1.108       1.001       1.106       1.209       1.310       1.407    
        1.500       1.587       1.668       1.742       1.809       1.868       1.919       1.962       1.998       2.025    
        2.046       2.059       2.066       2.068       2.064       2.057       2.046       2.032       2.016       2.000    
  23    2.000       2.020       2.039       2.057       2.072       2.085       2.093       2.096       2.094       2.086    
        2.072       2.050       2.021       1.984       1.939       1.886       1.826       1.757       1.681       1.598    
        1.509       1.414       1.315       1.213       1.108       1.001       1.106       1.209       1.310       1.407    
        1.500       1.587       1.668       1.742       1.809       1.868       1.919       1.962       1.998       2.025    
        2.046       2.059       2.066       2.068       2.064       2.057       2.046       2.032       2.016       2.000    
  24    2.000       2.020       2.039       2.057       2.072       2.085       2.093       2.096       2.094       2.086    
        2.072       2.050       2.021       1.984       1.939       1.886       1.826       1.757       1.681       1.598    
        1.509       1.414       1.315       1.213       1.108       1.001       1.106       1.209       1.310       1.407    
        1.500       1.587       1.668       1.742       1.809       1.868       1.919       1.962       1.998       2.025    
        2.046       2.059       2.066       2.068       2.064       2.057       2.046       2.032       2.016       2.000    
  25    2.000       2.020       2.039       2.057       2.072       2.085       2.093       2.096       2.094       2.086    
        2.072       2.050       2.021       1.984       1.939       1.886       1.826       1.757       1.681       1.598    
        1.509       1.414       1.315       1.213       1.108       1.001       1.106       1.209       1.310       1.407    
        1.500       1.587       1.668       1.742       1.809       1.868       1.919       1.962       1.998       2.025    
        2.046       2.059       2.066       2.068       2.064       2.057       2.046       2.032       2.016       2.000    
  26    2.000       2.020       2.039       2.057       2.072       2.085       2.093       2.096       2.094       2.086    
        2.072       2.050       2.021       1.984       1.939       1.886       1.826       1.757       1.681       1.598    
        1.509       1.414       1.315       1.213       1.108       1.001       1.106       1.209       1.310       1.407    
        1.500       1.587       1.668       1.742       1.809       1.868       1.919       1.962       1.998       2.025    
        2.046       2.059       2.066       2.068       2.064       2.057       2.046       2.032       2.016       2.000    
  27    2.000       2.020       2.039       2.057       2.072       2.085       2.093       2.096       2.094       2.086    
        2.072       2.050       2.021       1.984       1.939       1.886       1.826       1.757       1.681       1.598    
        1.509       1.414       1.315       1.213       1.108       1.001       1.106       1.209       1.310       1.407    
        1.500       1.587       1.668       1.742       1.809       1.868       1.919       1.962       1.998       2.025    
        2.046       2.059       2.066       2.068       2.064       2.057       2.046       2.032       2.016       2.000    
  28    2.000       2.020       2.039       2.057       2.072       2.085       2.093       2.096       2.094       2.086    
        2.072       2.050       2.021       1.984       1.939       1.886       1.826       1.757       1.681       1.598    
        1.509       1.414       1.315       1.213       1.108       1.001       1.106       1.209       1.310       1.407    
        1.500       1.587       1.668       1.742       1.809       1.868       1.919       1.962       1.998       2.025    
        2.046       2.059       2.066       2.068       2.064       2.057       2.046       2.032       2.016       2.000    
  29    2.000       2.020       2.039       2.057       2.072       2.085       2.093       2.096       2.094       2.086    
        2.072       2.050       2.021       1.984       1.939       1.886       1.826       1.757       1.681       1.598    
        1.509       1.414       1.315       1.213       1.108       1.001       1.106       1.209       1.310       1.407    
        1.500       1.587       1.668       1.742       1.809       1.868       1.919       1.962       1.998       2.025    
        2.046       2.059       2.066       2.068       2.064       2.057       2.046       2.032       2.016       2.000    
  30    2.000       2.020       2.039       2.057       2.072       2.085       2.093       2.096       2.094       2.086    
        2.072       2.050       2.021       1.984       1.939       1.886       1.826       1.757       1.681       1.598    
        1.509       1.414       1.315       1.213       1.108       1.001       1.106       1.209       1.310       1.407    
        1.500       1.587       1.668       1.742       1.809       1.868       1.919       1.962       1.998       2.025    
        2.046       2.059       2.066       2.068       2.064       2.057       2.046       2.032       2.016       2.000    
  31    2.000       2.020       2.039       2.057       2.072       2.085       2.093       2.096       2.094       2.086    
        2.072       2.050       2.021       1.984       1.939       1.886       1.826       1.757       1.681       1.598    
        1.509       1.414       1.315       1.213       1.108       1.001       1.106       1.209       1.310       1.407    
        1.500       1.587       1.668       1.742       1.809       1.868       1.919       1.962       1.998       2.025    
        2.046       2.059       2.066       2.068       2.064       2.057       2.046       2.032       2.016       2.000    
  32    2.000       2.020       2.039       2.057       2.072       2.085       2.093       2.096       2.094       2.086    
        2.072       2.050       2.021       1.984       1.939       1.886       1.826       1.757       1.681       1.598    
        1.509       1.414       1.315       1.213       1.108       1.001       1.106       1.209       1.310       1.407    
        1.500       1.587       1.668       1.742       1.809       1.868       1.919       1.962       1.998       2.025    
        2.046       2.059       2.066       2.068       2.064       2.057       2.046       2.032       2.016       2.000    
  33    2.000       2.020       2.039       2.057       2.072       2.085       2.093       2.096       2.094       2.086    
        2.072       2.050       2.021       1.984       1.939       1.886       1.826       1.757       1.681       1.598    
        1.509       1.414       1.315       1.213       1.108       1.001       1.106       1.209       1.310       1.407    
        1.500       1.587       1.668       1.742       1.809       1.868       1.919       1.962       1.998       2.025    
        2.046       2.059       2.066       2.068       2.064       2.057       2.046       2.032       2.016       2.000    
  34    2.000       2.020       2.039       2.057       2.072       2.085       2.093       2.096       2.094       2.086    
        2.072       2.050       2.021       1.984       1.939       1.886       1.826       1.757       1.681       1.598    
        1.509       1.414       1.315       1.213       1.108       1.001       1.106       1.209       1.310       1.407    
        1.500       1.587       1.668       1.742       1.809       1.868       1.919       1.962       1.998       2.025    
        2.046       2.059       2.066       2.068       2.064       2.057       2.046       2.032       2.016       2.000    
  35    2.000       2.020       2.039       2.057       2.072       2.085       2.093       2.096       2.094       2.086    
        2.072       2.050       2.021       1.984       1.939       1.886       1.826       1.757       1.681       1.598    
        1.509       1.414       1.315       1.213       1.108       1.001       1.106       1.209       1.310       1.407    
        1.500       1.587       1.668       1.742       1.809       1.868       1.919       1.962       1.998       2.025    
        2.046       2.059       2.066       2.068       2.064       2.057       2.046       2.032       2.016       2.000    
  36    2.000       2.020       2.039       2.057       2.072       2.085       2.093       2.096       2.094       2.086    
        2.072       2.050       2.021       1.984       1.939       1.886       1.826       1.757       1.681       1.598    
        1.509       1.414       1.315       1.213       1.108       1.001       1.106       1.209       1.310       1.407    
        1.500       1.587       1.668       1.742       1.809       1.868       1.919       1.962       1.998       2.025    
        2.046       2.059       2.066       2.068       2.064       2.057       2.046       2.032       2.016       2.000    
  37    2.000       2.020       2.039       2.057       2.072       2.085       2.093       2.096       2.094       2.086    
        2.072       2.050       2.021       1.984       1.939       1.886       1.826       1.757       1.681       1.598    
        1.509       1.414       1.315       1.213       1.108       1.001       1.106       1.209       1.310       1.407    
        1.500       1.587       1.668       1.742       1.809       1.868       1.919       1.962       1.998       2.025    
        2.046       2.059       2.066       2.068       2.064       2.057       2.046       2.032       2.016       2.000    
  38    2.000       2.020       2.039       2.057       2.072       2.085       2.093       2.096       2.094       2.086    
        2.072       2.050       2.021       1.984       1.939       1.886       1.826       1.757       1.681       1.598    
        1.509       1.414       1.315       1.213       1.108       1.001       1.106       1.209       1.310       1.407    
        1.500       1.587       1.668       1.742       1.809       1.868       1.919       1.962       1.998       2.025    
        2.046       2.059       2.066       2.068       2.064       2.057       2.046       2.032       2.016       2.000    
  39    2.000       2.020       2.039       2.057       2.072       2.085       2.093       2.096       2.094       2.086    
        2.072       2.050       2.021       1.984       1.939       1.886       1.826       1.757       1.681       1.598    
        1.509       1.414       1.315       1.213       1.108       1.001       1.106       1.209       1.310       1.407    
        1.500       1.587       1.668       1.742       1.809       1.868       1.919       1.962       1.998       2.025    
        2.046       2.059       2.066       2.068       2.064       2.057       2.046       2.032       2.016       2.000    
  40    2.000       2.020       2.039       2.057       2.072       2.085       2.093       2.096       2.094       2.086    
        2.072       2.050       2.021       1.984       1.939       1.886       1.826       1.757       1.681       1.598    
        1.509       1.414       1.315       1.213       1.108       1.001       1.106       1.209       1.310       1.407    
        1.500       1.587       1.668       1.742       1.809       1.868       1.919       1.962       1.998       2.025    
        2.046       2.059       2.066       2.068       2.064       2.057       2.046       2.032       2.016       2.000    
  41    2.000       2.020       2.039       2.057       2.072       2.085       2.093       2.096       2.094       2.086    
        2.072       2.050       2.021       1.984       1.939       1.886       1.826       1.757       1.681       1.598    
        1.509       1.414       1.315       1.213       1.108       1.001       1.106       1.209       1.310       1.407    
        1.500       1.587       1.668       1.742       1.809       1.868       1.919       1.962       1.998       2.025    
        2.046       2.059       2.066       2.068       2.064       2.057       2.046       2.032       2.016       2.000    
  42    2.000       2.020       2.039       2.057       2.072       2.085       2.093       2.096       2.094       2.086    
        2.072       2.050       2.021       1.984       1.939       1.886       1.826       1.757       1.681       1.598    
        1.509       1.414       1.315       1.213       1.108       1.001       1.106       1.209       1.310       1.407    
        1.500       1.587       1.668       1.742       1.809       1.868       1.919       1.962       1.998       2.025    
        2.046       2.059       2.066       2.068       2.064       2.057       2.046       2.032       2.016       2.000    
  43    2.000       2.020       2.039       2.057       2.072       2.085       2.093       2.096       2.094       2.086    
        2.072       2.050       2.021       1.984       1.939       1.886       1.826       1.757       1.681       1.598    
        1.509       1.414       1.315       1.213       1.108       1.001       1.106       1.209       1.310       1.407    
        1.500       1.587       1.668       1.742       1.809       1.868       1.919       1.962       1.998       2.025    
        2.046       2.059       2.066       2.068       2.064       2.057       2.046       2.032       2.016       2.000    
  44    2.000       2.020       2.039       2.057       2.072       2.085       2.093       2.096       2.094       2.086    
        2.072       2.050       2.021       1.984       1.939       1.886       1.826       1.757       1.681       1.598    
        1.509       1.414       1.315       1.213       1.108       1.001       1.106       1.209       1.310       1.407    
        1.500       1.587       1.668       1.742       1.809       1.868       1.919       1.962       1.998       2.025    
        2.046       2.059       2.066       2.068       2.064       2.057       2.046       2.032       2.016       2.000    
  45    2.000       2.020       2.039       2.057       2.072       2.085       2.093       2.096       2.094       2.086    
        2.072       2.050       2.021       1.984       1.939       1.886       1.826       1.757       1.681       1.598    
        1.509       1.414       1.315       1.213       1.108       1.001       1.106       1.209       1.310       1.407    
        1.500       1.587       1.668       1.742       1.809       1.868       1.919       1.962       1.998       2.025    
        2.046       2.059       2.066       2.068       2.064       2.057       2.046       2.032       2.016       2.000    
  46    2.000       2.020       2.039       2.057       2.072       2.085       2.093       2.096       2.094       2.086    
        2.072       2.050       2.021       1.984       1.939       1.886       1.826       1.757       1.681       1.598    
        1.509       1.414       1.315       1.213       1.108       1.001       1.106       1.209       1.310       1.407    
        1.500       1.587       1.668       1.742       1.809       1.868       1.919       1.962       1.998       2.025    
        2.046       2.059       2.066       2.068       2.064       2.057       2.046       2.032       2.016       2.000    
  47    2.000       2.020       2.039       2.057       2.072       2.085       2.093       2.096       2.094       2.086    
        2.072       2.050       2.021       1.984       1.939       1.886       1.826       1.757       1.681       1.598    
        1.509       1.414       1.315       1.213       1.108       1.001       1.106       1.209       1.310       1.407    
        1.500       1.587       1.668       1.742       1.809       1.868       1.919       1.962       1.998       2.025    
        2.046       2.059       2.066       2.068       2.064       2.057       2.046       2.032       2.016       2.000    
  48    2.000       2.020       2.039       2.057       2.072       2.085       2.093       2.096       2.094       2.086    
        2.072       2.050       2.021       1.984       1.939       1.886       1.826       1.757       1.681       1.598    
        1.509       1.414       1.315       1.213       1.108       1.001       1.106       1.209       1.310       1.407    
        1.500       1.587       1.668       1.742       1.809       1.868       1.919       1.962       1.998       2.025    
        2.046       2.059       2.066       2.068       2.064       2.057       2.046       2.032       2.016       2.000    
  49    2.000       2.020       2.039       2.057       2.072       2.085       2.093       2.096       2.094       2.086    
        2.072       2.050       2.021       1.984       1.939       1.886       1.826       1.757       1.681       1.598    
        1.509       1.414       1.315       1.213       1.108       1.001       1.106       1.209       1.310       1.407    
        1.500       1.587       1.668       1.742       1.809       1.868       1.919       1.962       1.998       2.025    
        2.046       2.059       2.066       2.068       2.064       2.057       2.046       2.032       2.016       2.000    
  50    2.000       2.020       2.039       2.057       2.072       2.085       2.093       2.096       2.094       2.086    
        2.072       2.050       2.021       1.984       1.939       1.886       1.826       1.757       1.681       1.598    
        1.509       1.414       1.315       1.213       1.108       1.001       1.106       1.209       1.310       1.407    
        1.500       1.587       1.668       1.742       1.809       1.868       1.919       1.962       1.998       2.025    
        2.046       2.059       2.066       2.068       2.064       2.057       2.046       2.032       2.016       2.000    

 HEAD WILL BE SAVED ON UNIT   51 AT END OF TIME STEP    8, STRESS PERIOD    3

 DRAWDOWN WILL BE SAVED ON UNIT   52 AT END OF TIME STEP    8, STRESS PERIOD    3
1
  VOLUMETRIC BUDGET FOR ENTIRE MODEL AT END OF TIME STEP    8, STRESS PERIOD   3
  ------------------------------------------------------------------------------

     CUMULATIVE VOLUMES      L**3       RATES FOR THIS TIME STEP      L**3/T
     ------------------                 ------------------------

           IN:                                      IN:
           ---                                      ---
             STORAGE =        7089.6289               STORAGE =         617.7999
       CONSTANT HEAD =         447.1242         CONSTANT HEAD =           0.0000
       RIVER LEAKAGE =        8975.5117         RIVER LEAKAGE =           0.0000

            TOTAL IN =       16512.2656              TOTAL IN =         617.7999

          OUT:                                     OUT:
          ----                                     ----
             STORAGE =        8596.4561               STORAGE =           0.0000
       CONSTANT HEAD =        1742.6761         CONSTANT HEAD =          91.2670
       RIVER LEAKAGE =        6173.1333         RIVER LEAKAGE =         526.5247

           TOTAL OUT =       16512.2656             TOTAL OUT =         617.7916

            IN - OUT =           0.0000              IN - OUT =       8.3008E-03

 PERCENT DISCREPANCY =           0.00     PERCENT DISCREPANCY =           0.00






         TIME SUMMARY AT END OF TIME STEP    8 IN STRESS PERIOD    3
                    SECONDS     MINUTES      HOURS       DAYS        YEARS
                    -----------------------------------------------------------
   TIME STEP LENGTH  43200.      720.00      12.000     0.50000     1.36893E-03
 STRESS PERIOD TIME 3.45600E+05  5760.0      96.000      4.0000     1.09514E-02
         TOTAL TIME 8.64000E+05  14400.      240.00      10.000     2.73785E-02
1
 
 SOLVING FOR HEAD 

 OUTPUT CONTROL FOR STRESS PERIOD    3   TIME STEP    9
    SAVE HEAD FOR ALL LAYERS
    SAVE DRAWDOWN FOR ALL LAYERS
    SAVE BUDGET
    PRINT HEAD FOR ALL LAYERS
    PRINT BUDGET
 UBDSV1 SAVING "         STORAGE" ON UNIT  53 AT TIME STEP  9, STRESS PERIOD   3
 UBDSV2 SAVING "   CONSTANT HEAD" ON UNIT  53 AT TIME STEP  9, STRESS PERIOD   3
 UBDSV1 SAVING "FLOW RIGHT FACE " ON UNIT  53 AT TIME STEP  9, STRESS PERIOD   3
 UBDSV1 SAVING "FLOW FRONT FACE " ON UNIT  53 AT TIME STEP  9, STRESS PERIOD   3
 UBDSV4 SAVING "   RIVER LEAKAGE" ON UNIT  53 AT TIME STEP  9, STRESS PERIOD   3
1
              HEAD IN LAYER   1 AT END OF TIME STEP   9 IN STRESS PERIOD    3
  ---------------------------------------------------------------------------

            1           2           3           4           5           6           7           8           9          10
           11          12          13          14          15          16          17          18          19          20
           21          22          23          24          25          26          27          28          29          30
           31          32          33          34          35          36          37          38          39          40
           41          42          43          44          45          46          47          48          49          50
 ........................................................................................................................
   1    2.000       2.011       2.021       2.030       2.037       2.041       2.041       2.038       2.029       2.015    
        1.996       1.971       1.939       1.901       1.856       1.805       1.746       1.682       1.612       1.536    
        1.455       1.370       1.281       1.189       1.096       1.001       1.094       1.185       1.275       1.362    
        1.446       1.525       1.599       1.668       1.731       1.787       1.838       1.881       1.918       1.949    
        1.973       1.992       2.006       2.014       2.019       2.020       2.017       2.013       2.007       2.000    
   2    2.000       2.011       2.021       2.030       2.037       2.041       2.041       2.038       2.029       2.015    
        1.996       1.971       1.939       1.901       1.856       1.805       1.746       1.682       1.612       1.536    
        1.455       1.370       1.281       1.189       1.096       1.001       1.094       1.185       1.275       1.362    
        1.446       1.525       1.599       1.668       1.731       1.787       1.838       1.881       1.918       1.949    
        1.973       1.992       2.006       2.014       2.019       2.020       2.017       2.013       2.007       2.000    
   3    2.000       2.011       2.021       2.030       2.037       2.041       2.041       2.038       2.029       2.015    
        1.996       1.971       1.939       1.901       1.856       1.805       1.746       1.682       1.612       1.536    
        1.455       1.370       1.281       1.189       1.096       1.001       1.094       1.185       1.275       1.362    
        1.446       1.525       1.599       1.668       1.731       1.787       1.838       1.881       1.918       1.949    
        1.973       1.992       2.006       2.014       2.019       2.020       2.017       2.013       2.007       2.000    
   4    2.000       2.011       2.021       2.030       2.037       2.041       2.041       2.038       2.029       2.015    
        1.996       1.971       1.939       1.901       1.856       1.805       1.746       1.682       1.612       1.536    
        1.455       1.370       1.281       1.189       1.096       1.001       1.094       1.185       1.275       1.362    
        1.446       1.525       1.599       1.668       1.731       1.787       1.838       1.881       1.918       1.949    
        1.973       1.992       2.006       2.014       2.019       2.020       2.017       2.013       2.007       2.000    
   5    2.000       2.011       2.021       2.030       2.037       2.041       2.041       2.038       2.029       2.015    
        1.996       1.971       1.939       1.901       1.856       1.805       1.746       1.682       1.612       1.536    
        1.455       1.370       1.281       1.189       1.096       1.001       1.094       1.185       1.275       1.362    
        1.446       1.525       1.599       1.668       1.731       1.787       1.838       1.881       1.918       1.949    
        1.973       1.992       2.006       2.014       2.019       2.020       2.017       2.013       2.007       2.000    
   6    2.000       2.011       2.021       2.030       2.037       2.041       2.041       2.038       2.029       2.015    
        1.996       1.971       1.939       1.901       1.856       1.805       1.746       1.682       1.612       1.536    
        1.455       1.370       1.281       1.189       1.096       1.001       1.094       1.185       1.275       1.362    
        1.446       1.525       1.599       1.668       1.731       1.787       1.838       1.881       1.918       1.949    
        1.973       1.992       2.006       2.014       2.019       2.020       2.017       2.013       2.007       2.000    
   7    2.000       2.011       2.021       2.030       2.037       2.041       2.041       2.038       2.029       2.015    
        1.996       1.971       1.939       1.901       1.856       1.805       1.746       1.682       1.612       1.536    
        1.455       1.370       1.281       1.189       1.096       1.001       1.094       1.185       1.275       1.362    
        1.446       1.525       1.599       1.668       1.731       1.787       1.838       1.881       1.918       1.949    
        1.973       1.992       2.006       2.014       2.019       2.020       2.017       2.013       2.007       2.000    
   8    2.000       2.011       2.021       2.030       2.037       2.041       2.041       2.038       2.029       2.015    
        1.996       1.971       1.939       1.901       1.856       1.805       1.746       1.682       1.612       1.536    
        1.455       1.370       1.281       1.189       1.096       1.001       1.094       1.185       1.275       1.362    
        1.446       1.525       1.599       1.668       1.731       1.787       1.838       1.881       1.918       1.949    
        1.973       1.992       2.006       2.014       2.019       2.020       2.017       2.013       2.007       2.000    
   9    2.000       2.011       2.021       2.030       2.037       2.041       2.041       2.038       2.029       2.015    
        1.996       1.971       1.939       1.901       1.856       1.805       1.746       1.682       1.612       1.536    
        1.455       1.370       1.281       1.189       1.096       1.001       1.094       1.185       1.275       1.362    
        1.446       1.525       1.599       1.668       1.731       1.787       1.838       1.881       1.918       1.949    
        1.973       1.992       2.006       2.014       2.019       2.020       2.017       2.013       2.007       2.000    
  10    2.000       2.011       2.021       2.030       2.037       2.041       2.041       2.038       2.029       2.015    
        1.996       1.971       1.939       1.901       1.856       1.805       1.746       1.682       1.612       1.536    
        1.455       1.370       1.281       1.189       1.096       1.001       1.094       1.185       1.275       1.362    
        1.446       1.525       1.599       1.668       1.731       1.787       1.838       1.881       1.918       1.949    
        1.973       1.992       2.006       2.014       2.019       2.020       2.017       2.013       2.007       2.000    
  11    2.000       2.011       2.021       2.030       2.037       2.041       2.041       2.038       2.029       2.015    
        1.996       1.971       1.939       1.901       1.856       1.805       1.746       1.682       1.612       1.536    
        1.455       1.370       1.281       1.189       1.096       1.001       1.094       1.185       1.275       1.362    
        1.446       1.525       1.599       1.668       1.731       1.787       1.838       1.881       1.918       1.949    
        1.973       1.992       2.006       2.014       2.019       2.020       2.017       2.013       2.007       2.000    
  12    2.000       2.011       2.021       2.030       2.037       2.041       2.041       2.038       2.029       2.015    
        1.996       1.971       1.939       1.901       1.856       1.805       1.746       1.682       1.612       1.536    
        1.455       1.370       1.281       1.189       1.096       1.001       1.094       1.185       1.275       1.362    
        1.446       1.525       1.599       1.668       1.731       1.787       1.838       1.881       1.918       1.949    
        1.973       1.992       2.006       2.014       2.019       2.020       2.017       2.013       2.007       2.000    
  13    2.000       2.011       2.021       2.030       2.037       2.041       2.041       2.038       2.029       2.015    
        1.996       1.971       1.939       1.901       1.856       1.805       1.746       1.682       1.612       1.536    
        1.455       1.370       1.281       1.189       1.096       1.001       1.094       1.185       1.275       1.362    
        1.446       1.525       1.599       1.668       1.731       1.787       1.838       1.881       1.918       1.949    
        1.973       1.992       2.006       2.014       2.019       2.020       2.017       2.013       2.007       2.000    
  14    2.000       2.011       2.021       2.030       2.037       2.041       2.041       2.038       2.029       2.015    
        1.996       1.971       1.939       1.901       1.856       1.805       1.746       1.682       1.612       1.536    
        1.455       1.370       1.281       1.189       1.096       1.001       1.094       1.185       1.275       1.362    
        1.446       1.525       1.599       1.668       1.731       1.787       1.838       1.881       1.918       1.949    
        1.973       1.992       2.006       2.014       2.019       2.020       2.017       2.013       2.007       2.000    
  15    2.000       2.011       2.021       2.030       2.037       2.041       2.041       2.038       2.029       2.015    
        1.996       1.971       1.939       1.901       1.856       1.805       1.746       1.682       1.612       1.536    
        1.455       1.370       1.281       1.189       1.096       1.001       1.094       1.185       1.275       1.362    
        1.446       1.525       1.599       1.668       1.731       1.787       1.838       1.881       1.918       1.949    
        1.973       1.992       2.006       2.014       2.019       2.020       2.017       2.013       2.007       2.000    
  16    2.000       2.011       2.021       2.030       2.037       2.041       2.041       2.038       2.029       2.015    
        1.996       1.971       1.939       1.901       1.856       1.805       1.746       1.682       1.612       1.536    
        1.455       1.370       1.281       1.189       1.096       1.001       1.094       1.185       1.275       1.362    
        1.446       1.525       1.599       1.668       1.731       1.787       1.838       1.881       1.918       1.949    
        1.973       1.992       2.006       2.014       2.019       2.020       2.017       2.013       2.007       2.000    
  17    2.000       2.011       2.021       2.030       2.037       2.041       2.041       2.038       2.029       2.015    
        1.996       1.971       1.939       1.901       1.856       1.805       1.746       1.682       1.612       1.536    
        1.455       1.370       1.281       1.189       1.096       1.001       1.094       1.185       1.275       1.362    
        1.446       1.525       1.599       1.668       1.731       1.787       1.838       1.881       1.918       1.949    
        1.973       1.992       2.006       2.014       2.019       2.020       2.017       2.013       2.007       2.000    
  18    2.000       2.011       2.021       2.030       2.037       2.041       2.041       2.038       2.029       2.015    
        1.996       1.971       1.939       1.901       1.856       1.805       1.746       1.682       1.612       1.536    
        1.455       1.370       1.281       1.189       1.096       1.001       1.094       1.185       1.275       1.362    
        1.446       1.525       1.599       1.668       1.731       1.787       1.838       1.881       1.918       1.949    
        1.973       1.992       2.006       2.014       2.019       2.020       2.017       2.013       2.007       2.000    
  19    2.000       2.011       2.021       2.030       2.037       2.041       2.041       2.038       2.029       2.015    
        1.996       1.971       1.939       1.901       1.856       1.805       1.746       1.682       1.612       1.536    
        1.455       1.370       1.281       1.189       1.096       1.001       1.094       1.185       1.275       1.362    
        1.446       1.525       1.599       1.668       1.731       1.787       1.838       1.881       1.918       1.949    
        1.973       1.992       2.006       2.014       2.019       2.020       2.017       2.013       2.007       2.000    
  20    2.000       2.011       2.021       2.030       2.037       2.041       2.041       2.038       2.029       2.015    
        1.996       1.971       1.939       1.901       1.856       1.805       1.746       1.682       1.612       1.536    
        1.455       1.370       1.281       1.189       1.096       1.001       1.094       1.185       1.275       1.362    
        1.446       1.525       1.599       1.668       1.731       1.787       1.838       1.881       1.918       1.949    
        1.973       1.992       2.006       2.014       2.019       2.020       2.017       2.013       2.007       2.000    
  21    2.000       2.011       2.021       2.030       2.037       2.041       2.041       2.038       2.029       2.015    
        1.996       1.971       1.939       1.901       1.856       1.805       1.746       1.682       1.612       1.536    
        1.455       1.370       1.281       1.189       1.096       1.001       1.094       1.185       1.275       1.362    
        1.446       1.525       1.599       1.668       1.731       1.787       1.838       1.881       1.918       1.949    
        1.973       1.992       2.006       2.014       2.019       2.020       2.017       2.013       2.007       2.000    
  22    2.000       2.011       2.021       2.030       2.037       2.041       2.041       2.038       2.029       2.015    
        1.996       1.971       1.939       1.901       1.856       1.805       1.746       1.682       1.612       1.536    
        1.455       1.370       1.281       1.189       1.096       1.001       1.094       1.185       1.275       1.362    
        1.446       1.525       1.599       1.668       1.731       1.787       1.838       1.881       1.918       1.949    
        1.973       1.992       2.006       2.014       2.019       2.020       2.017       2.013       2.007       2.000    
  23    2.000       2.011       2.021       2.030       2.037       2.041       2.041       2.038       2.029       2.015    
        1.996       1.971       1.939       1.901       1.856       1.805       1.746       1.682       1.612       1.536    
        1.455       1.370       1.281       1.189       1.096       1.001       1.094       1.185       1.275       1.362    
        1.446       1.525       1.599       1.668       1.731       1.787       1.838       1.881       1.918       1.949    
        1.973       1.992       2.006       2.014       2.019       2.020       2.017       2.013       2.007       2.000    
  24    2.000       2.011       2.021       2.030       2.037       2.041       2.041       2.038       2.029       2.015    
        1.996       1.971       1.939       1.901       1.856       1.805       1.746       1.682       1.612       1.536    
        1.455       1.370       1.281       1.189       1.096       1.001       1.094       1.185       1.275       1.362    
        1.446       1.525       1.599       1.668       1.731       1.787       1.838       1.881       1.918       1.949    
        1.973       1.992       2.006       2.014       2.019       2.020       2.017       2.013       2.007       2.000    
  25    2.000       2.011       2.021       2.030       2.037       2.041       2.041       2.038       2.029       2.015    
        1.996       1.971       1.939       1.901       1.856       1.805       1.746       1.682       1.612       1.536    
        1.455       1.370       1.281       1.189       1.096       1.001       1.094       1.185       1.275       1.362    
        1.446       1.525       1.599       1.668       1.731       1.787       1.838       1.881       1.918       1.949    
        1.973       1.992       2.006       2.014       2.019       2.020       2.017       2.013       2.007       2.000    
  26    2.000       2.011       2.021       2.030       2.037       2.041       2.041       2.038       2.029       2.015    
        1.996       1.971       1.939       1.901       1.856       1.805       1.746       1.682       1.612       1.536    
        1.455       1.370       1.281       1.189       1.096       1.001       1.094       1.185       1.275       1.362    
        1.446       1.525       1.599       1.668       1.731       1.787       1.838       1.881       1.918       1.949    
        1.973       1.992       2.006       2.014       2.019       2.020       2.017       2.013       2.007       2.000    
  27    2.000       2.011       2.021       2.030       2.037       2.041       2.041       2.038       2.029       2.015    
        1.996       1.971       1.939       1.901       1.856       1.805       1.746       1.682       1.612       1.536    
        1.455       1.370       1.281       1.189       1.096       1.001       1.094       1.185       1.275       1.362    
        1.446       1.525       1.599       1.668       1.731       1.787       1.838       1.881       1.918       1.949    
        1.973       1.992       2.006       2.014       2.019       2.020       2.017       2.013       2.007       2.000    
  28    2.000       2.011       2.021       2.030       2.037       2.041       2.041       2.038       2.029       2.015    
        1.996       1.971       1.939       1.901       1.856       1.805       1.746       1.682       1.612       1.536    
        1.455       1.370       1.281       1.189       1.096       1.001       1.094       1.185       1.275       1.362    
        1.446       1.525       1.599       1.668       1.731       1.787       1.838       1.881       1.918       1.949    
        1.973       1.992       2.006       2.014       2.019       2.020       2.017       2.013       2.007       2.000    
  29    2.000       2.011       2.021       2.030       2.037       2.041       2.041       2.038       2.029       2.015    
        1.996       1.971       1.939       1.901       1.856       1.805       1.746       1.682       1.612       1.536    
        1.455       1.370       1.281       1.189       1.096       1.001       1.094       1.185       1.275       1.362    
        1.446       1.525       1.599       1.668       1.731       1.787       1.838       1.881       1.918       1.949    
        1.973       1.992       2.006       2.014       2.019       2.020       2.017       2.013       2.007       2.000    
  30    2.000       2.011       2.021       2.030       2.037       2.041       2.041       2.038       2.029       2.015    
        1.996       1.971       1.939       1.901       1.856       1.805       1.746       1.682       1.612       1.536    
        1.455       1.370       1.281       1.189       1.096       1.001       1.094       1.185       1.275       1.362    
        1.446       1.525       1.599       1.668       1.731       1.787       1.838       1.881       1.918       1.949    
        1.973       1.992       2.006       2.014       2.019       2.020       2.017       2.013       2.007       2.000    
  31    2.000       2.011       2.021       2.030       2.037       2.041       2.041       2.038       2.029       2.015    
        1.996       1.971       1.939       1.901       1.856       1.805       1.746       1.682       1.612       1.536    
        1.455       1.370       1.281       1.189       1.096       1.001       1.094       1.185       1.275       1.362    
        1.446       1.525       1.599       1.668       1.731       1.787       1.838       1.881       1.918       1.949    
        1.973       1.992       2.006       2.014       2.019       2.020       2.017       2.013       2.007       2.000    
  32    2.000       2.011       2.021       2.030       2.037       2.041       2.041       2.038       2.029       2.015    
        1.996       1.971       1.939       1.901       1.856       1.805       1.746       1.682       1.612       1.536    
        1.455       1.370       1.281       1.189       1.096       1.001       1.094       1.185       1.275       1.362    
        1.446       1.525       1.599       1.668       1.731       1.787       1.838       1.881       1.918       1.949    
        1.973       1.992       2.006       2.014       2.019       2.020       2.017       2.013       2.007       2.000    
  33    2.000       2.011       2.021       2.030       2.037       2.041       2.041       2.038       2.029       2.015    
        1.996       1.971       1.939       1.901       1.856       1.805       1.746       1.682       1.612       1.536    
        1.455       1.370       1.281       1.189       1.096       1.001       1.094       1.185       1.275       1.362    
        1.446       1.525       1.599       1.668       1.731       1.787       1.838       1.881       1.918       1.949    
        1.973       1.992       2.006       2.014       2.019       2.020       2.017       2.013       2.007       2.000    
  34    2.000       2.011       2.021       2.030       2.037       2.041       2.041       2.038       2.029       2.015    
        1.996       1.971       1.939       1.901       1.856       1.805       1.746       1.682       1.612       1.536    
        1.455       1.370       1.281       1.189       1.096       1.001       1.094       1.185       1.275       1.362    
        1.446       1.525       1.599       1.668       1.731       1.787       1.838       1.881       1.918       1.949    
        1.973       1.992       2.006       2.014       2.019       2.020       2.017       2.013       2.007       2.000    
  35    2.000       2.011       2.021       2.030       2.037       2.041       2.041       2.038       2.029       2.015    
        1.996       1.971       1.939       1.901       1.856       1.805       1.746       1.682       1.612       1.536    
        1.455       1.370       1.281       1.189       1.096       1.001       1.094       1.185       1.275       1.362    
        1.446       1.525       1.599       1.668       1.731       1.787       1.838       1.881       1.918       1.949    
        1.973       1.992       2.006       2.014       2.019       2.020       2.017       2.013       2.007       2.000    
  36    2.000       2.011       2.021       2.030       2.037       2.041       2.041       2.038       2.029       2.015    
        1.996       1.971       1.939       1.901       1.856       1.805       1.746       1.682       1.612       1.536    
        1.455       1.370       1.281       1.189       1.096       1.001       1.094       1.185       1.275       1.362    
        1.446       1.525       1.599       1.668       1.731       1.787       1.838       1.881       1.918       1.949    
        1.973       1.992       2.006       2.014       2.019       2.020       2.017       2.013       2.007       2.000    
  37    2.000       2.011       2.021       2.030       2.037       2.041       2.041       2.038       2.029       2.015    
        1.996       1.971       1.939       1.901       1.856       1.805       1.746       1.682       1.612       1.536    
        1.455       1.370       1.281       1.189       1.096       1.001       1.094       1.185       1.275       1.362    
        1.446       1.525       1.599       1.668       1.731       1.787       1.838       1.881       1.918       1.949    
        1.973       1.992       2.006       2.014       2.019       2.020       2.017       2.013       2.007       2.000    
  38    2.000       2.011       2.021       2.030       2.037       2.041       2.041       2.038       2.029       2.015    
        1.996       1.971       1.939       1.901       1.856       1.805       1.746       1.682       1.612       1.536    
        1.455       1.370       1.281       1.189       1.096       1.001       1.094       1.185       1.275       1.362    
        1.446       1.525       1.599       1.668       1.731       1.787       1.838       1.881       1.918       1.949    
        1.973       1.992       2.006       2.014       2.019       2.020       2.017       2.013       2.007       2.000    
  39    2.000       2.011       2.021       2.030       2.037       2.041       2.041       2.038       2.029       2.015    
        1.996       1.971       1.939       1.901       1.856       1.805       1.746       1.682       1.612       1.536    
        1.455       1.370       1.281       1.189       1.096       1.001       1.094       1.185       1.275       1.362    
        1.446       1.525       1.599       1.668       1.731       1.787       1.838       1.881       1.918       1.949    
        1.973       1.992       2.006       2.014       2.019       2.020       2.017       2.013       2.007       2.000    
  40    2.000       2.011       2.021       2.030       2.037       2.041       2.041       2.038       2.029       2.015    
        1.996       1.971       1.939       1.901       1.856       1.805       1.746       1.682       1.612       1.536    
        1.455       1.370       1.281       1.189       1.096       1.001       1.094       1.185       1.275       1.362    
        1.446       1.525       1.599       1.668       1.731       1.787       1.838       1.881       1.918       1.949    
        1.973       1.992       2.006       2.014       2.019       2.020       2.017       2.013       2.007       2.000    
  41    2.000       2.011       2.021       2.030       2.037       2.041       2.041       2.038       2.029       2.015    
        1.996       1.971       1.939       1.901       1.856       1.805       1.746       1.682       1.612       1.536    
        1.455       1.370       1.281       1.189       1.096       1.001       1.094       1.185       1.275       1.362    
        1.446       1.525       1.599       1.668       1.731       1.787       1.838       1.881       1.918       1.949    
        1.973       1.992       2.006       2.014       2.019       2.020       2.017       2.013       2.007       2.000    
  42    2.000       2.011       2.021       2.030       2.037       2.041       2.041       2.038       2.029       2.015    
        1.996       1.971       1.939       1.901       1.856       1.805       1.746       1.682       1.612       1.536    
        1.455       1.370       1.281       1.189       1.096       1.001       1.094       1.185       1.275       1.362    
        1.446       1.525       1.599       1.668       1.731       1.787       1.838       1.881       1.918       1.949    
        1.973       1.992       2.006       2.014       2.019       2.020       2.017       2.013       2.007       2.000    
  43    2.000       2.011       2.021       2.030       2.037       2.041       2.041       2.038       2.029       2.015    
        1.996       1.971       1.939       1.901       1.856       1.805       1.746       1.682       1.612       1.536    
        1.455       1.370       1.281       1.189       1.096       1.001       1.094       1.185       1.275       1.362    
        1.446       1.525       1.599       1.668       1.731       1.787       1.838       1.881       1.918       1.949    
        1.973       1.992       2.006       2.014       2.019       2.020       2.017       2.013       2.007       2.000    
  44    2.000       2.011       2.021       2.030       2.037       2.041       2.041       2.038       2.029       2.015    
        1.996       1.971       1.939       1.901       1.856       1.805       1.746       1.682       1.612       1.536    
        1.455       1.370       1.281       1.189       1.096       1.001       1.094       1.185       1.275       1.362    
        1.446       1.525       1.599       1.668       1.731       1.787       1.838       1.881       1.918       1.949    
        1.973       1.992       2.006       2.014       2.019       2.020       2.017       2.013       2.007       2.000    
  45    2.000       2.011       2.021       2.030       2.037       2.041       2.041       2.038       2.029       2.015    
        1.996       1.971       1.939       1.901       1.856       1.805       1.746       1.682       1.612       1.536    
        1.455       1.370       1.281       1.189       1.096       1.001       1.094       1.185       1.275       1.362    
        1.446       1.525       1.599       1.668       1.731       1.787       1.838       1.881       1.918       1.949    
        1.973       1.992       2.006       2.014       2.019       2.020       2.017       2.013       2.007       2.000    
  46    2.000       2.011       2.021       2.030       2.037       2.041       2.041       2.038       2.029       2.015    
        1.996       1.971       1.939       1.901       1.856       1.805       1.746       1.682       1.612       1.536    
        1.455       1.370       1.281       1.189       1.096       1.001       1.094       1.185       1.275       1.362    
        1.446       1.525       1.599       1.668       1.731       1.787       1.838       1.881       1.918       1.949    
        1.973       1.992       2.006       2.014       2.019       2.020       2.017       2.013       2.007       2.000    
  47    2.000       2.011       2.021       2.030       2.037       2.041       2.041       2.038       2.029       2.015    
        1.996       1.971       1.939       1.901       1.856       1.805       1.746       1.682       1.612       1.536    
        1.455       1.370       1.281       1.189       1.096       1.001       1.094       1.185       1.275       1.362    
        1.446       1.525       1.599       1.668       1.731       1.787       1.838       1.881       1.918       1.949    
        1.973       1.992       2.006       2.014       2.019       2.020       2.017       2.013       2.007       2.000    
  48    2.000       2.011       2.021       2.030       2.037       2.041       2.041       2.038       2.029       2.015    
        1.996       1.971       1.939       1.901       1.856       1.805       1.746       1.682       1.612       1.536    
        1.455       1.370       1.281       1.189       1.096       1.001       1.094       1.185       1.275       1.362    
        1.446       1.525       1.599       1.668       1.731       1.787       1.838       1.881       1.918       1.949    
        1.973       1.992       2.006       2.014       2.019       2.020       2.017       2.013       2.007       2.000    
  49    2.000       2.011       2.021       2.030       2.037       2.041       2.041       2.038       2.029       2.015    
        1.996       1.971       1.939       1.901       1.856       1.805       1.746       1.682       1.612       1.536    
        1.455       1.370       1.281       1.189       1.096       1.001       1.094       1.185       1.275       1.362    
        1.446       1.525       1.599       1.668       1.731       1.787       1.838       1.881       1.918       1.949    
        1.973       1.992       2.006       2.014       2.019       2.020       2.017       2.013       2.007       2.000    
  50    2.000       2.011       2.021       2.030       2.037       2.041       2.041       2.038       2.029       2.015    
        1.996       1.971       1.939       1.901       1.856       1.805       1.746       1.682       1.612       1.536    
        1.455       1.370       1.281       1.189       1.096       1.001       1.094       1.185       1.275       1.362    
        1.446       1.525       1.599       1.668       1.731       1.787       1.838       1.881       1.918       1.949    
        1.973       1.992       2.006       2.014       2.019       2.020       2.017       2.013       2.007       2.000    

 HEAD WILL BE SAVED ON UNIT   51 AT END OF TIME STEP    9, STRESS PERIOD    3

 DRAWDOWN WILL BE SAVED ON UNIT   52 AT END OF TIME STEP    9, STRESS PERIOD    3
1
  VOLUMETRIC BUDGET FOR ENTIRE MODEL AT END OF TIME STEP    9, STRESS PERIOD   3
  ------------------------------------------------------------------------------

     CUMULATIVE VOLUMES      L**3       RATES FOR THIS TIME STEP      L**3/T
     ------------------                 ------------------------

           IN:                                      IN:
           ---                                      ---
             STORAGE =        7345.7798               STORAGE =         512.3018
       CONSTANT HEAD =         447.1242         CONSTANT HEAD =           0.0000
       RIVER LEAKAGE =        8975.5117         RIVER LEAKAGE =           0.0000

            TOTAL IN =       16768.4160              TOTAL IN =         512.3018

          OUT:                                     OUT:
          ----                                     ----
             STORAGE =        8596.4561               STORAGE =           0.0000
       CONSTANT HEAD =        1764.9803         CONSTANT HEAD =          44.6085
       RIVER LEAKAGE =        6406.9824         RIVER LEAKAGE =         467.6982

           TOTAL OUT =       16768.4180             TOTAL OUT =         512.3066

            IN - OUT =      -1.9531E-03              IN - OUT =      -4.8218E-03

 PERCENT DISCREPANCY =          -0.00     PERCENT DISCREPANCY =          -0.00






         TIME SUMMARY AT END OF TIME STEP    9 IN STRESS PERIOD    3
                    SECONDS     MINUTES      HOURS       DAYS        YEARS
                    -----------------------------------------------------------
   TIME STEP LENGTH  43200.      720.00      12.000     0.50000     1.36893E-03
 STRESS PERIOD TIME 3.88800E+05  6480.0      108.00      4.5000     1.23203E-02
         TOTAL TIME 9.07200E+05  15120.      252.00      10.500     2.87474E-02
1
 
 SOLVING FOR HEAD 

 OUTPUT CONTROL FOR STRESS PERIOD    3   TIME STEP   10
    SAVE HEAD FOR ALL LAYERS
    SAVE DRAWDOWN FOR ALL LAYERS
    SAVE BUDGET
    PRINT HEAD FOR ALL LAYERS
    PRINT BUDGET
 UBDSV1 SAVING "         STORAGE" ON UNIT  53 AT TIME STEP 10, STRESS PERIOD   3
 UBDSV2 SAVING "   CONSTANT HEAD" ON UNIT  53 AT TIME STEP 10, STRESS PERIOD   3
 UBDSV1 SAVING "FLOW RIGHT FACE " ON UNIT  53 AT TIME STEP 10, STRESS PERIOD   3
 UBDSV1 SAVING "FLOW FRONT FACE " ON UNIT  53 AT TIME STEP 10, STRESS PERIOD   3
 UBDSV4 SAVING "   RIVER LEAKAGE" ON UNIT  53 AT TIME STEP 10, STRESS PERIOD   3
1
              HEAD IN LAYER   1 AT END OF TIME STEP  10 IN STRESS PERIOD    3
  ---------------------------------------------------------------------------

            1           2           3           4           5           6           7           8           9          10
           11          12          13          14          15          16          17          18          19          20
           21          22          23          24          25          26          27          28          29          30
           31          32          33          34          35          36          37          38          39          40
           41          42          43          44          45          46          47          48          49          50
 ........................................................................................................................
   1    2.000       2.003       2.006       2.007       2.006       2.003       1.997       1.987       1.973       1.955    
        1.932       1.904       1.871       1.832       1.787       1.737       1.682       1.621       1.555       1.485    
        1.411       1.333       1.253       1.170       1.086       1.001       1.084       1.167       1.248       1.327    
        1.403       1.475       1.544       1.608       1.667       1.722       1.770       1.814       1.852       1.885    
        1.913       1.936       1.955       1.969       1.980       1.988       1.993       1.997       1.999       2.000    
   2    2.000       2.003       2.006       2.007       2.006       2.003       1.997       1.987       1.973       1.955    
        1.932       1.904       1.871       1.832       1.787       1.737       1.682       1.621       1.555       1.485    
        1.411       1.333       1.253       1.170       1.086       1.001       1.084       1.167       1.248       1.327    
        1.403       1.475       1.544       1.608       1.667       1.722       1.770       1.814       1.852       1.885    
        1.913       1.936       1.955       1.969       1.980       1.988       1.993       1.997       1.999       2.000    
   3    2.000       2.003       2.006       2.007       2.006       2.003       1.997       1.987       1.973       1.955    
        1.932       1.904       1.871       1.832       1.787       1.737       1.682       1.621       1.555       1.485    
        1.411       1.333       1.253       1.170       1.086       1.001       1.084       1.167       1.248       1.327    
        1.403       1.475       1.544       1.608       1.667       1.722       1.770       1.814       1.852       1.885    
        1.913       1.936       1.955       1.969       1.980       1.988       1.993       1.997       1.999       2.000    
   4    2.000       2.003       2.006       2.007       2.006       2.003       1.997       1.987       1.973       1.955    
        1.932       1.904       1.871       1.832       1.787       1.737       1.682       1.621       1.555       1.485    
        1.411       1.333       1.253       1.170       1.086       1.001       1.084       1.167       1.248       1.327    
        1.403       1.475       1.544       1.608       1.667       1.722       1.770       1.814       1.852       1.885    
        1.913       1.936       1.955       1.969       1.980       1.988       1.993       1.997       1.999       2.000    
   5    2.000       2.003       2.006       2.007       2.006       2.003       1.997       1.987       1.973       1.955    
        1.932       1.904       1.871       1.832       1.787       1.737       1.682       1.621       1.555       1.485    
        1.411       1.333       1.253       1.170       1.086       1.001       1.084       1.167       1.248       1.327    
        1.403       1.475       1.544       1.608       1.667       1.722       1.770       1.814       1.852       1.885    
        1.913       1.936       1.955       1.969       1.980       1.988       1.993       1.997       1.999       2.000    
   6    2.000       2.003       2.006       2.007       2.006       2.003       1.997       1.987       1.973       1.955    
        1.932       1.904       1.871       1.832       1.787       1.737       1.682       1.621       1.555       1.485    
        1.411       1.333       1.253       1.170       1.086       1.001       1.084       1.167       1.248       1.327    
        1.403       1.475       1.544       1.608       1.667       1.722       1.770       1.814       1.852       1.885    
        1.913       1.936       1.955       1.969       1.980       1.988       1.993       1.997       1.999       2.000    
   7    2.000       2.003       2.006       2.007       2.006       2.003       1.997       1.987       1.973       1.955    
        1.932       1.904       1.871       1.832       1.787       1.737       1.682       1.621       1.555       1.485    
        1.411       1.333       1.253       1.170       1.086       1.001       1.084       1.167       1.248       1.327    
        1.403       1.475       1.544       1.608       1.667       1.722       1.770       1.814       1.852       1.885    
        1.913       1.936       1.955       1.969       1.980       1.988       1.993       1.997       1.999       2.000    
   8    2.000       2.003       2.006       2.007       2.006       2.003       1.997       1.987       1.973       1.955    
        1.932       1.904       1.871       1.832       1.787       1.737       1.682       1.621       1.555       1.485    
        1.411       1.333       1.253       1.170       1.086       1.001       1.084       1.167       1.248       1.327    
        1.403       1.475       1.544       1.608       1.667       1.722       1.770       1.814       1.852       1.885    
        1.913       1.936       1.955       1.969       1.980       1.988       1.993       1.997       1.999       2.000    
   9    2.000       2.003       2.006       2.007       2.006       2.003       1.997       1.987       1.973       1.955    
        1.932       1.904       1.871       1.832       1.787       1.737       1.682       1.621       1.555       1.485    
        1.411       1.333       1.253       1.170       1.086       1.001       1.084       1.167       1.248       1.327    
        1.403       1.475       1.544       1.608       1.667       1.722       1.770       1.814       1.852       1.885    
        1.913       1.936       1.955       1.969       1.980       1.988       1.993       1.997       1.999       2.000    
  10    2.000       2.003       2.006       2.007       2.006       2.003       1.997       1.987       1.973       1.955    
        1.932       1.904       1.871       1.832       1.787       1.737       1.682       1.621       1.555       1.485    
        1.411       1.333       1.253       1.170       1.086       1.001       1.084       1.167       1.248       1.327    
        1.403       1.475       1.544       1.608       1.667       1.722       1.770       1.814       1.852       1.885    
        1.913       1.936       1.955       1.969       1.980       1.988       1.993       1.997       1.999       2.000    
  11    2.000       2.003       2.006       2.007       2.006       2.003       1.997       1.987       1.973       1.955    
        1.932       1.904       1.871       1.832       1.787       1.737       1.682       1.621       1.555       1.485    
        1.411       1.333       1.253       1.170       1.086       1.001       1.084       1.167       1.248       1.327    
        1.403       1.475       1.544       1.608       1.667       1.722       1.770       1.814       1.852       1.885    
        1.913       1.936       1.955       1.969       1.980       1.988       1.993       1.997       1.999       2.000    
  12    2.000       2.003       2.006       2.007       2.006       2.003       1.997       1.987       1.973       1.955    
        1.932       1.904       1.871       1.832       1.787       1.737       1.682       1.621       1.555       1.485    
        1.411       1.333       1.253       1.170       1.086       1.001       1.084       1.167       1.248       1.327    
        1.403       1.475       1.544       1.608       1.667       1.722       1.770       1.814       1.852       1.885    
        1.913       1.936       1.955       1.969       1.980       1.988       1.993       1.997       1.999       2.000    
  13    2.000       2.003       2.006       2.007       2.006       2.003       1.997       1.987       1.973       1.955    
        1.932       1.904       1.871       1.832       1.787       1.737       1.682       1.621       1.555       1.485    
        1.411       1.333       1.253       1.170       1.086       1.001       1.084       1.167       1.248       1.327    
        1.403       1.475       1.544       1.608       1.667       1.722       1.770       1.814       1.852       1.885    
        1.913       1.936       1.955       1.969       1.980       1.988       1.993       1.997       1.999       2.000    
  14    2.000       2.003       2.006       2.007       2.006       2.003       1.997       1.987       1.973       1.955    
        1.932       1.904       1.871       1.832       1.787       1.737       1.682       1.621       1.555       1.485    
        1.411       1.333       1.253       1.170       1.086       1.001       1.084       1.167       1.248       1.327    
        1.403       1.475       1.544       1.608       1.667       1.722       1.770       1.814       1.852       1.885    
        1.913       1.936       1.955       1.969       1.980       1.988       1.993       1.997       1.999       2.000    
  15    2.000       2.003       2.006       2.007       2.006       2.003       1.997       1.987       1.973       1.955    
        1.932       1.904       1.871       1.832       1.787       1.737       1.682       1.621       1.555       1.485    
        1.411       1.333       1.253       1.170       1.086       1.001       1.084       1.167       1.248       1.327    
        1.403       1.475       1.544       1.608       1.667       1.722       1.770       1.814       1.852       1.885    
        1.913       1.936       1.955       1.969       1.980       1.988       1.993       1.997       1.999       2.000    
  16    2.000       2.003       2.006       2.007       2.006       2.003       1.997       1.987       1.973       1.955    
        1.932       1.904       1.871       1.832       1.787       1.737       1.682       1.621       1.555       1.485    
        1.411       1.333       1.253       1.170       1.086       1.001       1.084       1.167       1.248       1.327    
        1.403       1.475       1.544       1.608       1.667       1.722       1.770       1.814       1.852       1.885    
        1.913       1.936       1.955       1.969       1.980       1.988       1.993       1.997       1.999       2.000    
  17    2.000       2.003       2.006       2.007       2.006       2.003       1.997       1.987       1.973       1.955    
        1.932       1.904       1.871       1.832       1.787       1.737       1.682       1.621       1.555       1.485    
        1.411       1.333       1.253       1.170       1.086       1.001       1.084       1.167       1.248       1.327    
        1.403       1.475       1.544       1.608       1.667       1.722       1.770       1.814       1.852       1.885    
        1.913       1.936       1.955       1.969       1.980       1.988       1.993       1.997       1.999       2.000    
  18    2.000       2.003       2.006       2.007       2.006       2.003       1.997       1.987       1.973       1.955    
        1.932       1.904       1.871       1.832       1.787       1.737       1.682       1.621       1.555       1.485    
        1.411       1.333       1.253       1.170       1.086       1.001       1.084       1.167       1.248       1.327    
        1.403       1.475       1.544       1.608       1.667       1.722       1.770       1.814       1.852       1.885    
        1.913       1.936       1.955       1.969       1.980       1.988       1.993       1.997       1.999       2.000    
  19    2.000       2.003       2.006       2.007       2.006       2.003       1.997       1.987       1.973       1.955    
        1.932       1.904       1.871       1.832       1.787       1.737       1.682       1.621       1.555       1.485    
        1.411       1.333       1.253       1.170       1.086       1.001       1.084       1.167       1.248       1.327    
        1.403       1.475       1.544       1.608       1.667       1.722       1.770       1.814       1.852       1.885    
        1.913       1.936       1.955       1.969       1.980       1.988       1.993       1.997       1.999       2.000    
  20    2.000       2.003       2.006       2.007       2.006       2.003       1.997       1.987       1.973       1.955    
        1.932       1.904       1.871       1.832       1.787       1.737       1.682       1.621       1.555       1.485    
        1.411       1.333       1.253       1.170       1.086       1.001       1.084       1.167       1.248       1.327    
        1.403       1.475       1.544       1.608       1.667       1.722       1.770       1.814       1.852       1.885    
        1.913       1.936       1.955       1.969       1.980       1.988       1.993       1.997       1.999       2.000    
  21    2.000       2.003       2.006       2.007       2.006       2.003       1.997       1.987       1.973       1.955    
        1.932       1.904       1.871       1.832       1.787       1.737       1.682       1.621       1.555       1.485    
        1.411       1.333       1.253       1.170       1.086       1.001       1.084       1.167       1.248       1.327    
        1.403       1.475       1.544       1.608       1.667       1.722       1.770       1.814       1.852       1.885    
        1.913       1.936       1.955       1.969       1.980       1.988       1.993       1.997       1.999       2.000    
  22    2.000       2.003       2.006       2.007       2.006       2.003       1.997       1.987       1.973       1.955    
        1.932       1.904       1.871       1.832       1.787       1.737       1.682       1.621       1.555       1.485    
        1.411       1.333       1.253       1.170       1.086       1.001       1.084       1.167       1.248       1.327    
        1.403       1.475       1.544       1.608       1.667       1.722       1.770       1.814       1.852       1.885    
        1.913       1.936       1.955       1.969       1.980       1.988       1.993       1.997       1.999       2.000    
  23    2.000       2.003       2.006       2.007       2.006       2.003       1.997       1.987       1.973       1.955    
        1.932       1.904       1.871       1.832       1.787       1.737       1.682       1.621       1.555       1.485    
        1.411       1.333       1.253       1.170       1.086       1.001       1.084       1.167       1.248       1.327    
        1.403       1.475       1.544       1.608       1.667       1.722       1.770       1.814       1.852       1.885    
        1.913       1.936       1.955       1.969       1.980       1.988       1.993       1.997       1.999       2.000    
  24    2.000       2.003       2.006       2.007       2.006       2.003       1.997       1.987       1.973       1.955    
        1.932       1.904       1.871       1.832       1.787       1.737       1.682       1.621       1.555       1.485    
        1.411       1.333       1.253       1.170       1.086       1.001       1.084       1.167       1.248       1.327    
        1.403       1.475       1.544       1.608       1.667       1.722       1.770       1.814       1.852       1.885    
        1.913       1.936       1.955       1.969       1.980       1.988       1.993       1.997       1.999       2.000    
  25    2.000       2.003       2.006       2.007       2.006       2.003       1.997       1.987       1.973       1.955    
        1.932       1.904       1.871       1.832       1.787       1.737       1.682       1.621       1.555       1.485    
        1.411       1.333       1.253       1.170       1.086       1.001       1.084       1.167       1.248       1.327    
        1.403       1.475       1.544       1.608       1.667       1.722       1.770       1.814       1.852       1.885    
        1.913       1.936       1.955       1.969       1.980       1.988       1.993       1.997       1.999       2.000    
  26    2.000       2.003       2.006       2.007       2.006       2.003       1.997       1.987       1.973       1.955    
        1.932       1.904       1.871       1.832       1.787       1.737       1.682       1.621       1.555       1.485    
        1.411       1.333       1.253       1.170       1.086       1.001       1.084       1.167       1.248       1.327    
        1.403       1.475       1.544       1.608       1.667       1.722       1.770       1.814       1.852       1.885    
        1.913       1.936       1.955       1.969       1.980       1.988       1.993       1.997       1.999       2.000    
  27    2.000       2.003       2.006       2.007       2.006       2.003       1.997       1.987       1.973       1.955    
        1.932       1.904       1.871       1.832       1.787       1.737       1.682       1.621       1.555       1.485    
        1.411       1.333       1.253       1.170       1.086       1.001       1.084       1.167       1.248       1.327    
        1.403       1.475       1.544       1.608       1.667       1.722       1.770       1.814       1.852       1.885    
        1.913       1.936       1.955       1.969       1.980       1.988       1.993       1.997       1.999       2.000    
  28    2.000       2.003       2.006       2.007       2.006       2.003       1.997       1.987       1.973       1.955    
        1.932       1.904       1.871       1.832       1.787       1.737       1.682       1.621       1.555       1.485    
        1.411       1.333       1.253       1.170       1.086       1.001       1.084       1.167       1.248       1.327    
        1.403       1.475       1.544       1.608       1.667       1.722       1.770       1.814       1.852       1.885    
        1.913       1.936       1.955       1.969       1.980       1.988       1.993       1.997       1.999       2.000    
  29    2.000       2.003       2.006       2.007       2.006       2.003       1.997       1.987       1.973       1.955    
        1.932       1.904       1.871       1.832       1.787       1.737       1.682       1.621       1.555       1.485    
        1.411       1.333       1.253       1.170       1.086       1.001       1.084       1.167       1.248       1.327    
        1.403       1.475       1.544       1.608       1.667       1.722       1.770       1.814       1.852       1.885    
        1.913       1.936       1.955       1.969       1.980       1.988       1.993       1.997       1.999       2.000    
  30    2.000       2.003       2.006       2.007       2.006       2.003       1.997       1.987       1.973       1.955    
        1.932       1.904       1.871       1.832       1.787       1.737       1.682       1.621       1.555       1.485    
        1.411       1.333       1.253       1.170       1.086       1.001       1.084       1.167       1.248       1.327    
        1.403       1.475       1.544       1.608       1.667       1.722       1.770       1.814       1.852       1.885    
        1.913       1.936       1.955       1.969       1.980       1.988       1.993       1.997       1.999       2.000    
  31    2.000       2.003       2.006       2.007       2.006       2.003       1.997       1.987       1.973       1.955    
        1.932       1.904       1.871       1.832       1.787       1.737       1.682       1.621       1.555       1.485    
        1.411       1.333       1.253       1.170       1.086       1.001       1.084       1.167       1.248       1.327    
        1.403       1.475       1.544       1.608       1.667       1.722       1.770       1.814       1.852       1.885    
        1.913       1.936       1.955       1.969       1.980       1.988       1.993       1.997       1.999       2.000    
  32    2.000       2.003       2.006       2.007       2.006       2.003       1.997       1.987       1.973       1.955    
        1.932       1.904       1.871       1.832       1.787       1.737       1.682       1.621       1.555       1.485    
        1.411       1.333       1.253       1.170       1.086       1.001       1.084       1.167       1.248       1.327    
        1.403       1.475       1.544       1.608       1.667       1.722       1.770       1.814       1.852       1.885    
        1.913       1.936       1.955       1.969       1.980       1.988       1.993       1.997       1.999       2.000    
  33    2.000       2.003       2.006       2.007       2.006       2.003       1.997       1.987       1.973       1.955    
        1.932       1.904       1.871       1.832       1.787       1.737       1.682       1.621       1.555       1.485    
        1.411       1.333       1.253       1.170       1.086       1.001       1.084       1.167       1.248       1.327    
        1.403       1.475       1.544       1.608       1.667       1.722       1.770       1.814       1.852       1.885    
        1.913       1.936       1.955       1.969       1.980       1.988       1.993       1.997       1.999       2.000    
  34    2.000       2.003       2.006       2.007       2.006       2.003       1.997       1.987       1.973       1.955    
        1.932       1.904       1.871       1.832       1.787       1.737       1.682       1.621       1.555       1.485    
        1.411       1.333       1.253       1.170       1.086       1.001       1.084       1.167       1.248       1.327    
        1.403       1.475       1.544       1.608       1.667       1.722       1.770       1.814       1.852       1.885    
        1.913       1.936       1.955       1.969       1.980       1.988       1.993       1.997       1.999       2.000    
  35    2.000       2.003       2.006       2.007       2.006       2.003       1.997       1.987       1.973       1.955    
        1.932       1.904       1.871       1.832       1.787       1.737       1.682       1.621       1.555       1.485    
        1.411       1.333       1.253       1.170       1.086       1.001       1.084       1.167       1.248       1.327    
        1.403       1.475       1.544       1.608       1.667       1.722       1.770       1.814       1.852       1.885    
        1.913       1.936       1.955       1.969       1.980       1.988       1.993       1.997       1.999       2.000    
  36    2.000       2.003       2.006       2.007       2.006       2.003       1.997       1.987       1.973       1.955    
        1.932       1.904       1.871       1.832       1.787       1.737       1.682       1.621       1.555       1.485    
        1.411       1.333       1.253       1.170       1.086       1.001       1.084       1.167       1.248       1.327    
        1.403       1.475       1.544       1.608       1.667       1.722       1.770       1.814       1.852       1.885    
        1.913       1.936       1.955       1.969       1.980       1.988       1.993       1.997       1.999       2.000    
  37    2.000       2.003       2.006       2.007       2.006       2.003       1.997       1.987       1.973       1.955    
        1.932       1.904       1.871       1.832       1.787       1.737       1.682       1.621       1.555       1.485    
        1.411       1.333       1.253       1.170       1.086       1.001       1.084       1.167       1.248       1.327    
        1.403       1.475       1.544       1.608       1.667       1.722       1.770       1.814       1.852       1.885    
        1.913       1.936       1.955       1.969       1.980       1.988       1.993       1.997       1.999       2.000    
  38    2.000       2.003       2.006       2.007       2.006       2.003       1.997       1.987       1.973       1.955    
        1.932       1.904       1.871       1.832       1.787       1.737       1.682       1.621       1.555       1.485    
        1.411       1.333       1.253       1.170       1.086       1.001       1.084       1.167       1.248       1.327    
        1.403       1.475       1.544       1.608       1.667       1.722       1.770       1.814       1.852       1.885    
        1.913       1.936       1.955       1.969       1.980       1.988       1.993       1.997       1.999       2.000    
  39    2.000       2.003       2.006       2.007       2.006       2.003       1.997       1.987       1.973       1.955    
        1.932       1.904       1.871       1.832       1.787       1.737       1.682       1.621       1.555       1.485    
        1.411       1.333       1.253       1.170       1.086       1.001       1.084       1.167       1.248       1.327    
        1.403       1.475       1.544       1.608       1.667       1.722       1.770       1.814       1.852       1.885    
        1.913       1.936       1.955       1.969       1.980       1.988       1.993       1.997       1.999       2.000    
  40    2.000       2.003       2.006       2.007       2.006       2.003       1.997       1.987       1.973       1.955    
        1.932       1.904       1.871       1.832       1.787       1.737       1.682       1.621       1.555       1.485    
        1.411       1.333       1.253       1.170       1.086       1.001       1.084       1.167       1.248       1.327    
        1.403       1.475       1.544       1.608       1.667       1.722       1.770       1.814       1.852       1.885    
        1.913       1.936       1.955       1.969       1.980       1.988       1.993       1.997       1.999       2.000    
  41    2.000       2.003       2.006       2.007       2.006       2.003       1.997       1.987       1.973       1.955    
        1.932       1.904       1.871       1.832       1.787       1.737       1.682       1.621       1.555       1.485    
        1.411       1.333       1.253       1.170       1.086       1.001       1.084       1.167       1.248       1.327    
        1.403       1.475       1.544       1.608       1.667       1.722       1.770       1.814       1.852       1.885    
        1.913       1.936       1.955       1.969       1.980       1.988       1.993       1.997       1.999       2.000    
  42    2.000       2.003       2.006       2.007       2.006       2.003       1.997       1.987       1.973       1.955    
        1.932       1.904       1.871       1.832       1.787       1.737       1.682       1.621       1.555       1.485    
        1.411       1.333       1.253       1.170       1.086       1.001       1.084       1.167       1.248       1.327    
        1.403       1.475       1.544       1.608       1.667       1.722       1.770       1.814       1.852       1.885    
        1.913       1.936       1.955       1.969       1.980       1.988       1.993       1.997       1.999       2.000    
  43    2.000       2.003       2.006       2.007       2.006       2.003       1.997       1.987       1.973       1.955    
        1.932       1.904       1.871       1.832       1.787       1.737       1.682       1.621       1.555       1.485    
        1.411       1.333       1.253       1.170       1.086       1.001       1.084       1.167       1.248       1.327    
        1.403       1.475       1.544       1.608       1.667       1.722       1.770       1.814       1.852       1.885    
        1.913       1.936       1.955       1.969       1.980       1.988       1.993       1.997       1.999       2.000    
  44    2.000       2.003       2.006       2.007       2.006       2.003       1.997       1.987       1.973       1.955    
        1.932       1.904       1.871       1.832       1.787       1.737       1.682       1.621       1.555       1.485    
        1.411       1.333       1.253       1.170       1.086       1.001       1.084       1.167       1.248       1.327    
        1.403       1.475       1.544       1.608       1.667       1.722       1.770       1.814       1.852       1.885    
        1.913       1.936       1.955       1.969       1.980       1.988       1.993       1.997       1.999       2.000    
  45    2.000       2.003       2.006       2.007       2.006       2.003       1.997       1.987       1.973       1.955    
        1.932       1.904       1.871       1.832       1.787       1.737       1.682       1.621       1.555       1.485    
        1.411       1.333       1.253       1.170       1.086       1.001       1.084       1.167       1.248       1.327    
        1.403       1.475       1.544       1.608       1.667       1.722       1.770       1.814       1.852       1.885    
        1.913       1.936       1.955       1.969       1.980       1.988       1.993       1.997       1.999       2.000    
  46    2.000       2.003       2.006       2.007       2.006       2.003       1.997       1.987       1.973       1.955    
        1.932       1.904       1.871       1.832       1.787       1.737       1.682       1.621       1.555       1.485    
        1.411       1.333       1.253       1.170       1.086       1.001       1.084       1.167       1.248       1.327    
        1.403       1.475       1.544       1.608       1.667       1.722       1.770       1.814       1.852       1.885    
        1.913       1.936       1.955       1.969       1.980       1.988       1.993       1.997       1.999       2.000    
  47    2.000       2.003       2.006       2.007       2.006       2.003       1.997       1.987       1.973       1.955    
        1.932       1.904       1.871       1.832       1.787       1.737       1.682       1.621       1.555       1.485    
        1.411       1.333       1.253       1.170       1.086       1.001       1.084       1.167       1.248       1.327    
        1.403       1.475       1.544       1.608       1.667       1.722       1.770       1.814       1.852       1.885    
        1.913       1.936       1.955       1.969       1.980       1.988       1.993       1.997       1.999       2.000    
  48    2.000       2.003       2.006       2.007       2.006       2.003       1.997       1.987       1.973       1.955    
        1.932       1.904       1.871       1.832       1.787       1.737       1.682       1.621       1.555       1.485    
        1.411       1.333       1.253       1.170       1.086       1.001       1.084       1.167       1.248       1.327    
        1.403       1.475       1.544       1.608       1.667       1.722       1.770       1.814       1.852       1.885    
        1.913       1.936       1.955       1.969       1.980       1.988       1.993       1.997       1.999       2.000    
  49    2.000       2.003       2.006       2.007       2.006       2.003       1.997       1.987       1.973       1.955    
        1.932       1.904       1.871       1.832       1.787       1.737       1.682       1.621       1.555       1.485    
        1.411       1.333       1.253       1.170       1.086       1.001       1.084       1.167       1.248       1.327    
        1.403       1.475       1.544       1.608       1.667       1.722       1.770       1.814       1.852       1.885    
        1.913       1.936       1.955       1.969       1.980       1.988       1.993       1.997       1.999       2.000    
  50    2.000       2.003       2.006       2.007       2.006       2.003       1.997       1.987       1.973       1.955    
        1.932       1.904       1.871       1.832       1.787       1.737       1.682       1.621       1.555       1.485    
        1.411       1.333       1.253       1.170       1.086       1.001       1.084       1.167       1.248       1.327    
        1.403       1.475       1.544       1.608       1.667       1.722       1.770       1.814       1.852       1.885    
        1.913       1.936       1.955       1.969       1.980       1.988       1.993       1.997       1.999       2.000    

 HEAD WILL BE SAVED ON UNIT   51 AT END OF TIME STEP   10, STRESS PERIOD    3

 DRAWDOWN WILL BE SAVED ON UNIT   52 AT END OF TIME STEP   10, STRESS PERIOD    3
1
  VOLUMETRIC BUDGET FOR ENTIRE MODEL AT END OF TIME STEP   10, STRESS PERIOD   3
  ------------------------------------------------------------------------------

     CUMULATIVE VOLUMES      L**3       RATES FOR THIS TIME STEP      L**3/T
     ------------------                 ------------------------

           IN:                                      IN:
           ---                                      ---
             STORAGE =        7558.2881               STORAGE =         425.0166
       CONSTANT HEAD =         448.8557         CONSTANT HEAD =           3.4631
       RIVER LEAKAGE =        8975.5117         RIVER LEAKAGE =           0.0000

            TOTAL IN =       16982.6562              TOTAL IN =         428.4797

          OUT:                                     OUT:
          ----                                     ----
             STORAGE =        8596.4561               STORAGE =           0.0000
       CONSTANT HEAD =        1768.8719         CONSTANT HEAD =           7.7833
       RIVER LEAKAGE =        6617.3359         RIVER LEAKAGE =         420.7065

           TOTAL OUT =       16982.6641             TOTAL OUT =         428.4898

            IN - OUT =      -7.8125E-03              IN - OUT =      -1.0071E-02

 PERCENT DISCREPANCY =          -0.00     PERCENT DISCREPANCY =          -0.00






         TIME SUMMARY AT END OF TIME STEP   10 IN STRESS PERIOD    3
                    SECONDS     MINUTES      HOURS       DAYS        YEARS
                    -----------------------------------------------------------
   TIME STEP LENGTH  43200.      720.00      12.000     0.50000     1.36893E-03
 STRESS PERIOD TIME 4.32000E+05  7200.0      120.00      5.0000     1.36893E-02
         TOTAL TIME 9.50400E+05  15840.      264.00      11.000     3.01164E-02
1

 Run end date and time (yyyy/mm/dd hh:mm:ss): 2026/02/09  1:41:47
 Elapsed run time:  0.321 Seconds

